scene_id,datetime,date,year,month,day,dekad,cloud_cover,has_red,has_nir,has_scl
S2B_36SYB_20180302_1_L2A,2018-03-02 08:29:50.118000+00:00,2018-03-02,2018,3,2,1,1.776005,True,True,True
S2B_37SBS_20180302_0_L2A,2018-03-02 08:29:50.118000+00:00,2018-03-02,2018,3,2,1,0.267599,True,True,True
S2B_36SYA_20180302_0_L2A,2018-03-02 08:30:44.234000+00:00,2018-03-02,2018,3,2,1,0.678263,True,True,True
S2B_36SYB_20180302_0_L2A,2018-03-02 08:30:44.234000+00:00,2018-03-02,2018,3,2,1,0.402454,True,True,True
S2B_37SBS_20180302_1_L2A,2018-03-02 08:30:44.234000+00:00,2018-03-02,2018,3,2,1,0.383091,True,True,True
S2B_36SYA_20180312_0_L2A,2018-03-12 08:29:03.369000+00:00,2018-03-12,2018,3,12,2,8.008368,True,True,True
S2B_36SYB_20180312_0_L2A,2018-03-12 08:29:03.369000+00:00,2018-03-12,2018,3,12,2,17.305105,True,True,True
S2B_37SBS_20180312_0_L2A,2018-03-12 08:29:03.369000+00:00,2018-03-12,2018,3,12,2,0.797135,True,True,True
S2B_37SBS_20180312_1_L2A,2018-03-12 08:30:48.352000+00:00,2018-03-12,2018,3,12,2,0.955595,True,True,True
S2B_36SYB_20180312_1_L2A,2018-03-12 08:30:50.850000+00:00,2018-03-12,2018,3,12,2,22.66227,True,True,True
S2B_36SYA_20180312_1_L2A,2018-03-12 08:31:05.460000+00:00,2018-03-12,2018,3,12,2,8.603624,True,True,True
S2A_36SYA_20180327_0_L2A,2018-03-27 08:23:21.611000+00:00,2018-03-27,2018,3,27,3,15.435921,True,True,True
S2A_36SYB_20180327_0_L2A,2018-03-27 08:23:21.611000+00:00,2018-03-27,2018,3,27,3,2.27332,True,True,True
S2A_37SBS_20180327_0_L2A,2018-03-27 08:23:21.611000+00:00,2018-03-27,2018,3,27,3,1.941399,True,True,True
S2B_36SYA_20180401_0_L2A,2018-04-01 08:26:34.424000+00:00,2018-04-01,2018,4,1,1,57.089737,True,True,True
S2B_36SYB_20180401_0_L2A,2018-04-01 08:26:34.424000+00:00,2018-04-01,2018,4,1,1,56.938006,True,True,True
S2B_37SBS_20180401_0_L2A,2018-04-01 08:26:34.424000+00:00,2018-04-01,2018,4,1,1,46.554039,True,True,True
S2A_36SYA_20180406_0_L2A,2018-04-06 08:16:03.461000+00:00,2018-04-06,2018,4,6,1,2.118676,True,True,True
S2A_36SYB_20180406_0_L2A,2018-04-06 08:16:03.461000+00:00,2018-04-06,2018,4,6,1,0.987233,True,True,True
S2A_37SBS_20180406_0_L2A,2018-04-06 08:16:03.461000+00:00,2018-04-06,2018,4,6,1,0.873874,True,True,True
S2B_36SYA_20180411_0_L2A,2018-04-11 08:28:41.700000+00:00,2018-04-11,2018,4,11,2,64.800379,True,True,True
S2B_36SYB_20180411_0_L2A,2018-04-11 08:28:41.700000+00:00,2018-04-11,2018,4,11,2,70.420256,True,True,True
S2B_37SBS_20180411_0_L2A,2018-04-11 08:28:41.700000+00:00,2018-04-11,2018,4,11,2,47.667669,True,True,True
S2A_36SYA_20180416_0_L2A,2018-04-16 08:28:27.665000+00:00,2018-04-16,2018,4,16,2,2.053318,True,True,True
S2A_36SYB_20180416_0_L2A,2018-04-16 08:28:27.665000+00:00,2018-04-16,2018,4,16,2,0.969678,True,True,True
S2A_37SBS_20180416_0_L2A,2018-04-16 08:28:27.665000+00:00,2018-04-16,2018,4,16,2,0.906863,True,True,True
S2B_36SYA_20180421_0_L2A,2018-04-21 08:22:23.881000+00:00,2018-04-21,2018,4,21,3,91.305043,True,True,True
S2B_36SYB_20180421_0_L2A,2018-04-21 08:22:23.881000+00:00,2018-04-21,2018,4,21,3,56.467771,True,True,True
S2B_37SBS_20180421_0_L2A,2018-04-21 08:22:23.881000+00:00,2018-04-21,2018,4,21,3,34.690868,True,True,True
S2A_36SYA_20180426_0_L2A,2018-04-26 08:30:34.818000+00:00,2018-04-26,2018,4,26,3,59.464359,True,True,True
S2A_36SYB_20180426_0_L2A,2018-04-26 08:30:34.818000+00:00,2018-04-26,2018,4,26,3,59.020756,True,True,True
S2A_37SBS_20180426_0_L2A,2018-04-26 08:30:34.818000+00:00,2018-04-26,2018,4,26,3,82.371924,True,True,True
S2B_36SYA_20180501_0_L2A,2018-05-01 08:28:17.447000+00:00,2018-05-01,2018,5,1,1,27.305706,True,True,True
S2B_36SYB_20180501_0_L2A,2018-05-01 08:28:17.447000+00:00,2018-05-01,2018,5,1,1,7.360729,True,True,True
S2B_37SBS_20180501_0_L2A,2018-05-01 08:28:17.447000+00:00,2018-05-01,2018,5,1,1,50.383905,True,True,True
S2A_36SYA_20180506_0_L2A,2018-05-06 08:16:05.457000+00:00,2018-05-06,2018,5,6,1,100.0,True,True,True
S2A_36SYB_20180506_0_L2A,2018-05-06 08:16:05.457000+00:00,2018-05-06,2018,5,6,1,99.874072,True,True,True
S2A_37SBS_20180506_0_L2A,2018-05-06 08:16:05.457000+00:00,2018-05-06,2018,5,6,1,99.939706,True,True,True
S2B_36SYA_20180511_0_L2A,2018-05-11 08:25:09.837000+00:00,2018-05-11,2018,5,11,2,1.787589,True,True,True
S2B_36SYB_20180511_0_L2A,2018-05-11 08:25:09.837000+00:00,2018-05-11,2018,5,11,2,1.429325,True,True,True
S2B_37SBS_20180511_0_L2A,2018-05-11 08:25:09.837000+00:00,2018-05-11,2018,5,11,2,0.630443,True,True,True
S2A_36SYA_20180516_0_L2A,2018-05-16 08:26:04.347000+00:00,2018-05-16,2018,5,16,2,4.599122,True,True,True
S2A_36SYB_20180516_0_L2A,2018-05-16 08:26:04.347000+00:00,2018-05-16,2018,5,16,2,0.876862,True,True,True
S2A_37SBS_20180516_0_L2A,2018-05-16 08:26:04.347000+00:00,2018-05-16,2018,5,16,2,1.248346,True,True,True
S2B_36SYA_20180521_0_L2A,2018-05-21 08:22:44.531000+00:00,2018-05-21,2018,5,21,3,5.242892,True,True,True
S2B_36SYB_20180521_0_L2A,2018-05-21 08:22:44.531000+00:00,2018-05-21,2018,5,21,3,0.838371,True,True,True
S2B_37SBS_20180521_0_L2A,2018-05-21 08:22:44.531000+00:00,2018-05-21,2018,5,21,3,0.688064,True,True,True
S2A_36SYA_20180526_0_L2A,2018-05-26 08:19:19.284000+00:00,2018-05-26,2018,5,26,3,10.271542,True,True,True
S2A_36SYB_20180526_0_L2A,2018-05-26 08:19:19.284000+00:00,2018-05-26,2018,5,26,3,3.488661,True,True,True
S2A_37SBS_20180526_0_L2A,2018-05-26 08:19:19.284000+00:00,2018-05-26,2018,5,26,3,9.869171,True,True,True
S2B_36SYA_20180531_0_L2A,2018-05-31 08:20:33.648000+00:00,2018-05-31,2018,5,31,3,36.907356,True,True,True
S2B_36SYB_20180531_0_L2A,2018-05-31 08:20:33.648000+00:00,2018-05-31,2018,5,31,3,40.932411,True,True,True
S2B_37SBS_20180531_0_L2A,2018-05-31 08:20:33.648000+00:00,2018-05-31,2018,5,31,3,29.399542,True,True,True
S2B_37SBS_20180531_1_L2A,2018-05-31 08:30:53.489000+00:00,2018-05-31,2018,5,31,3,38.403973,True,True,True
S2B_36SYB_20180531_1_L2A,2018-05-31 08:30:55.985000+00:00,2018-05-31,2018,5,31,3,50.054848,True,True,True
S2B_36SYA_20180531_1_L2A,2018-05-31 08:31:10.597000+00:00,2018-05-31,2018,5,31,3,46.449304,True,True,True
S2A_36SYA_20180605_0_L2A,2018-06-05 08:17:30.048000+00:00,2018-06-05,2018,6,5,1,5.362043,True,True,True
S2A_36SYB_20180605_0_L2A,2018-06-05 08:17:30.048000+00:00,2018-06-05,2018,6,5,1,6.29549,True,True,True
S2A_37SBS_20180605_0_L2A,2018-06-05 08:17:30.048000+00:00,2018-06-05,2018,6,5,1,5.6646,True,True,True
S2B_36SYA_20180610_0_L2A,2018-06-10 08:21:17.948000+00:00,2018-06-10,2018,6,10,1,2.457626,True,True,True
S2B_36SYB_20180610_0_L2A,2018-06-10 08:21:17.948000+00:00,2018-06-10,2018,6,10,1,0.864008,True,True,True
S2B_37SBS_20180610_0_L2A,2018-06-10 08:21:17.948000+00:00,2018-06-10,2018,6,10,1,1.188276,True,True,True
S2B_37SBS_20180610_1_L2A,2018-06-10 08:30:54.757000+00:00,2018-06-10,2018,6,10,1,0.003008,True,True,True
S2B_36SYB_20180610_1_L2A,2018-06-10 08:30:57.256000+00:00,2018-06-10,2018,6,10,1,0.011118,True,True,True
S2B_36SYA_20180610_1_L2A,2018-06-10 08:31:11.869000+00:00,2018-06-10,2018,6,10,1,0.020229,True,True,True
S2A_36SYA_20180615_0_L2A,2018-06-15 08:26:48.251000+00:00,2018-06-15,2018,6,15,2,3.108424,True,True,True
S2A_36SYB_20180615_0_L2A,2018-06-15 08:26:48.251000+00:00,2018-06-15,2018,6,15,2,1.103915,True,True,True
S2A_37SBS_20180615_0_L2A,2018-06-15 08:26:48.251000+00:00,2018-06-15,2018,6,15,2,1.70911,True,True,True
S2A_37SBS_20180615_1_L2A,2018-06-15 08:30:55.987000+00:00,2018-06-15,2018,6,15,2,0.003694,True,True,True
S2A_36SYB_20180615_1_L2A,2018-06-15 08:30:58.492000+00:00,2018-06-15,2018,6,15,2,0.120467,True,True,True
S2A_36SYA_20180615_1_L2A,2018-06-15 08:31:13.113000+00:00,2018-06-15,2018,6,15,2,0.008298,True,True,True
S2B_36SYA_20180620_0_L2A,2018-06-20 08:23:14.007000+00:00,2018-06-20,2018,6,20,2,2.875996,True,True,True
S2B_36SYB_20180620_0_L2A,2018-06-20 08:23:14.007000+00:00,2018-06-20,2018,6,20,2,2.790376,True,True,True
S2B_37SBS_20180620_0_L2A,2018-06-20 08:23:14.007000+00:00,2018-06-20,2018,6,20,2,1.816025,True,True,True
S2B_37SBS_20180620_1_L2A,2018-06-20 08:30:55.514000+00:00,2018-06-20,2018,6,20,2,0.323059,True,True,True
S2B_36SYB_20180620_1_L2A,2018-06-20 08:30:58.022000+00:00,2018-06-20,2018,6,20,2,3.024718,True,True,True
S2B_36SYA_20180620_1_L2A,2018-06-20 08:31:12.638000+00:00,2018-06-20,2018,6,20,2,0.362607,True,True,True
S2A_36SYA_20180625_0_L2A,2018-06-25 08:21:49.810000+00:00,2018-06-25,2018,6,25,3,3.599009,True,True,True
S2A_36SYB_20180625_0_L2A,2018-06-25 08:21:49.810000+00:00,2018-06-25,2018,6,25,3,3.505652,True,True,True
S2A_37SBS_20180625_0_L2A,2018-06-25 08:21:49.810000+00:00,2018-06-25,2018,6,25,3,2.755293,True,True,True
S2B_36SYA_20180630_0_L2A,2018-06-30 08:27:37.757000+00:00,2018-06-30,2018,6,30,3,11.990727,True,True,True
S2B_36SYB_20180630_0_L2A,2018-06-30 08:27:37.757000+00:00,2018-06-30,2018,6,30,3,30.943337,True,True,True
S2B_37SBS_20180630_0_L2A,2018-06-30 08:27:37.757000+00:00,2018-06-30,2018,6,30,3,4.869304,True,True,True
S2B_37SBS_20180630_1_L2A,2018-06-30 08:30:55.786000+00:00,2018-06-30,2018,6,30,3,4.592371,True,True,True
S2B_36SYB_20180630_1_L2A,2018-06-30 08:30:58.297000+00:00,2018-06-30,2018,6,30,3,37.680361,True,True,True
S2B_36SYA_20180630_1_L2A,2018-06-30 08:31:12.912000+00:00,2018-06-30,2018,6,30,3,13.424952,True,True,True
S2A_36SYA_20180705_0_L2A,2018-07-05 08:21:32.765000+00:00,2018-07-05,2018,7,5,1,3.288818,True,True,True
S2A_36SYB_20180705_0_L2A,2018-07-05 08:21:32.765000+00:00,2018-07-05,2018,7,5,1,1.612377,True,True,True
S2A_37SBS_20180705_0_L2A,2018-07-05 08:21:32.765000+00:00,2018-07-05,2018,7,5,1,2.652991,True,True,True
S2A_37SBS_20180705_1_L2A,2018-07-05 08:30:57.782000+00:00,2018-07-05,2018,7,5,1,0.006342,True,True,True
S2A_36SYB_20180705_1_L2A,2018-07-05 08:31:00.299000+00:00,2018-07-05,2018,7,5,1,1.094711,True,True,True
S2A_36SYA_20180705_1_L2A,2018-07-05 08:31:14.923000+00:00,2018-07-05,2018,7,5,1,0.055889,True,True,True
S2B_36SYA_20180710_0_L2A,2018-07-10 08:28:10.229000+00:00,2018-07-10,2018,7,10,1,2.731842,True,True,True
S2B_36SYB_20180710_0_L2A,2018-07-10 08:28:10.229000+00:00,2018-07-10,2018,7,10,1,1.277325,True,True,True
S2B_37SBS_20180710_0_L2A,2018-07-10 08:28:10.229000+00:00,2018-07-10,2018,7,10,1,1.825655,True,True,True
S2A_36SYA_20180715_0_L2A,2018-07-15 08:27:47.975000+00:00,2018-07-15,2018,7,15,2,3.508674,True,True,True
S2A_36SYB_20180715_0_L2A,2018-07-15 08:27:47.975000+00:00,2018-07-15,2018,7,15,2,4.214963,True,True,True
S2A_37SBS_20180715_0_L2A,2018-07-15 08:27:47.975000+00:00,2018-07-15,2018,7,15,2,2.577622,True,True,True
S2B_36SYA_20180720_0_L2A,2018-07-20 08:20:41.865000+00:00,2018-07-20,2018,7,20,2,4.988713,True,True,True
S2B_36SYB_20180720_0_L2A,2018-07-20 08:20:41.865000+00:00,2018-07-20,2018,7,20,2,10.854655,True,True,True
S2B_37SBS_20180720_0_L2A,2018-07-20 08:20:41.865000+00:00,2018-07-20,2018,7,20,2,4.018914,True,True,True
S2A_36SYA_20180725_0_L2A,2018-07-25 08:29:39.817000+00:00,2018-07-25,2018,7,25,3,2.775382,True,True,True
S2A_36SYB_20180725_0_L2A,2018-07-25 08:29:39.817000+00:00,2018-07-25,2018,7,25,3,0.952547,True,True,True
S2A_37SBS_20180725_0_L2A,2018-07-25 08:29:39.817000+00:00,2018-07-25,2018,7,25,3,2.503974,True,True,True
S2A_37SBS_20180725_1_L2A,2018-07-25 08:30:57.729000+00:00,2018-07-25,2018,7,25,3,0.000339,True,True,True
S2A_36SYB_20180725_1_L2A,2018-07-25 08:31:00.252000+00:00,2018-07-25,2018,7,25,3,0.002561,True,True,True
S2A_36SYA_20180725_1_L2A,2018-07-25 08:31:14.869000+00:00,2018-07-25,2018,7,25,3,0.007853,True,True,True
S2B_36SYA_20180730_0_L2A,2018-07-30 08:27:32.155000+00:00,2018-07-30,2018,7,30,3,4.500334,True,True,True
S2B_36SYB_20180730_0_L2A,2018-07-30 08:27:32.155000+00:00,2018-07-30,2018,7,30,3,23.664058,True,True,True
S2B_37SBS_20180730_0_L2A,2018-07-30 08:27:32.155000+00:00,2018-07-30,2018,7,30,3,6.61664,True,True,True
S2A_36SYA_20180804_0_L2A,2018-08-04 08:24:39.367000+00:00,2018-08-04,2018,8,4,1,6.860565,True,True,True
S2A_36SYB_20180804_0_L2A,2018-08-04 08:24:39.367000+00:00,2018-08-04,2018,8,4,1,26.006263,True,True,True
S2A_37SBS_20180804_0_L2A,2018-08-04 08:24:39.367000+00:00,2018-08-04,2018,8,4,1,8.79541,True,True,True
S2A_37SBS_20180804_1_L2A,2018-08-04 08:30:57.011000+00:00,2018-08-04,2018,8,4,1,8.746722,True,True,True
S2A_36SYB_20180804_1_L2A,2018-08-04 08:30:59.534000+00:00,2018-08-04,2018,8,4,1,34.197924,True,True,True
S2A_36SYA_20180804_1_L2A,2018-08-04 08:31:14.159000+00:00,2018-08-04,2018,8,4,1,5.860939,True,True,True
S2B_36SYA_20180809_0_L2A,2018-08-09 08:28:32.480000+00:00,2018-08-09,2018,8,9,1,3.271196,True,True,True
S2B_36SYB_20180809_0_L2A,2018-08-09 08:28:32.480000+00:00,2018-08-09,2018,8,9,1,4.965453,True,True,True
S2B_37SBS_20180809_0_L2A,2018-08-09 08:28:32.480000+00:00,2018-08-09,2018,8,9,1,1.652556,True,True,True
S2B_37SBS_20180809_1_L2A,2018-08-09 08:30:52.135000+00:00,2018-08-09,2018,8,9,1,0.233581,True,True,True
S2B_36SYB_20180809_1_L2A,2018-08-09 08:30:54.634000+00:00,2018-08-09,2018,8,9,1,6.663129,True,True,True
S2B_36SYA_20180809_1_L2A,2018-08-09 08:31:09.245000+00:00,2018-08-09,2018,8,9,1,0.888458,True,True,True
S2A_36SYA_20180814_0_L2A,2018-08-14 08:29:55.859000+00:00,2018-08-14,2018,8,14,2,13.2434,True,True,True
S2A_36SYB_20180814_0_L2A,2018-08-14 08:29:55.859000+00:00,2018-08-14,2018,8,14,2,18.674676,True,True,True
S2A_37SBS_20180814_0_L2A,2018-08-14 08:29:55.859000+00:00,2018-08-14,2018,8,14,2,13.055863,True,True,True
S2A_37SBS_20180814_1_L2A,2018-08-14 08:30:56.111000+00:00,2018-08-14,2018,8,14,2,16.377413,True,True,True
S2A_36SYB_20180814_1_L2A,2018-08-14 08:30:58.636000+00:00,2018-08-14,2018,8,14,2,27.132285,True,True,True
S2A_36SYA_20180814_1_L2A,2018-08-14 08:31:13.253000+00:00,2018-08-14,2018,8,14,2,14.66689,True,True,True
S2B_36SYA_20180819_0_L2A,2018-08-19 08:21:21.163000+00:00,2018-08-19,2018,8,19,2,4.667635,True,True,True
S2B_36SYB_20180819_0_L2A,2018-08-19 08:21:21.163000+00:00,2018-08-19,2018,8,19,2,7.747247,True,True,True
S2B_37SBS_20180819_0_L2A,2018-08-19 08:21:21.163000+00:00,2018-08-19,2018,8,19,2,1.960357,True,True,True
S2B_37SBS_20180819_1_L2A,2018-08-19 08:30:50.098000+00:00,2018-08-19,2018,8,19,2,0.408677,True,True,True
S2B_36SYB_20180819_1_L2A,2018-08-19 08:30:52.595000+00:00,2018-08-19,2018,8,19,2,11.564793,True,True,True
S2B_36SYA_20180819_1_L2A,2018-08-19 08:31:07.212000+00:00,2018-08-19,2018,8,19,2,2.974094,True,True,True
S2A_36SYA_20180824_0_L2A,2018-08-24 08:29:48.637000+00:00,2018-08-24,2018,8,24,3,2.905813,True,True,True
S2A_36SYB_20180824_0_L2A,2018-08-24 08:29:48.637000+00:00,2018-08-24,2018,8,24,3,1.092724,True,True,True
S2A_37SBS_20180824_0_L2A,2018-08-24 08:29:48.637000+00:00,2018-08-24,2018,8,24,3,2.104075,True,True,True
S2A_37SBS_20180824_1_L2A,2018-08-24 08:30:55.656000+00:00,2018-08-24,2018,8,24,3,7e-06,True,True,True
S2A_36SYB_20180824_1_L2A,2018-08-24 08:30:58.185000+00:00,2018-08-24,2018,8,24,3,0.08932,True,True,True
S2A_36SYA_20180824_1_L2A,2018-08-24 08:31:12.802000+00:00,2018-08-24,2018,8,24,3,0.003122,True,True,True
S2B_36SYA_20180829_0_L2A,2018-08-29 08:22:11.949000+00:00,2018-08-29,2018,8,29,3,2.417251,True,True,True
S2B_36SYB_20180829_0_L2A,2018-08-29 08:22:11.949000+00:00,2018-08-29,2018,8,29,3,1.069645,True,True,True
S2B_37SBS_20180829_0_L2A,2018-08-29 08:22:11.949000+00:00,2018-08-29,2018,8,29,3,1.493463,True,True,True
S2B_37SBS_20180829_1_L2A,2018-08-29 08:30:47.643000+00:00,2018-08-29,2018,8,29,3,0.0,True,True,True
S2B_36SYB_20180829_1_L2A,2018-08-29 08:30:50.133000+00:00,2018-08-29,2018,8,29,3,0.459,True,True,True
S2B_36SYA_20180829_1_L2A,2018-08-29 08:31:04.745000+00:00,2018-08-29,2018,8,29,3,0.001506,True,True,True
S2A_36SYA_20180903_0_L2A,2018-09-03 08:23:50.474000+00:00,2018-09-03,2018,9,3,1,2.501617,True,True,True
S2A_36SYB_20180903_0_L2A,2018-09-03 08:23:50.474000+00:00,2018-09-03,2018,9,3,1,1.27186,True,True,True
S2A_37SBS_20180903_0_L2A,2018-09-03 08:23:50.474000+00:00,2018-09-03,2018,9,3,1,2.059904,True,True,True
S2A_37SBS_20180903_1_L2A,2018-09-03 08:30:54.656000+00:00,2018-09-03,2018,9,3,1,0.000354,True,True,True
S2A_36SYB_20180903_1_L2A,2018-09-03 08:30:57.192000+00:00,2018-09-03,2018,9,3,1,0.618704,True,True,True
S2A_36SYA_20180903_1_L2A,2018-09-03 08:31:11.813000+00:00,2018-09-03,2018,9,3,1,0.00507,True,True,True
S2B_36SYA_20180908_0_L2A,2018-09-08 08:24:29.373000+00:00,2018-09-08,2018,9,8,1,60.988029,True,True,True
S2B_36SYB_20180908_0_L2A,2018-09-08 08:24:29.373000+00:00,2018-09-08,2018,9,8,1,33.118467,True,True,True
S2B_37SBS_20180908_0_L2A,2018-09-08 08:24:29.373000+00:00,2018-09-08,2018,9,8,1,26.750065,True,True,True
S2B_37SBS_20180908_1_L2A,2018-09-08 08:30:47.783000+00:00,2018-09-08,2018,9,8,1,33.291051,True,True,True
S2B_36SYB_20180908_1_L2A,2018-09-08 08:30:50.289000+00:00,2018-09-08,2018,9,8,1,41.496161,True,True,True
S2B_36SYA_20180908_1_L2A,2018-09-08 08:31:04.911000+00:00,2018-09-08,2018,9,8,1,69.270229,True,True,True
S2A_36SYA_20180913_0_L2A,2018-09-13 08:27:53.794000+00:00,2018-09-13,2018,9,13,2,18.4982,True,True,True
S2A_36SYB_20180913_0_L2A,2018-09-13 08:27:53.794000+00:00,2018-09-13,2018,9,13,2,43.515402,True,True,True
S2A_37SBS_20180913_0_L2A,2018-09-13 08:27:53.794000+00:00,2018-09-13,2018,9,13,2,10.794578,True,True,True
S2B_36SYA_20180918_0_L2A,2018-09-18 08:22:12.667000+00:00,2018-09-18,2018,9,18,2,2.275228,True,True,True
S2B_36SYB_20180918_0_L2A,2018-09-18 08:22:12.667000+00:00,2018-09-18,2018,9,18,2,3.524557,True,True,True
S2B_37SBS_20180918_0_L2A,2018-09-18 08:22:12.667000+00:00,2018-09-18,2018,9,18,2,1.206598,True,True,True
S2A_36SYA_20180923_0_L2A,2018-09-23 08:30:23.640000+00:00,2018-09-23,2018,9,23,3,2.399584,True,True,True
S2A_36SYB_20180923_0_L2A,2018-09-23 08:30:23.640000+00:00,2018-09-23,2018,9,23,3,1.162246,True,True,True
S2A_37SBS_20180923_0_L2A,2018-09-23 08:30:23.640000+00:00,2018-09-23,2018,9,23,3,1.793893,True,True,True
S2B_36SYA_20180928_0_L2A,2018-09-28 08:27:50.032000+00:00,2018-09-28,2018,9,28,3,2.248486,True,True,True
S2B_36SYB_20180928_0_L2A,2018-09-28 08:27:50.032000+00:00,2018-09-28,2018,9,28,3,0.86812,True,True,True
S2B_37SBS_20180928_0_L2A,2018-09-28 08:27:50.032000+00:00,2018-09-28,2018,9,28,3,1.176092,True,True,True
S2B_37SBS_20180928_1_L2A,2018-09-28 08:30:51.116000+00:00,2018-09-28,2018,9,28,3,9.3e-05,True,True,True
S2B_36SYB_20180928_1_L2A,2018-09-28 08:30:53.626000+00:00,2018-09-28,2018,9,28,3,0.003533,True,True,True
S2B_36SYA_20180928_1_L2A,2018-09-28 08:31:08.245000+00:00,2018-09-28,2018,9,28,3,0.007395,True,True,True
S2A_36SYA_20181003_0_L2A,2018-10-03 08:27:18.484000+00:00,2018-10-03,2018,10,3,1,3.28699,True,True,True
S2A_36SYB_20181003_0_L2A,2018-10-03 08:27:18.484000+00:00,2018-10-03,2018,10,3,1,0.874689,True,True,True
S2A_37SBS_20181003_0_L2A,2018-10-03 08:27:18.484000+00:00,2018-10-03,2018,10,3,1,1.397193,True,True,True
S2A_37SBS_20181003_1_L2A,2018-10-03 08:30:53.245000+00:00,2018-10-03,2018,10,3,1,0.002275,True,True,True
S2A_36SYB_20181003_1_L2A,2018-10-03 08:30:55.775000+00:00,2018-10-03,2018,10,3,1,0.453197,True,True,True
S2A_36SYA_20181003_1_L2A,2018-10-03 08:31:10.397000+00:00,2018-10-03,2018,10,3,1,5.258138,True,True,True
S2B_36SYA_20181008_0_L2A,2018-10-08 08:29:19.072000+00:00,2018-10-08,2018,10,8,1,18.428353,True,True,True
S2B_36SYB_20181008_0_L2A,2018-10-08 08:29:19.072000+00:00,2018-10-08,2018,10,8,1,48.28596,True,True,True
S2B_37SBS_20181008_0_L2A,2018-10-08 08:29:19.072000+00:00,2018-10-08,2018,10,8,1,8.367392,True,True,True
S2A_36SYA_20181013_0_L2A,2018-10-13 08:22:39.531000+00:00,2018-10-13,2018,10,13,2,1.061695,True,True,True
S2A_36SYB_20181013_0_L2A,2018-10-13 08:22:39.531000+00:00,2018-10-13,2018,10,13,2,2.01355,True,True,True
S2A_37SBS_20181013_0_L2A,2018-10-13 08:22:39.531000+00:00,2018-10-13,2018,10,13,2,0.165887,True,True,True
S2B_36SYA_20181018_0_L2A,2018-10-18 08:27:56.544000+00:00,2018-10-18,2018,10,18,2,37.004521,True,True,True
S2B_37SBS_20181018_0_L2A,2018-10-18 08:27:56.544000+00:00,2018-10-18,2018,10,18,2,87.333938,True,True,True
S2A_36SYA_20181023_0_L2A,2018-10-23 08:29:02.018000+00:00,2018-10-23,2018,10,23,3,42.580067,True,True,True
S2A_36SYB_20181023_0_L2A,2018-10-23 08:29:02.018000+00:00,2018-10-23,2018,10,23,3,48.27748,True,True,True
S2A_37SBS_20181023_0_L2A,2018-10-23 08:29:02.018000+00:00,2018-10-23,2018,10,23,3,34.826196,True,True,True
S2B_36SYA_20181028_0_L2A,2018-10-28 08:30:04.488000+00:00,2018-10-28,2018,10,28,3,1.736434,True,True,True
S2B_36SYB_20181028_0_L2A,2018-10-28 08:30:04.488000+00:00,2018-10-28,2018,10,28,3,2.386659,True,True,True
S2B_37SBS_20181028_0_L2A,2018-10-28 08:30:04.488000+00:00,2018-10-28,2018,10,28,3,1.769852,True,True,True
S2A_36SYA_20181102_0_L2A,2018-11-02 08:21:02.462000+00:00,2018-11-02,2018,11,2,1,0.921636,True,True,True
S2A_36SYB_20181102_0_L2A,2018-11-02 08:21:02.462000+00:00,2018-11-02,2018,11,2,1,0.406077,True,True,True
S2A_37SBS_20181102_0_L2A,2018-11-02 08:21:02.462000+00:00,2018-11-02,2018,11,2,1,0.300711,True,True,True
S2B_37SBS_20181107_0_L2A,2018-11-07 08:30:54.550000+00:00,2018-11-07,2018,11,7,1,22.275559,True,True,True
S2B_36SYB_20181107_0_L2A,2018-11-07 08:30:57.080000+00:00,2018-11-07,2018,11,7,1,9.274426,True,True,True
S2B_36SYA_20181107_0_L2A,2018-11-07 08:31:11.698000+00:00,2018-11-07,2018,11,7,1,6.351266,True,True,True
S2A_37SBS_20181112_0_L2A,2018-11-12 08:30:51.761000+00:00,2018-11-12,2018,11,12,2,18.893504,True,True,True
S2A_36SYB_20181112_0_L2A,2018-11-12 08:30:54.276000+00:00,2018-11-12,2018,11,12,2,26.097479,True,True,True
S2A_36SYA_20181112_0_L2A,2018-11-12 08:31:08.898000+00:00,2018-11-12,2018,11,12,2,25.087415,True,True,True
S2B_37SBS_20181117_0_L2A,2018-11-17 08:30:54.112000+00:00,2018-11-17,2018,11,17,2,27.068398,True,True,True
S2B_36SYB_20181117_0_L2A,2018-11-17 08:30:56.642000+00:00,2018-11-17,2018,11,17,2,5.02089,True,True,True
S2B_36SYA_20181117_0_L2A,2018-11-17 08:31:11.263000+00:00,2018-11-17,2018,11,17,2,1.050302,True,True,True
S2A_37SBS_20181122_0_L2A,2018-11-22 08:30:49.851000+00:00,2018-11-22,2018,11,22,3,51.274966,True,True,True
S2A_36SYB_20181122_0_L2A,2018-11-22 08:30:52.356000+00:00,2018-11-22,2018,11,22,3,76.758552,True,True,True
S2A_36SYA_20181122_0_L2A,2018-11-22 08:31:06.969000+00:00,2018-11-22,2018,11,22,3,74.350265,True,True,True
S2B_37SBS_20181127_0_L2A,2018-11-27 08:30:53.080000+00:00,2018-11-27,2018,11,27,3,52.413812,True,True,True
S2B_36SYB_20181127_0_L2A,2018-11-27 08:30:55.609000+00:00,2018-11-27,2018,11,27,3,68.954023,True,True,True
S2B_36SYA_20181127_0_L2A,2018-11-27 08:31:10.227000+00:00,2018-11-27,2018,11,27,3,50.897975,True,True,True
S2A_37SBS_20181202_0_L2A,2018-12-02 08:30:48.451000+00:00,2018-12-02,2018,12,2,1,57.14187,True,True,True
S2A_36SYB_20181202_0_L2A,2018-12-02 08:30:50.956000+00:00,2018-12-02,2018,12,2,1,90.708724,True,True,True
S2A_36SYA_20181202_0_L2A,2018-12-02 08:31:05.568000+00:00,2018-12-02,2018,12,2,1,95.699623,True,True,True
S2B_37SBS_20181207_0_L2A,2018-12-07 08:30:51.809000+00:00,2018-12-07,2018,12,7,1,94.270493,True,True,True
S2B_36SYB_20181207_0_L2A,2018-12-07 08:30:53.927000+00:00,2018-12-07,2018,12,7,1,71.643465,True,True,True
S2B_36SYA_20181207_0_L2A,2018-12-07 08:31:08.548000+00:00,2018-12-07,2018,12,7,1,94.166663,True,True,True
S2A_37SBS_20181212_0_L2A,2018-12-12 08:30:48.529000+00:00,2018-12-12,2018,12,12,2,58.583489,True,True,True
S2A_36SYB_20181212_0_L2A,2018-12-12 08:30:51.043000+00:00,2018-12-12,2018,12,12,2,75.288972,True,True,True
S2A_36SYB_20181212_1_L2A,2018-12-12 08:30:51.043000+00:00,2018-12-12,2018,12,12,2,75.288972,True,True,True
S2A_36SYA_20181212_0_L2A,2018-12-12 08:31:05.666000+00:00,2018-12-12,2018,12,12,2,32.654482,True,True,True
S2A_36SYA_20181212_1_L2A,2018-12-12 08:31:05.666000+00:00,2018-12-12,2018,12,12,2,32.654482,True,True,True
S2B_37SBS_20181217_0_L2A,2018-12-17 08:30:51.375000+00:00,2018-12-17,2018,12,17,2,16.4281,True,True,True
S2B_36SYB_20181217_0_L2A,2018-12-17 08:30:53.885000+00:00,2018-12-17,2018,12,17,2,13.42696,True,True,True
S2B_36SYA_20181217_0_L2A,2018-12-17 08:31:08.498000+00:00,2018-12-17,2018,12,17,2,4.294128,True,True,True
S2A_37SBS_20181222_0_L2A,2018-12-22 08:30:48.858000+00:00,2018-12-22,2018,12,22,3,23.599203,True,True,True
S2A_36SYB_20181222_0_L2A,2018-12-22 08:30:51.364000+00:00,2018-12-22,2018,12,22,3,24.663586,True,True,True
S2A_36SYA_20181222_0_L2A,2018-12-22 08:31:05.978000+00:00,2018-12-22,2018,12,22,3,18.579631,True,True,True
S2B_37SBS_20181227_0_L2A,2018-12-27 08:30:53.545000+00:00,2018-12-27,2018,12,27,3,92.919425,True,True,True
S2B_36SYB_20181227_0_L2A,2018-12-27 08:30:56.058000+00:00,2018-12-27,2018,12,27,3,75.623715,True,True,True
S2B_36SYA_20181227_0_L2A,2018-12-27 08:31:10.669000+00:00,2018-12-27,2018,12,27,3,83.394766,True,True,True
S2A_37SBS_20190101_0_L2A,2019-01-01 08:30:50.929000+00:00,2019-01-01,2019,1,1,1,17.467253,True,True,True
S2A_36SYB_20190101_0_L2A,2019-01-01 08:30:53.440000+00:00,2019-01-01,2019,1,1,1,4.663141,True,True,True
S2A_36SYA_20190101_0_L2A,2019-01-01 08:31:08.060000+00:00,2019-01-01,2019,1,1,1,16.211234,True,True,True
S2B_37SBS_20190106_0_L2A,2019-01-06 08:30:54.740000+00:00,2019-01-06,2019,1,6,1,48.745456,True,True,True
S2B_36SYB_20190106_0_L2A,2019-01-06 08:30:56.174000+00:00,2019-01-06,2019,1,6,1,66.499146,True,True,True
S2B_37SBS_20190106_1_L2A,2019-01-06 08:31:01.951000+00:00,2019-01-06,2019,1,6,1,37.506416,True,True,True
S2B_36SYB_20190106_1_L2A,2019-01-06 08:31:02.859000+00:00,2019-01-06,2019,1,6,1,45.95584,True,True,True
S2B_36SYA_20190106_0_L2A,2019-01-06 08:31:12.448000+00:00,2019-01-06,2019,1,6,1,35.444572,True,True,True
S2A_37SBS_20190111_0_L2A,2019-01-11 08:30:52.466000+00:00,2019-01-11,2019,1,11,2,63.61865,True,True,True
S2A_36SYB_20190111_0_L2A,2019-01-11 08:30:54.981000+00:00,2019-01-11,2019,1,11,2,60.19029,True,True,True
S2A_36SYA_20190111_0_L2A,2019-01-11 08:31:09.597000+00:00,2019-01-11,2019,1,11,2,30.705262,True,True,True
S2B_37SBS_20190116_0_L2A,2019-01-16 08:30:56.490000+00:00,2019-01-16,2019,1,16,2,22.780851,True,True,True
S2B_36SYB_20190116_0_L2A,2019-01-16 08:30:59.004000+00:00,2019-01-16,2019,1,16,2,50.635547,True,True,True
S2B_36SYA_20190116_0_L2A,2019-01-16 08:31:13.620000+00:00,2019-01-16,2019,1,16,2,8.088813,True,True,True
S2A_37SBS_20190121_0_L2A,2019-01-21 08:30:53.437000+00:00,2019-01-21,2019,1,21,3,3.076077,True,True,True
S2A_36SYB_20190121_0_L2A,2019-01-21 08:30:55.951000+00:00,2019-01-21,2019,1,21,3,0.955365,True,True,True
S2A_36SYA_20190121_0_L2A,2019-01-21 08:31:10.571000+00:00,2019-01-21,2019,1,21,3,0.749022,True,True,True
S2B_37SBS_20190126_0_L2A,2019-01-26 08:30:57.144000+00:00,2019-01-26,2019,1,26,3,1.867655,True,True,True
S2B_36SYB_20190126_0_L2A,2019-01-26 08:30:59.660000+00:00,2019-01-26,2019,1,26,3,0.72442,True,True,True
S2B_36SYA_20190126_0_L2A,2019-01-26 08:31:14.276000+00:00,2019-01-26,2019,1,26,3,4.736338,True,True,True
S2A_37SBS_20190131_0_L2A,2019-01-31 08:30:53.849000+00:00,2019-01-31,2019,1,31,3,24.070397,True,True,True
S2A_36SYB_20190131_0_L2A,2019-01-31 08:30:56.360000+00:00,2019-01-31,2019,1,31,3,23.518246,True,True,True
S2A_36SYA_20190131_0_L2A,2019-01-31 08:31:10.973000+00:00,2019-01-31,2019,1,31,3,3.850426,True,True,True
S2B_37SBS_20190205_0_L2A,2019-02-05 08:30:57.252000+00:00,2019-02-05,2019,2,5,1,0.676738,True,True,True
S2B_36SYB_20190205_0_L2A,2019-02-05 08:30:59.766000+00:00,2019-02-05,2019,2,5,1,0.664195,True,True,True
S2B_36SYA_20190205_0_L2A,2019-02-05 08:31:14.387000+00:00,2019-02-05,2019,2,5,1,0.503582,True,True,True
S2A_37SBS_20190210_0_L2A,2019-02-10 08:30:53.727000+00:00,2019-02-10,2019,2,10,1,96.957264,True,True,True
S2A_36SYB_20190210_0_L2A,2019-02-10 08:30:56.243000+00:00,2019-02-10,2019,2,10,1,88.396871,True,True,True
S2A_36SYA_20190210_0_L2A,2019-02-10 08:31:07.111000+00:00,2019-02-10,2019,2,10,1,92.004019,True,True,True
S2A_36SYA_20190210_1_L2A,2019-02-10 08:31:13.803000+00:00,2019-02-10,2019,2,10,1,78.723609,True,True,True
S2B_37SBS_20190215_0_L2A,2019-02-15 08:30:56.785000+00:00,2019-02-15,2019,2,15,2,48.829563,True,True,True
S2B_36SYB_20190215_0_L2A,2019-02-15 08:30:59.294000+00:00,2019-02-15,2019,2,15,2,65.612864,True,True,True
S2B_36SYA_20190215_0_L2A,2019-02-15 08:31:13.910000+00:00,2019-02-15,2019,2,15,2,28.064153,True,True,True
S2A_37SBS_20190220_0_L2A,2019-02-20 08:30:53.087000+00:00,2019-02-20,2019,2,20,2,44.022358,True,True,True
S2A_36SYB_20190220_0_L2A,2019-02-20 08:30:55.600000+00:00,2019-02-20,2019,2,20,2,56.631498,True,True,True
S2A_36SYA_20190220_0_L2A,2019-02-20 08:31:10.211000+00:00,2019-02-20,2019,2,20,2,36.784058,True,True,True
S2B_36SYB_20190225_0_L2A,2019-02-25 08:36:06.154000+00:00,2019-02-25,2019,2,25,3,8.706816,True,True,True
S2B_37SBS_20190225_0_L2A,2019-02-25 08:44:15.477000+00:00,2019-02-25,2019,2,25,3,0.691745,True,True,True
S2B_36SYA_20190225_0_L2A,2019-02-25 08:46:38.224000+00:00,2019-02-25,2019,2,25,3,13.332882,True,True,True
S2A_36SYA_20190302_0_L2A,2019-03-02 08:31:11.566000+00:00,2019-03-02,2019,3,2,1,92.658306,True,True,True
S2A_36SYB_20190302_0_L2A,2019-03-02 08:31:37.148000+00:00,2019-03-02,2019,3,2,1,86.113522,True,True,True
S2A_37SBS_20190302_0_L2A,2019-03-02 08:46:14.823000+00:00,2019-03-02,2019,3,2,1,90.026672,True,True,True
S2B_36SYB_20190307_1_L2A,2019-03-07 08:30:56.922000+00:00,2019-03-07,2019,3,7,1,71.527857,True,True,True
S2B_37SBS_20190307_0_L2A,2019-03-07 08:37:49.688000+00:00,2019-03-07,2019,3,7,1,43.34629,True,True,True
S2B_36SYA_20190307_0_L2A,2019-03-07 08:40:06.983000+00:00,2019-03-07,2019,3,7,1,45.900491,True,True,True
S2B_36SYB_20190307_0_L2A,2019-03-07 08:46:16.876000+00:00,2019-03-07,2019,3,7,1,66.329273,True,True,True
S2A_36SYB_20190312_0_L2A,2019-03-12 08:31:05.297000+00:00,2019-03-12,2019,3,12,2,48.999681,True,True,True
S2A_37SBS_20190312_0_L2A,2019-03-12 08:31:42.907000+00:00,2019-03-12,2019,3,12,2,22.761049,True,True,True
S2A_36SYA_20190312_0_L2A,2019-03-12 08:32:11.682000+00:00,2019-03-12,2019,3,12,2,20.916759,True,True,True
S2B_36SYA_20190317_0_L2A,2019-03-17 08:31:55.605000+00:00,2019-03-17,2019,3,17,2,67.758839,True,True,True
S2B_36SYB_20190317_0_L2A,2019-03-17 08:32:19.854000+00:00,2019-03-17,2019,3,17,2,46.937468,True,True,True
S2B_37SBS_20190317_0_L2A,2019-03-17 08:36:25.356000+00:00,2019-03-17,2019,3,17,2,43.312625,True,True,True
S2A_36SYA_20190322_0_L2A,2019-03-22 08:31:39.641000+00:00,2019-03-22,2019,3,22,3,8.358791,True,True,True
S2A_37SBS_20190322_0_L2A,2019-03-22 08:33:33.107000+00:00,2019-03-22,2019,3,22,3,22.329806,True,True,True
S2A_36SYB_20190322_0_L2A,2019-03-22 08:42:03.175000+00:00,2019-03-22,2019,3,22,3,7.099422,True,True,True
S2B_37SBS_20190327_1_L2A,2019-03-27 08:30:58.156000+00:00,2019-03-27,2019,3,27,3,89.719093,True,True,True
S2B_36SYB_20190327_1_L2A,2019-03-27 08:31:00.663000+00:00,2019-03-27,2019,3,27,3,82.414973,True,True,True
S2B_36SYA_20190327_1_L2A,2019-03-27 08:31:15.279000+00:00,2019-03-27,2019,3,27,3,64.15199,True,True,True
S2B_37SBS_20190327_0_L2A,2019-03-27 08:33:33.784000+00:00,2019-03-27,2019,3,27,3,85.672048,True,True,True
S2B_36SYA_20190327_0_L2A,2019-03-27 08:35:51.713000+00:00,2019-03-27,2019,3,27,3,55.622882,True,True,True
S2B_36SYB_20190327_0_L2A,2019-03-27 08:42:02.532000+00:00,2019-03-27,2019,3,27,3,70.566181,True,True,True
S2A_37SBS_20190401_1_L2A,2019-04-01 08:30:57.287000+00:00,2019-04-01,2019,4,1,1,97.051144,True,True,True
S2A_36SYB_20190401_1_L2A,2019-04-01 08:30:59.799000+00:00,2019-04-01,2019,4,1,1,93.826163,True,True,True
S2A_36SYA_20190401_1_L2A,2019-04-01 08:31:14.410000+00:00,2019-04-01,2019,4,1,1,93.727267,True,True,True
S2A_37SBS_20190401_0_L2A,2019-04-01 08:35:44.684000+00:00,2019-04-01,2019,4,1,1,95.748946,True,True,True
S2A_36SYA_20190401_0_L2A,2019-04-01 08:38:03.871000+00:00,2019-04-01,2019,4,1,1,92.026559,True,True,True
S2A_36SYB_20190401_0_L2A,2019-04-01 08:44:18.323000+00:00,2019-04-01,2019,4,1,1,83.188121,True,True,True
S2B_37SBS_20190406_2_L2A,2019-04-06 08:30:59.992000+00:00,2019-04-06,2019,4,6,1,87.615091,True,True,True
S2B_36SYB_20190406_2_L2A,2019-04-06 08:31:01.449000+00:00,2019-04-06,2019,4,6,1,97.228146,True,True,True
S2B_37SBS_20190406_3_L2A,2019-04-06 08:31:07.256000+00:00,2019-04-06,2019,4,6,1,100.0,True,True,True
S2B_36SYB_20190406_3_L2A,2019-04-06 08:31:08.149000+00:00,2019-04-06,2019,4,6,1,99.837506,True,True,True
S2B_36SYA_20190406_1_L2A,2019-04-06 08:31:17.646000+00:00,2019-04-06,2019,4,6,1,99.765617,True,True,True
S2B_36SYB_20190406_0_L2A,2019-04-06 08:33:32.543000+00:00,2019-04-06,2019,4,6,1,99.487226,True,True,True
S2B_37SBS_20190406_0_L2A,2019-04-06 08:35:15.925000+00:00,2019-04-06,2019,4,6,1,99.99933,True,True,True
S2B_36SYB_20190406_1_L2A,2019-04-06 08:38:34.186000+00:00,2019-04-06,2019,4,6,1,96.705052,True,True,True
S2B_36SYA_20190406_0_L2A,2019-04-06 08:42:00.424000+00:00,2019-04-06,2019,4,6,1,99.572923,True,True,True
S2B_37SBS_20190406_1_L2A,2019-04-06 08:47:33.363000+00:00,2019-04-06,2019,4,6,1,87.486228,True,True,True
S2A_37SBS_20190411_1_L2A,2019-04-11 08:30:58.823000+00:00,2019-04-11,2019,4,11,2,5.790346,True,True,True
S2A_36SYB_20190411_1_L2A,2019-04-11 08:31:01.339000+00:00,2019-04-11,2019,4,11,2,16.474225,True,True,True
S2A_36SYA_20190411_1_L2A,2019-04-11 08:31:15.953000+00:00,2019-04-11,2019,4,11,2,6.529982,True,True,True
S2A_36SYB_20190411_0_L2A,2019-04-11 08:36:40.246000+00:00,2019-04-11,2019,4,11,2,12.605232,True,True,True
S2A_37SBS_20190411_0_L2A,2019-04-11 08:44:41.638000+00:00,2019-04-11,2019,4,11,2,4.812855,True,True,True
S2A_36SYA_20190411_0_L2A,2019-04-11 08:47:07.358000+00:00,2019-04-11,2019,4,11,2,6.227189,True,True,True
S2B_37SBS_20190416_1_L2A,2019-04-16 08:31:02.495000+00:00,2019-04-16,2019,4,16,2,94.938809,True,True,True
S2B_36SYB_20190416_1_L2A,2019-04-16 08:31:05.015000+00:00,2019-04-16,2019,4,16,2,82.387638,True,True,True
S2B_36SYA_20190416_1_L2A,2019-04-16 08:31:19.635000+00:00,2019-04-16,2019,4,16,2,95.641267,True,True,True
S2B_36SYB_20190416_0_L2A,2019-04-16 08:31:19.792000+00:00,2019-04-16,2019,4,16,2,73.055906,True,True,True
S2B_37SBS_20190416_0_L2A,2019-04-16 08:39:16.252000+00:00,2019-04-16,2019,4,16,2,93.45297,True,True,True
S2B_36SYA_20190416_0_L2A,2019-04-16 08:41:52.183000+00:00,2019-04-16,2019,4,16,2,93.190478,True,True,True
S2A_37SBS_20190421_1_L2A,2019-04-21 08:31:00.002000+00:00,2019-04-21,2019,4,21,3,94.68227,True,True,True
S2A_37SBS_20190421_0_L2A,2019-04-21 08:31:00.313000+00:00,2019-04-21,2019,4,21,3,94.000919,True,True,True
S2A_36SYB_20190421_1_L2A,2019-04-21 08:31:02.521000+00:00,2019-04-21,2019,4,21,3,77.930862,True,True,True
S2A_36SYA_20190421_1_L2A,2019-04-21 08:31:17.135000+00:00,2019-04-21,2019,4,21,3,68.010616,True,True,True
S2A_36SYA_20190421_0_L2A,2019-04-21 08:33:31.229000+00:00,2019-04-21,2019,4,21,3,64.855034,True,True,True
S2A_36SYB_20190421_0_L2A,2019-04-21 08:39:43.637000+00:00,2019-04-21,2019,4,21,3,71.731073,True,True,True
S2B_37SBS_20190426_0_L2A,2019-04-26 08:31:04.008375+00:00,2019-04-26,2019,4,26,3,14.379383,True,True,True
S2B_37SBS_20190426_1_L2A,2019-04-26 08:31:04.009000+00:00,2019-04-26,2019,4,26,3,20.617157,True,True,True
S2B_36SYB_20190426_0_L2A,2019-04-26 08:31:06.535722+00:00,2019-04-26,2019,4,26,3,25.947542,True,True,True
S2B_36SYB_20190426_1_L2A,2019-04-26 08:31:06.536000+00:00,2019-04-26,2019,4,26,3,30.579305,True,True,True
S2B_36SYA_20190426_0_L2A,2019-04-26 08:31:21.160491+00:00,2019-04-26,2019,4,26,3,5.412139,True,True,True
S2B_36SYA_20190426_1_L2A,2019-04-26 08:31:21.163000+00:00,2019-04-26,2019,4,26,3,9.751742,True,True,True
S2A_37SBS_20190501_0_L2A,2019-05-01 08:31:00.654000+00:00,2019-05-01,2019,5,1,1,11.279037,True,True,True
S2A_37SBS_20190501_1_L2A,2019-05-01 08:31:00.654000+00:00,2019-05-01,2019,5,1,1,15.910429,True,True,True
S2A_36SYB_20190501_0_L2A,2019-05-01 08:31:03.174000+00:00,2019-05-01,2019,5,1,1,21.503246,True,True,True
S2A_36SYB_20190501_1_L2A,2019-05-01 08:31:03.174000+00:00,2019-05-01,2019,5,1,1,29.939929,True,True,True
S2A_36SYA_20190501_0_L2A,2019-05-01 08:31:17.789000+00:00,2019-05-01,2019,5,1,1,58.716267,True,True,True
S2A_36SYA_20190501_1_L2A,2019-05-01 08:31:17.790000+00:00,2019-05-01,2019,5,1,1,59.02968,True,True,True
S2B_37SBS_20190506_0_L2A,2019-05-06 08:31:05.067000+00:00,2019-05-06,2019,5,6,1,12.519147,True,True,True
S2B_37SBS_20190506_1_L2A,2019-05-06 08:31:05.067000+00:00,2019-05-06,2019,5,6,1,14.112463,True,True,True
S2B_37SBS_20190506_2_L2A,2019-05-06 08:31:05.068000+00:00,2019-05-06,2019,5,6,1,16.253343,True,True,True
S2B_36SYB_20190506_0_L2A,2019-05-06 08:31:07.596000+00:00,2019-05-06,2019,5,6,1,16.12697,True,True,True
S2B_36SYB_20190506_1_L2A,2019-05-06 08:31:07.596000+00:00,2019-05-06,2019,5,6,1,18.099299,True,True,True
S2B_36SYB_20190506_2_L2A,2019-05-06 08:31:07.597000+00:00,2019-05-06,2019,5,6,1,24.853776,True,True,True
S2B_36SYA_20190506_0_L2A,2019-05-06 08:31:22.213000+00:00,2019-05-06,2019,5,6,1,6.746673,True,True,True
S2B_36SYA_20190506_1_L2A,2019-05-06 08:31:22.213000+00:00,2019-05-06,2019,5,6,1,7.553794,True,True,True
S2B_36SYA_20190506_2_L2A,2019-05-06 08:31:22.215000+00:00,2019-05-06,2019,5,6,1,10.142159,True,True,True
S2A_37SBS_20190511_0_L2A,2019-05-11 08:31:00.836000+00:00,2019-05-11,2019,5,11,2,15.470925,True,True,True
S2A_37SBS_20190511_1_L2A,2019-05-11 08:31:00.836000+00:00,2019-05-11,2019,5,11,2,24.509901,True,True,True
S2A_36SYB_20190511_0_L2A,2019-05-11 08:31:03.349000+00:00,2019-05-11,2019,5,11,2,8.595087,True,True,True
S2A_36SYB_20190511_1_L2A,2019-05-11 08:31:03.350000+00:00,2019-05-11,2019,5,11,2,21.501312,True,True,True
S2A_36SYA_20190511_0_L2A,2019-05-11 08:31:17.963000+00:00,2019-05-11,2019,5,11,2,1.765718,True,True,True
S2A_36SYA_20190511_1_L2A,2019-05-11 08:31:17.965000+00:00,2019-05-11,2019,5,11,2,0.888584,True,True,True
S2B_37SBS_20190516_0_L2A,2019-05-16 08:31:05.545000+00:00,2019-05-16,2019,5,16,2,25.62288,True,True,True
S2B_37SBS_20190516_1_L2A,2019-05-16 08:31:05.546000+00:00,2019-05-16,2019,5,16,2,28.529128,True,True,True
S2B_36SYB_20190516_0_L2A,2019-05-16 08:31:08.074000+00:00,2019-05-16,2019,5,16,2,8.402434,True,True,True
S2B_36SYB_20190516_1_L2A,2019-05-16 08:31:08.075000+00:00,2019-05-16,2019,5,16,2,12.292517,True,True,True
S2B_36SYA_20190516_0_L2A,2019-05-16 08:31:22.698000+00:00,2019-05-16,2019,5,16,2,2.245955,True,True,True
S2B_36SYA_20190516_1_L2A,2019-05-16 08:31:22.701000+00:00,2019-05-16,2019,5,16,2,2.589606,True,True,True
S2A_37SBS_20190521_0_L2A,2019-05-21 08:31:00.426000+00:00,2019-05-21,2019,5,21,3,12.379136,True,True,True
S2A_37SBS_20190521_1_L2A,2019-05-21 08:31:00.426000+00:00,2019-05-21,2019,5,21,3,18.940264,True,True,True
S2A_36SYB_20190521_0_L2A,2019-05-21 08:31:02.942000+00:00,2019-05-21,2019,5,21,3,13.533688,True,True,True
S2A_36SYB_20190521_1_L2A,2019-05-21 08:31:02.942000+00:00,2019-05-21,2019,5,21,3,21.811862,True,True,True
S2A_36SYA_20190521_0_L2A,2019-05-21 08:31:17.558000+00:00,2019-05-21,2019,5,21,3,2.303874,True,True,True
S2A_36SYA_20190521_1_L2A,2019-05-21 08:31:17.559000+00:00,2019-05-21,2019,5,21,3,1.961682,True,True,True
S2B_37SBS_20190526_0_L2A,2019-05-26 08:31:05.484000+00:00,2019-05-26,2019,5,26,3,12.752986,True,True,True
S2B_37SBS_20190526_1_L2A,2019-05-26 08:31:05.485000+00:00,2019-05-26,2019,5,26,3,12.518327,True,True,True
S2B_36SYB_20190526_0_L2A,2019-05-26 08:31:08.013000+00:00,2019-05-26,2019,5,26,3,1.433565,True,True,True
S2B_36SYB_20190526_1_L2A,2019-05-26 08:31:08.014000+00:00,2019-05-26,2019,5,26,3,3.976715,True,True,True
S2B_36SYA_20190526_0_L2A,2019-05-26 08:31:22.636000+00:00,2019-05-26,2019,5,26,3,3.770213,True,True,True
S2B_36SYA_20190526_1_L2A,2019-05-26 08:31:22.638000+00:00,2019-05-26,2019,5,26,3,7.381014,True,True,True
S2A_37SBS_20190531_0_L2A,2019-05-31 08:30:59.532000+00:00,2019-05-31,2019,5,31,3,0.397917,True,True,True
S2A_37SBS_20190531_1_L2A,2019-05-31 08:30:59.532000+00:00,2019-05-31,2019,5,31,3,0.006766,True,True,True
S2A_36SYB_20190531_0_L2A,2019-05-31 08:31:02.039000+00:00,2019-05-31,2019,5,31,3,2.073898,True,True,True
S2A_36SYB_20190531_1_L2A,2019-05-31 08:31:02.040000+00:00,2019-05-31,2019,5,31,3,1.757144,True,True,True
S2A_36SYA_20190531_0_L2A,2019-05-31 08:31:16.655000+00:00,2019-05-31,2019,5,31,3,2.950149,True,True,True
S2A_36SYA_20190531_1_L2A,2019-05-31 08:31:16.656000+00:00,2019-05-31,2019,5,31,3,4.58231,True,True,True
S2B_37SBS_20190605_0_L2A,2019-06-05 08:31:04.978000+00:00,2019-06-05,2019,6,5,1,74.772497,True,True,True
S2B_37SBS_20190605_1_L2A,2019-06-05 08:31:04.979000+00:00,2019-06-05,2019,6,5,1,73.137099,True,True,True
S2B_36SYB_20190605_0_L2A,2019-06-05 08:31:07.501000+00:00,2019-06-05,2019,6,5,1,63.653353,True,True,True
S2B_36SYB_20190605_1_L2A,2019-06-05 08:31:07.502000+00:00,2019-06-05,2019,6,5,1,63.131177,True,True,True
S2B_36SYA_20190605_0_L2A,2019-06-05 08:31:22.125000+00:00,2019-06-05,2019,6,5,1,81.348068,True,True,True
S2B_36SYA_20190605_1_L2A,2019-06-05 08:31:22.127000+00:00,2019-06-05,2019,6,5,1,81.839997,True,True,True
S2A_37SBS_20190610_0_L2A,2019-06-10 08:30:59.594000+00:00,2019-06-10,2019,6,10,1,0.488272,True,True,True
S2A_37SBS_20190610_1_L2A,2019-06-10 08:30:59.594000+00:00,2019-06-10,2019,6,10,1,0.066982,True,True,True
S2A_36SYB_20190610_0_L2A,2019-06-10 08:31:02.098000+00:00,2019-06-10,2019,6,10,1,0.465407,True,True,True
S2A_36SYB_20190610_1_L2A,2019-06-10 08:31:02.099000+00:00,2019-06-10,2019,6,10,1,0.046002,True,True,True
S2A_36SYA_20190610_0_L2A,2019-06-10 08:31:16.705000+00:00,2019-06-10,2019,6,10,1,0.699613,True,True,True
S2A_36SYA_20190610_1_L2A,2019-06-10 08:31:16.706000+00:00,2019-06-10,2019,6,10,1,0.006573,True,True,True
S2B_37SBS_20190615_0_L2A,2019-06-15 08:31:04.351000+00:00,2019-06-15,2019,6,15,2,1.128435,True,True,True
S2B_37SBS_20190615_1_L2A,2019-06-15 08:31:04.352000+00:00,2019-06-15,2019,6,15,2,1.389831,True,True,True
S2B_36SYB_20190615_0_L2A,2019-06-15 08:31:06.867000+00:00,2019-06-15,2019,6,15,2,12.785927,True,True,True
S2B_36SYB_20190615_1_L2A,2019-06-15 08:31:06.868000+00:00,2019-06-15,2019,6,15,2,19.3776,True,True,True
S2B_36SYA_20190615_0_L2A,2019-06-15 08:31:21.482000+00:00,2019-06-15,2019,6,15,2,1.086635,True,True,True
S2B_36SYA_20190615_1_L2A,2019-06-15 08:31:21.484000+00:00,2019-06-15,2019,6,15,2,1.488038,True,True,True
S2A_37SBS_20190620_1_L2A,2019-06-20 08:31:00.824000+00:00,2019-06-20,2019,6,20,2,9.294792,True,True,True
S2A_37SBS_20190620_0_L2A,2019-06-20 08:31:00.825000+00:00,2019-06-20,2019,6,20,2,6.430628,True,True,True
S2A_36SYB_20190620_0_L2A,2019-06-20 08:31:03.342000+00:00,2019-06-20,2019,6,20,2,16.285901,True,True,True
S2A_36SYB_20190620_1_L2A,2019-06-20 08:31:03.342000+00:00,2019-06-20,2019,6,20,2,24.022047,True,True,True
S2A_36SYA_20190620_0_L2A,2019-06-20 08:31:17.958000+00:00,2019-06-20,2019,6,20,2,1.551312,True,True,True
S2A_36SYA_20190620_1_L2A,2019-06-20 08:31:17.959000+00:00,2019-06-20,2019,6,20,2,1.602639,True,True,True
S2B_37SBS_20190625_1_L2A,2019-06-25 08:30:59.598000+00:00,2019-06-25,2019,6,25,3,0.167315,True,True,True
S2B_36SYB_20190625_2_L2A,2019-06-25 08:31:00.826000+00:00,2019-06-25,2019,6,25,3,0.924876,True,True,True
S2B_36SYB_20190625_1_L2A,2019-06-25 08:31:00.831000+00:00,2019-06-25,2019,6,25,3,0.517905,True,True,True
S2B_37SBS_20190625_0_L2A,2019-06-25 08:31:06.207000+00:00,2019-06-25,2019,6,25,3,0.145499,True,True,True
S2B_37SBS_20190625_2_L2A,2019-06-25 08:31:06.212000+00:00,2019-06-25,2019,6,25,3,0.005469,True,True,True
S2B_36SYB_20190625_0_L2A,2019-06-25 08:31:07.867000+00:00,2019-06-25,2019,6,25,3,0.456608,True,True,True
S2B_36SYB_20190625_3_L2A,2019-06-25 08:31:07.869000+00:00,2019-06-25,2019,6,25,3,0.386722,True,True,True
S2B_36SYA_20190625_0_L2A,2019-06-25 08:31:22.359000+00:00,2019-06-25,2019,6,25,3,0.935979,True,True,True
S2B_36SYA_20190625_1_L2A,2019-06-25 08:31:22.362000+00:00,2019-06-25,2019,6,25,3,0.216894,True,True,True
S2A_37SBS_20190630_0_L2A,2019-06-30 08:31:01.638000+00:00,2019-06-30,2019,6,30,3,0.469575,True,True,True
S2A_37SBS_20190630_1_L2A,2019-06-30 08:31:01.638000+00:00,2019-06-30,2019,6,30,3,0.278686,True,True,True
S2A_36SYB_20190630_0_L2A,2019-06-30 08:31:04.161000+00:00,2019-06-30,2019,6,30,3,5.088961,True,True,True
S2A_36SYB_20190630_1_L2A,2019-06-30 08:31:04.161000+00:00,2019-06-30,2019,6,30,3,8.238911,True,True,True
S2A_36SYB_20190630_2_L2A,2019-06-30 08:31:04.161000+00:00,2019-06-30,2019,6,30,3,8.238911,True,True,True
S2A_36SYA_20190630_0_L2A,2019-06-30 08:31:18.781000+00:00,2019-06-30,2019,6,30,3,0.5995,True,True,True
S2A_36SYA_20190630_1_L2A,2019-06-30 08:31:18.782000+00:00,2019-06-30,2019,6,30,3,0.189598,True,True,True
S2B_37SBS_20190705_0_L2A,2019-07-05 08:31:05.706000+00:00,2019-07-05,2019,7,5,1,0.570765,True,True,True
S2B_37SBS_20190705_1_L2A,2019-07-05 08:31:05.707000+00:00,2019-07-05,2019,7,5,1,0.042832,True,True,True
S2B_36SYB_20190705_0_L2A,2019-07-05 08:31:08.234000+00:00,2019-07-05,2019,7,5,1,3.461611,True,True,True
S2B_36SYB_20190705_1_L2A,2019-07-05 08:31:08.235000+00:00,2019-07-05,2019,7,5,1,5.103742,True,True,True
S2B_36SYA_20190705_0_L2A,2019-07-05 08:31:22.854000+00:00,2019-07-05,2019,7,5,1,0.751046,True,True,True
S2B_36SYA_20190705_1_L2A,2019-07-05 08:31:22.856000+00:00,2019-07-05,2019,7,5,1,0.00352,True,True,True
S2B_37SBS_20190715_0_L2A,2019-07-15 08:31:05.733000+00:00,2019-07-15,2019,7,15,2,2.010831,True,True,True
S2B_37SBS_20190715_1_L2A,2019-07-15 08:31:05.734000+00:00,2019-07-15,2019,7,15,2,2.578997,True,True,True
S2B_36SYB_20190715_0_L2A,2019-07-15 08:31:08.259000+00:00,2019-07-15,2019,7,15,2,5.902293,True,True,True
S2B_36SYB_20190715_1_L2A,2019-07-15 08:31:08.260000+00:00,2019-07-15,2019,7,15,2,9.240311,True,True,True
S2B_36SYA_20190715_0_L2A,2019-07-15 08:31:22.876000+00:00,2019-07-15,2019,7,15,2,4.214001,True,True,True
S2B_36SYA_20190715_1_L2A,2019-07-15 08:31:22.879000+00:00,2019-07-15,2019,7,15,2,4.864616,True,True,True
S2A_37SBS_20190720_0_L2A,2019-07-20 08:31:02.073000+00:00,2019-07-20,2019,7,20,2,0.522578,True,True,True
S2A_37SBS_20190720_1_L2A,2019-07-20 08:31:02.073000+00:00,2019-07-20,2019,7,20,2,0.12805,True,True,True
S2A_36SYB_20190720_0_L2A,2019-07-20 08:31:04.601000+00:00,2019-07-20,2019,7,20,2,2.293771,True,True,True
S2A_36SYB_20190720_1_L2A,2019-07-20 08:31:04.602000+00:00,2019-07-20,2019,7,20,2,3.400934,True,True,True
S2A_36SYA_20190720_0_L2A,2019-07-20 08:31:19.226000+00:00,2019-07-20,2019,7,20,2,1.077412,True,True,True
S2A_36SYA_20190720_1_L2A,2019-07-20 08:31:19.227000+00:00,2019-07-20,2019,7,20,2,0.412699,True,True,True
S2B_37SBS_20190725_0_L2A,2019-07-25 08:31:05.349000+00:00,2019-07-25,2019,7,25,3,3.166555,True,True,True
S2B_37SBS_20190725_1_L2A,2019-07-25 08:31:05.350000+00:00,2019-07-25,2019,7,25,3,2.315766,True,True,True
S2B_36SYB_20190725_0_L2A,2019-07-25 08:31:07.877000+00:00,2019-07-25,2019,7,25,3,3.23472,True,True,True
S2B_36SYB_20190725_1_L2A,2019-07-25 08:31:07.877000+00:00,2019-07-25,2019,7,25,3,2.734533,True,True,True
S2B_36SYA_20190725_0_L2A,2019-07-25 08:31:22.498000+00:00,2019-07-25,2019,7,25,3,0.702951,True,True,True
S2B_36SYA_20190725_1_L2A,2019-07-25 08:31:22.500000+00:00,2019-07-25,2019,7,25,3,0.087236,True,True,True
S2A_37SBS_20190730_1_L2A,2019-07-30 08:31:01.657000+00:00,2019-07-30,2019,7,30,3,0.03135,True,True,True
S2A_37SBS_20190730_0_L2A,2019-07-30 08:31:01.658000+00:00,2019-07-30,2019,7,30,3,0.874283,True,True,True
S2A_36SYB_20190730_0_L2A,2019-07-30 08:31:04.187000+00:00,2019-07-30,2019,7,30,3,0.770462,True,True,True
S2A_36SYB_20190730_1_L2A,2019-07-30 08:31:04.187000+00:00,2019-07-30,2019,7,30,3,0.052153,True,True,True
S2A_36SYA_20190730_0_L2A,2019-07-30 08:31:18.805000+00:00,2019-07-30,2019,7,30,3,1.913365,True,True,True
S2A_36SYA_20190730_1_L2A,2019-07-30 08:31:18.806000+00:00,2019-07-30,2019,7,30,3,0.605675,True,True,True
S2B_37SBS_20190804_0_L2A,2019-08-04 08:31:04.600000+00:00,2019-08-04,2019,8,4,1,0.199635,True,True,True
S2B_37SBS_20190804_1_L2A,2019-08-04 08:31:04.601000+00:00,2019-08-04,2019,8,4,1,0.011254,True,True,True
S2B_36SYB_20190804_0_L2A,2019-08-04 08:31:07.127000+00:00,2019-08-04,2019,8,4,1,0.498675,True,True,True
S2B_36SYB_20190804_1_L2A,2019-08-04 08:31:07.128000+00:00,2019-08-04,2019,8,4,1,0.630618,True,True,True
S2B_36SYA_20190804_0_L2A,2019-08-04 08:31:21.745000+00:00,2019-08-04,2019,8,4,1,0.497427,True,True,True
S2B_36SYA_20190804_1_L2A,2019-08-04 08:31:21.748000+00:00,2019-08-04,2019,8,4,1,0.005322,True,True,True
S2A_37SBS_20190809_0_L2A,2019-08-09 08:31:00.846000+00:00,2019-08-09,2019,8,9,1,1.214612,True,True,True
S2A_37SBS_20190809_1_L2A,2019-08-09 08:31:00.846000+00:00,2019-08-09,2019,8,9,1,1.470997,True,True,True
S2A_36SYB_20190809_0_L2A,2019-08-09 08:31:03.376000+00:00,2019-08-09,2019,8,9,1,1.63387,True,True,True
S2A_36SYB_20190809_1_L2A,2019-08-09 08:31:03.376000+00:00,2019-08-09,2019,8,9,1,2.429438,True,True,True
S2A_36SYA_20190809_0_L2A,2019-08-09 08:31:17.986000+00:00,2019-08-09,2019,8,9,1,2.260942,True,True,True
S2A_36SYA_20190809_1_L2A,2019-08-09 08:31:17.987000+00:00,2019-08-09,2019,8,9,1,0.199077,True,True,True
S2B_37SBS_20190814_0_L2A,2019-08-14 08:31:03.420000+00:00,2019-08-14,2019,8,14,2,0.100831,True,True,True
S2B_37SBS_20190814_1_L2A,2019-08-14 08:31:03.422000+00:00,2019-08-14,2019,8,14,2,0.006483,True,True,True
S2B_36SYB_20190814_0_L2A,2019-08-14 08:31:05.941000+00:00,2019-08-14,2019,8,14,2,0.409839,True,True,True
S2B_36SYB_20190814_1_L2A,2019-08-14 08:31:05.942000+00:00,2019-08-14,2019,8,14,2,0.510264,True,True,True
S2B_36SYA_20190814_0_L2A,2019-08-14 08:31:20.558000+00:00,2019-08-14,2019,8,14,2,0.441243,True,True,True
S2B_36SYA_20190814_1_L2A,2019-08-14 08:31:20.561000+00:00,2019-08-14,2019,8,14,2,0.082163,True,True,True
S2A_37SBS_20190819_0_L2A,2019-08-19 08:30:59.635000+00:00,2019-08-19,2019,8,19,2,0.374155,True,True,True
S2A_37SBS_20190819_1_L2A,2019-08-19 08:30:59.635000+00:00,2019-08-19,2019,8,19,2,0.011118,True,True,True
S2A_36SYB_20190819_0_L2A,2019-08-19 08:31:02.165000+00:00,2019-08-19,2019,8,19,2,4.523157,True,True,True
S2A_36SYB_20190819_1_L2A,2019-08-19 08:31:02.165000+00:00,2019-08-19,2019,8,19,2,5.92084,True,True,True
S2A_36SYA_20190819_0_L2A,2019-08-19 08:31:16.783000+00:00,2019-08-19,2019,8,19,2,0.969346,True,True,True
S2A_36SYA_20190819_1_L2A,2019-08-19 08:31:16.784000+00:00,2019-08-19,2019,8,19,2,0.461588,True,True,True
S2B_37SBS_20190824_0_L2A,2019-08-24 08:31:01.823000+00:00,2019-08-24,2019,8,24,3,0.141898,True,True,True
S2B_37SBS_20190824_1_L2A,2019-08-24 08:31:01.824000+00:00,2019-08-24,2019,8,24,3,0.0,True,True,True
S2B_36SYB_20190824_0_L2A,2019-08-24 08:31:04.343000+00:00,2019-08-24,2019,8,24,3,0.205859,True,True,True
S2B_36SYB_20190824_1_L2A,2019-08-24 08:31:04.344000+00:00,2019-08-24,2019,8,24,3,0.00494,True,True,True
S2B_36SYA_20190824_0_L2A,2019-08-24 08:31:18.967000+00:00,2019-08-24,2019,8,24,3,0.617599,True,True,True
S2B_36SYA_20190824_1_L2A,2019-08-24 08:31:18.969000+00:00,2019-08-24,2019,8,24,3,0.015962,True,True,True
S2A_37SBS_20190829_0_L2A,2019-08-29 08:30:57.992000+00:00,2019-08-29,2019,8,29,3,0.52925,True,True,True
S2A_37SBS_20190829_1_L2A,2019-08-29 08:30:57.992000+00:00,2019-08-29,2019,8,29,3,0.317457,True,True,True
S2A_36SYB_20190829_0_L2A,2019-08-29 08:31:00.519000+00:00,2019-08-29,2019,8,29,3,1.795896,True,True,True
S2A_36SYB_20190829_1_L2A,2019-08-29 08:31:00.519000+00:00,2019-08-29,2019,8,29,3,2.85515,True,True,True
S2A_36SYA_20190829_0_L2A,2019-08-29 08:31:15.133000+00:00,2019-08-29,2019,8,29,3,0.315095,True,True,True
S2A_36SYA_20190829_1_L2A,2019-08-29 08:31:15.134000+00:00,2019-08-29,2019,8,29,3,0.110368,True,True,True
S2B_37SBS_20190903_0_L2A,2019-09-03 08:30:59.860000+00:00,2019-09-03,2019,9,3,1,0.537744,True,True,True
S2B_37SBS_20190903_1_L2A,2019-09-03 08:30:59.861000+00:00,2019-09-03,2019,9,3,1,0.073186,True,True,True
S2B_36SYB_20190903_0_L2A,2019-09-03 08:31:02.374000+00:00,2019-09-03,2019,9,3,1,1.921175,True,True,True
S2B_36SYB_20190903_1_L2A,2019-09-03 08:31:02.375000+00:00,2019-09-03,2019,9,3,1,3.25201,True,True,True
S2B_36SYA_20190903_0_L2A,2019-09-03 08:31:16.994000+00:00,2019-09-03,2019,9,3,1,0.795356,True,True,True
S2B_36SYA_20190903_1_L2A,2019-09-03 08:31:16.998000+00:00,2019-09-03,2019,9,3,1,0.266124,True,True,True
S2A_37SBS_20190908_0_L2A,2019-09-08 08:30:55.909000+00:00,2019-09-08,2019,9,8,1,13.698615,True,True,True
S2A_37SBS_20190908_1_L2A,2019-09-08 08:30:55.910000+00:00,2019-09-08,2019,9,8,1,21.581209,True,True,True
S2A_36SYB_20190908_0_L2A,2019-09-08 08:30:58.430000+00:00,2019-09-08,2019,9,8,1,28.513765,True,True,True
S2A_36SYB_20190908_1_L2A,2019-09-08 08:30:58.431000+00:00,2019-09-08,2019,9,8,1,41.824919,True,True,True
S2A_36SYA_20190908_0_L2A,2019-09-08 08:31:13.054000+00:00,2019-09-08,2019,9,8,1,32.197797,True,True,True
S2A_36SYA_20190908_1_L2A,2019-09-08 08:31:13.055000+00:00,2019-09-08,2019,9,8,1,45.243737,True,True,True
S2B_37SBS_20190913_0_L2A,2019-09-13 08:30:57.426000+00:00,2019-09-13,2019,9,13,2,0.219128,True,True,True
S2B_37SBS_20190913_1_L2A,2019-09-13 08:30:57.427000+00:00,2019-09-13,2019,9,13,2,0.06669,True,True,True
S2B_36SYB_20190913_0_L2A,2019-09-13 08:30:59.934000+00:00,2019-09-13,2019,9,13,2,2.091516,True,True,True
S2B_36SYB_20190913_1_L2A,2019-09-13 08:30:59.935000+00:00,2019-09-13,2019,9,13,2,3.392524,True,True,True
S2B_36SYA_20190913_0_L2A,2019-09-13 08:31:14.546000+00:00,2019-09-13,2019,9,13,2,0.972608,True,True,True
S2B_36SYA_20190913_1_L2A,2019-09-13 08:31:14.549000+00:00,2019-09-13,2019,9,13,2,0.918424,True,True,True
S2A_37SBS_20190918_0_L2A,2019-09-18 08:30:56.549000+00:00,2019-09-18,2019,9,18,2,0.203438,True,True,True
S2A_37SBS_20190918_1_L2A,2019-09-18 08:30:56.549000+00:00,2019-09-18,2019,9,18,2,8.3e-05,True,True,True
S2A_36SYB_20190918_0_L2A,2019-09-18 08:30:59.063000+00:00,2019-09-18,2019,9,18,2,0.3362,True,True,True
S2A_36SYB_20190918_1_L2A,2019-09-18 08:30:59.063000+00:00,2019-09-18,2019,9,18,2,0.001397,True,True,True
S2A_36SYA_20190918_0_L2A,2019-09-18 08:31:13.682000+00:00,2019-09-18,2019,9,18,2,0.35483,True,True,True
S2A_36SYA_20190918_1_L2A,2019-09-18 08:31:13.683000+00:00,2019-09-18,2019,9,18,2,0.012097,True,True,True
S2B_37SBS_20190923_0_L2A,2019-09-23 08:30:56.577000+00:00,2019-09-23,2019,9,23,3,0.136337,True,True,True
S2B_37SBS_20190923_1_L2A,2019-09-23 08:30:56.578000+00:00,2019-09-23,2019,9,23,3,0.017438,True,True,True
S2B_36SYB_20190923_0_L2A,2019-09-23 08:30:59.078000+00:00,2019-09-23,2019,9,23,3,0.150447,True,True,True
S2B_36SYB_20190923_1_L2A,2019-09-23 08:30:59.079000+00:00,2019-09-23,2019,9,23,3,0.020793,True,True,True
S2B_36SYA_20190923_0_L2A,2019-09-23 08:31:13.695000+00:00,2019-09-23,2019,9,23,3,1.848159,True,True,True
S2B_36SYA_20190923_1_L2A,2019-09-23 08:31:13.698000+00:00,2019-09-23,2019,9,23,3,0.022442,True,True,True
S2A_37SBS_20190928_0_L2A,2019-09-28 08:30:58.255000+00:00,2019-09-28,2019,9,28,3,0.168331,True,True,True
S2A_37SBS_20190928_1_L2A,2019-09-28 08:30:58.255000+00:00,2019-09-28,2019,9,28,3,5.9e-05,True,True,True
S2A_36SYB_20190928_0_L2A,2019-09-28 08:31:00.776000+00:00,2019-09-28,2019,9,28,3,5.363512,True,True,True
S2A_36SYB_20190928_1_L2A,2019-09-28 08:31:00.776000+00:00,2019-09-28,2019,9,28,3,7.377192,True,True,True
S2A_36SYA_20190928_0_L2A,2019-09-28 08:31:15.388000+00:00,2019-09-28,2019,9,28,3,1.70383,True,True,True
S2A_36SYA_20190928_1_L2A,2019-09-28 08:31:15.389000+00:00,2019-09-28,2019,9,28,3,1.625293,True,True,True
S2A_37SBS_20191008_0_L2A,2019-10-08 08:30:59.432000+00:00,2019-10-08,2019,10,8,1,5.25583,True,True,True
S2A_37SBS_20191008_1_L2A,2019-10-08 08:30:59.432000+00:00,2019-10-08,2019,10,8,1,7.117379,True,True,True
S2A_36SYB_20191008_0_L2A,2019-10-08 08:31:01.959000+00:00,2019-10-08,2019,10,8,1,6.614392,True,True,True
S2A_36SYB_20191008_1_L2A,2019-10-08 08:31:01.959000+00:00,2019-10-08,2019,10,8,1,10.06058,True,True,True
S2A_36SYA_20191008_0_L2A,2019-10-08 08:31:16.570000+00:00,2019-10-08,2019,10,8,1,2.6632,True,True,True
S2A_36SYA_20191008_1_L2A,2019-10-08 08:31:16.571000+00:00,2019-10-08,2019,10,8,1,2.862121,True,True,True
S2B_37SBS_20191013_0_L2A,2019-10-13 08:30:58.143000+00:00,2019-10-13,2019,10,13,2,0.094675,True,True,True
S2B_37SBS_20191013_1_L2A,2019-10-13 08:30:58.144000+00:00,2019-10-13,2019,10,13,2,7.2e-05,True,True,True
S2B_36SYB_20191013_0_L2A,2019-10-13 08:31:00.651000+00:00,2019-10-13,2019,10,13,2,0.162392,True,True,True
S2B_36SYB_20191013_1_L2A,2019-10-13 08:31:00.652000+00:00,2019-10-13,2019,10,13,2,0.001447,True,True,True
S2B_36SYA_20191013_0_L2A,2019-10-13 08:31:15.260000+00:00,2019-10-13,2019,10,13,2,0.284153,True,True,True
S2B_36SYA_20191013_1_L2A,2019-10-13 08:31:15.262000+00:00,2019-10-13,2019,10,13,2,0.005358,True,True,True
S2A_37SBS_20191018_0_L2A,2019-10-18 08:31:00.103000+00:00,2019-10-18,2019,10,18,2,57.986823,True,True,True
S2A_37SBS_20191018_1_L2A,2019-10-18 08:31:00.104000+00:00,2019-10-18,2019,10,18,2,55.08973,True,True,True
S2A_36SYB_20191018_0_L2A,2019-10-18 08:31:02.633000+00:00,2019-10-18,2019,10,18,2,68.512562,True,True,True
S2A_36SYB_20191018_1_L2A,2019-10-18 08:31:02.633000+00:00,2019-10-18,2019,10,18,2,67.849708,True,True,True
S2A_36SYA_20191018_0_L2A,2019-10-18 08:31:17.256000+00:00,2019-10-18,2019,10,18,2,16.282507,True,True,True
S2A_36SYA_20191018_1_L2A,2019-10-18 08:31:17.257000+00:00,2019-10-18,2019,10,18,2,21.463731,True,True,True
S2B_37SBS_20191023_0_L2A,2019-10-23 08:30:58.057000+00:00,2019-10-23,2019,10,23,3,43.180785,True,True,True
S2B_37SBS_20191023_1_L2A,2019-10-23 08:30:58.058000+00:00,2019-10-23,2019,10,23,3,49.743059,True,True,True
S2B_36SYB_20191023_0_L2A,2019-10-23 08:31:00.570000+00:00,2019-10-23,2019,10,23,3,77.789865,True,True,True
S2B_36SYB_20191023_1_L2A,2019-10-23 08:31:00.571000+00:00,2019-10-23,2019,10,23,3,82.337344,True,True,True
S2B_36SYA_20191023_0_L2A,2019-10-23 08:31:15.185000+00:00,2019-10-23,2019,10,23,3,31.151639,True,True,True
S2B_36SYA_20191023_1_L2A,2019-10-23 08:31:15.188000+00:00,2019-10-23,2019,10,23,3,33.995107,True,True,True
S2A_37SBS_20191028_0_L2A,2019-10-28 08:31:00.207000+00:00,2019-10-28,2019,10,28,3,33.013592,True,True,True
S2A_37SBS_20191028_1_L2A,2019-10-28 08:31:00.208000+00:00,2019-10-28,2019,10,28,3,38.833392,True,True,True
S2A_36SYB_20191028_0_L2A,2019-10-28 08:31:02.736000+00:00,2019-10-28,2019,10,28,3,36.403585,True,True,True
S2A_36SYB_20191028_1_L2A,2019-10-28 08:31:02.738000+00:00,2019-10-28,2019,10,28,3,44.159725,True,True,True
S2A_36SYA_20191028_0_L2A,2019-10-28 08:31:17.358000+00:00,2019-10-28,2019,10,28,3,23.464892,True,True,True
S2A_36SYA_20191028_1_L2A,2019-10-28 08:31:17.360000+00:00,2019-10-28,2019,10,28,3,30.629763,True,True,True
S2B_37SBS_20191102_0_L2A,2019-11-02 08:30:57.409000+00:00,2019-11-02,2019,11,2,1,27.387417,True,True,True
S2B_37SBS_20191102_1_L2A,2019-11-02 08:30:57.411000+00:00,2019-11-02,2019,11,2,1,39.197609,True,True,True
S2B_36SYB_20191102_0_L2A,2019-11-02 08:30:59.922000+00:00,2019-11-02,2019,11,2,1,47.029048,True,True,True
S2B_36SYB_20191102_1_L2A,2019-11-02 08:30:59.924000+00:00,2019-11-02,2019,11,2,1,60.084361,True,True,True
S2B_36SYA_20191102_0_L2A,2019-11-02 08:31:14.535000+00:00,2019-11-02,2019,11,2,1,13.596378,True,True,True
S2B_36SYA_20191102_1_L2A,2019-11-02 08:31:14.539000+00:00,2019-11-02,2019,11,2,1,18.652961,True,True,True
S2A_37SBS_20191107_0_L2A,2019-11-07 08:30:59.657000+00:00,2019-11-07,2019,11,7,1,0.230808,True,True,True
S2A_37SBS_20191107_1_L2A,2019-11-07 08:30:59.658000+00:00,2019-11-07,2019,11,7,1,0.051408,True,True,True
S2A_36SYB_20191107_0_L2A,2019-11-07 08:31:02.184000+00:00,2019-11-07,2019,11,7,1,0.358108,True,True,True
S2A_36SYB_20191107_1_L2A,2019-11-07 08:31:02.186000+00:00,2019-11-07,2019,11,7,1,0.004519,True,True,True
S2A_36SYA_20191107_0_L2A,2019-11-07 08:31:16.810000+00:00,2019-11-07,2019,11,7,1,0.349116,True,True,True
S2A_36SYA_20191107_1_L2A,2019-11-07 08:31:16.813000+00:00,2019-11-07,2019,11,7,1,0.012687,True,True,True
S2B_37SBS_20191112_0_L2A,2019-11-12 08:30:56.123000+00:00,2019-11-12,2019,11,12,2,0.185397,True,True,True
S2B_37SBS_20191112_1_L2A,2019-11-12 08:30:56.125000+00:00,2019-11-12,2019,11,12,2,0.004502,True,True,True
S2B_36SYB_20191112_0_L2A,2019-11-12 08:30:58.631000+00:00,2019-11-12,2019,11,12,2,0.182763,True,True,True
S2B_36SYB_20191112_1_L2A,2019-11-12 08:30:58.632000+00:00,2019-11-12,2019,11,12,2,0.011619,True,True,True
S2B_36SYA_20191112_0_L2A,2019-11-12 08:31:13.243000+00:00,2019-11-12,2019,11,12,2,0.406983,True,True,True
S2B_36SYA_20191112_1_L2A,2019-11-12 08:31:13.246000+00:00,2019-11-12,2019,11,12,2,0.013845,True,True,True
S2A_37SBS_20191117_0_L2A,2019-11-17 08:30:58.513000+00:00,2019-11-17,2019,11,17,2,0.806532,True,True,True
S2A_37SBS_20191117_1_L2A,2019-11-17 08:30:58.513000+00:00,2019-11-17,2019,11,17,2,0.39912,True,True,True
S2A_36SYB_20191117_0_L2A,2019-11-17 08:31:01.041000+00:00,2019-11-17,2019,11,17,2,0.608432,True,True,True
S2A_36SYB_20191117_1_L2A,2019-11-17 08:31:01.041000+00:00,2019-11-17,2019,11,17,2,0.534076,True,True,True
S2A_36SYA_20191117_0_L2A,2019-11-17 08:31:15.654000+00:00,2019-11-17,2019,11,17,2,1.044439,True,True,True
S2A_36SYA_20191117_1_L2A,2019-11-17 08:31:15.655000+00:00,2019-11-17,2019,11,17,2,0.629391,True,True,True
S2B_37SBS_20191122_0_L2A,2019-11-22 08:30:54.155000+00:00,2019-11-22,2019,11,22,3,45.725825,True,True,True
S2B_37SBS_20191122_1_L2A,2019-11-22 08:30:54.156000+00:00,2019-11-22,2019,11,22,3,48.796108,True,True,True
S2B_36SYB_20191122_0_L2A,2019-11-22 08:30:56.661000+00:00,2019-11-22,2019,11,22,3,27.325825,True,True,True
S2B_36SYB_20191122_1_L2A,2019-11-22 08:30:56.662000+00:00,2019-11-22,2019,11,22,3,32.381412,True,True,True
S2B_36SYA_20191122_0_L2A,2019-11-22 08:31:11.276000+00:00,2019-11-22,2019,11,22,3,52.27898,True,True,True
S2B_36SYA_20191122_1_L2A,2019-11-22 08:31:11.279000+00:00,2019-11-22,2019,11,22,3,54.186529,True,True,True
S2A_37SBS_20191127_0_L2A,2019-11-27 08:30:56.724000+00:00,2019-11-27,2019,11,27,3,0.856643,True,True,True
S2A_37SBS_20191127_1_L2A,2019-11-27 08:30:56.725000+00:00,2019-11-27,2019,11,27,3,1.199105,True,True,True
S2A_36SYB_20191127_0_L2A,2019-11-27 08:30:59.245000+00:00,2019-11-27,2019,11,27,3,1.067976,True,True,True
S2A_36SYB_20191127_1_L2A,2019-11-27 08:30:59.246000+00:00,2019-11-27,2019,11,27,3,1.283483,True,True,True
S2A_36SYA_20191127_0_L2A,2019-11-27 08:31:13.864000+00:00,2019-11-27,2019,11,27,3,0.35973,True,True,True
S2A_36SYA_20191127_1_L2A,2019-11-27 08:31:13.866000+00:00,2019-11-27,2019,11,27,3,0.053643,True,True,True
S2B_37SBS_20191202_0_L2A,2019-12-02 08:30:51.576000+00:00,2019-12-02,2019,12,2,1,22.503345,True,True,True
S2B_37SBS_20191202_1_L2A,2019-12-02 08:30:51.576000+00:00,2019-12-02,2019,12,2,1,30.090907,True,True,True
S2B_36SYB_20191202_0_L2A,2019-12-02 08:30:54.075000+00:00,2019-12-02,2019,12,2,1,29.409287,True,True,True
S2B_36SYB_20191202_1_L2A,2019-12-02 08:30:54.075000+00:00,2019-12-02,2019,12,2,1,37.045071,True,True,True
S2B_36SYA_20191202_0_L2A,2019-12-02 08:31:08.689000+00:00,2019-12-02,2019,12,2,1,50.286775,True,True,True
S2B_36SYA_20191202_1_L2A,2019-12-02 08:31:08.692000+00:00,2019-12-02,2019,12,2,1,59.135914,True,True,True
S2A_37SBS_20191207_0_L2A,2019-12-07 08:30:54.279000+00:00,2019-12-07,2019,12,7,1,1.252959,True,True,True
S2A_37SBS_20191207_1_L2A,2019-12-07 08:30:54.279000+00:00,2019-12-07,2019,12,7,1,1.80017,True,True,True
S2A_36SYB_20191207_0_L2A,2019-12-07 08:30:56.792000+00:00,2019-12-07,2019,12,7,1,4.498237,True,True,True
S2A_36SYB_20191207_1_L2A,2019-12-07 08:30:56.792000+00:00,2019-12-07,2019,12,7,1,4.801557,True,True,True
S2A_36SYA_20191207_0_L2A,2019-12-07 08:31:11.394000+00:00,2019-12-07,2019,12,7,1,9.267469,True,True,True
S2A_36SYA_20191207_1_L2A,2019-12-07 08:31:11.396000+00:00,2019-12-07,2019,12,7,1,9.395126,True,True,True
S2B_37SBS_20191212_0_L2A,2019-12-12 08:30:51.343000+00:00,2019-12-12,2019,12,12,2,94.563192,True,True,True
S2B_37SBS_20191212_1_L2A,2019-12-12 08:30:51.344000+00:00,2019-12-12,2019,12,12,2,93.725801,True,True,True
S2B_36SYB_20191212_0_L2A,2019-12-12 08:30:53.841000+00:00,2019-12-12,2019,12,12,2,99.742968,True,True,True
S2B_36SYB_20191212_1_L2A,2019-12-12 08:30:53.842000+00:00,2019-12-12,2019,12,12,2,99.767298,True,True,True
S2B_36SYA_20191212_0_L2A,2019-12-12 08:31:08.450000+00:00,2019-12-12,2019,12,12,2,74.853495,True,True,True
S2B_36SYA_20191212_1_L2A,2019-12-12 08:31:08.453000+00:00,2019-12-12,2019,12,12,2,75.360471,True,True,True
S2A_37SBS_20191217_0_L2A,2019-12-17 08:30:51.248000+00:00,2019-12-17,2019,12,17,2,0.230274,True,True,True
S2A_37SBS_20191217_1_L2A,2019-12-17 08:30:51.248000+00:00,2019-12-17,2019,12,17,2,0.016844,True,True,True
S2A_36SYB_20191217_0_L2A,2019-12-17 08:30:53.751000+00:00,2019-12-17,2019,12,17,2,0.331515,True,True,True
S2A_36SYB_20191217_1_L2A,2019-12-17 08:30:53.752000+00:00,2019-12-17,2019,12,17,2,0.050766,True,True,True
S2A_36SYA_20191217_0_L2A,2019-12-17 08:31:08.369000+00:00,2019-12-17,2019,12,17,2,1.325023,True,True,True
S2A_36SYA_20191217_1_L2A,2019-12-17 08:31:08.370000+00:00,2019-12-17,2019,12,17,2,1.135391,True,True,True
S2B_37SBS_20191222_0_L2A,2019-12-22 08:30:51.936000+00:00,2019-12-22,2019,12,22,3,0.501994,True,True,True
S2B_37SBS_20191222_1_L2A,2019-12-22 08:30:51.936000+00:00,2019-12-22,2019,12,22,3,0.163533,True,True,True
S2B_36SYB_20191222_0_L2A,2019-12-22 08:30:54.438000+00:00,2019-12-22,2019,12,22,3,0.580188,True,True,True
S2B_36SYB_20191222_1_L2A,2019-12-22 08:30:54.439000+00:00,2019-12-22,2019,12,22,3,0.461498,True,True,True
S2B_36SYA_20191222_0_L2A,2019-12-22 08:31:09.051000+00:00,2019-12-22,2019,12,22,3,1.024008,True,True,True
S2B_36SYA_20191222_1_L2A,2019-12-22 08:31:09.054000+00:00,2019-12-22,2019,12,22,3,0.05702,True,True,True
S2A_37SBS_20191227_0_L2A,2019-12-27 08:30:51.525000+00:00,2019-12-27,2019,12,27,3,75.895198,True,True,True
S2A_37SBS_20191227_1_L2A,2019-12-27 08:30:51.525000+00:00,2019-12-27,2019,12,27,3,78.429896,True,True,True
S2A_36SYB_20191227_0_L2A,2019-12-27 08:30:54.023000+00:00,2019-12-27,2019,12,27,3,77.539306,True,True,True
S2A_36SYB_20191227_1_L2A,2019-12-27 08:30:54.024000+00:00,2019-12-27,2019,12,27,3,92.982209,True,True,True
S2A_36SYA_20191227_0_L2A,2019-12-27 08:31:08.636000+00:00,2019-12-27,2019,12,27,3,89.961749,True,True,True
S2A_36SYA_20191227_1_L2A,2019-12-27 08:31:08.638000+00:00,2019-12-27,2019,12,27,3,92.243278,True,True,True
S2B_37SBS_20200101_0_L2A,2020-01-01 08:30:51.996000+00:00,2020-01-01,2020,1,1,1,48.865044,True,True,True
S2B_37SBS_20200101_1_L2A,2020-01-01 08:30:51.996000+00:00,2020-01-01,2020,1,1,1,50.564414,True,True,True
S2B_36SYB_20200101_0_L2A,2020-01-01 08:30:54.500000+00:00,2020-01-01,2020,1,1,1,50.895932,True,True,True
S2B_36SYB_20200101_1_L2A,2020-01-01 08:30:54.502000+00:00,2020-01-01,2020,1,1,1,57.465279,True,True,True
S2B_36SYA_20200101_0_L2A,2020-01-01 08:31:09.115000+00:00,2020-01-01,2020,1,1,1,81.062508,True,True,True
S2B_36SYA_20200101_1_L2A,2020-01-01 08:31:09.117000+00:00,2020-01-01,2020,1,1,1,82.589775,True,True,True
S2A_37SBS_20200106_0_L2A,2020-01-06 08:30:51.446000+00:00,2020-01-06,2020,1,6,1,0.732615,True,True,True
S2A_37SBS_20200106_1_L2A,2020-01-06 08:30:51.446000+00:00,2020-01-06,2020,1,6,1,0.65077,True,True,True
S2A_36SYB_20200106_0_L2A,2020-01-06 08:30:53.944000+00:00,2020-01-06,2020,1,6,1,0.94091,True,True,True
S2A_36SYB_20200106_1_L2A,2020-01-06 08:30:53.945000+00:00,2020-01-06,2020,1,6,1,0.905853,True,True,True
S2A_36SYA_20200106_0_L2A,2020-01-06 08:31:08.557000+00:00,2020-01-06,2020,1,6,1,0.519375,True,True,True
S2A_36SYA_20200106_1_L2A,2020-01-06 08:31:08.559000+00:00,2020-01-06,2020,1,6,1,0.217929,True,True,True
S2B_37SBS_20200111_0_L2A,2020-01-11 08:30:51.529000+00:00,2020-01-11,2020,1,11,2,33.303526,True,True,True
S2B_37SBS_20200111_1_L2A,2020-01-11 08:30:51.530000+00:00,2020-01-11,2020,1,11,2,39.411953,True,True,True
S2B_36SYB_20200111_0_L2A,2020-01-11 08:30:54.031000+00:00,2020-01-11,2020,1,11,2,22.19282,True,True,True
S2B_36SYB_20200111_1_L2A,2020-01-11 08:30:54.033000+00:00,2020-01-11,2020,1,11,2,26.64831,True,True,True
S2B_36SYA_20200111_0_L2A,2020-01-11 08:31:08.645000+00:00,2020-01-11,2020,1,11,2,21.740312,True,True,True
S2B_36SYA_20200111_1_L2A,2020-01-11 08:31:08.647000+00:00,2020-01-11,2020,1,11,2,27.565208,True,True,True
S2A_37SBS_20200116_0_L2A,2020-01-16 08:30:50.979000+00:00,2020-01-16,2020,1,16,2,61.395071,True,True,True
S2A_37SBS_20200116_1_L2A,2020-01-16 08:30:50.980000+00:00,2020-01-16,2020,1,16,2,65.876973,True,True,True
S2A_36SYB_20200116_0_L2A,2020-01-16 08:30:53.482000+00:00,2020-01-16,2020,1,16,2,81.644209,True,True,True
S2A_36SYB_20200116_1_L2A,2020-01-16 08:30:53.483000+00:00,2020-01-16,2020,1,16,2,88.063222,True,True,True
S2A_36SYA_20200116_0_L2A,2020-01-16 08:31:08.095000+00:00,2020-01-16,2020,1,16,2,70.994809,True,True,True
S2A_36SYA_20200116_1_L2A,2020-01-16 08:31:08.097000+00:00,2020-01-16,2020,1,16,2,72.019076,True,True,True
S2B_37SBS_20200121_0_L2A,2020-01-21 08:30:50.456000+00:00,2020-01-21,2020,1,21,3,68.558289,True,True,True
S2B_37SBS_20200121_1_L2A,2020-01-21 08:30:50.457000+00:00,2020-01-21,2020,1,21,3,74.115354,True,True,True
S2B_36SYB_20200121_0_L2A,2020-01-21 08:30:52.957000+00:00,2020-01-21,2020,1,21,3,59.469927,True,True,True
S2B_36SYB_20200121_1_L2A,2020-01-21 08:30:52.958000+00:00,2020-01-21,2020,1,21,3,68.583995,True,True,True
S2B_36SYA_20200121_0_L2A,2020-01-21 08:31:07.571000+00:00,2020-01-21,2020,1,21,3,78.452396,True,True,True
S2B_36SYA_20200121_1_L2A,2020-01-21 08:31:07.574000+00:00,2020-01-21,2020,1,21,3,82.689083,True,True,True
S2A_37SBS_20200126_0_L2A,2020-01-26 08:30:50.038000+00:00,2020-01-26,2020,1,26,3,2.985594,True,True,True
S2A_37SBS_20200126_1_L2A,2020-01-26 08:30:50.038000+00:00,2020-01-26,2020,1,26,3,1.964697,True,True,True
S2A_36SYB_20200126_0_L2A,2020-01-26 08:30:52.538000+00:00,2020-01-26,2020,1,26,3,1.912849,True,True,True
S2A_36SYB_20200126_1_L2A,2020-01-26 08:30:52.539000+00:00,2020-01-26,2020,1,26,3,1.821324,True,True,True
S2A_36SYA_20200126_0_L2A,2020-01-26 08:31:07.142000+00:00,2020-01-26,2020,1,26,3,1.504007,True,True,True
S2A_36SYA_20200126_1_L2A,2020-01-26 08:31:07.144000+00:00,2020-01-26,2020,1,26,3,0.058736,True,True,True
S2B_37SBS_20200131_0_L2A,2020-01-31 08:30:49.468000+00:00,2020-01-31,2020,1,31,3,38.726402,True,True,True
S2B_37SBS_20200131_1_L2A,2020-01-31 08:30:49.469000+00:00,2020-01-31,2020,1,31,3,44.508189,True,True,True
S2B_36SYB_20200131_0_L2A,2020-01-31 08:30:51.961000+00:00,2020-01-31,2020,1,31,3,41.381671,True,True,True
S2B_36SYB_20200131_1_L2A,2020-01-31 08:30:51.962000+00:00,2020-01-31,2020,1,31,3,49.040872,True,True,True
S2B_36SYA_20200131_0_L2A,2020-01-31 08:31:06.574000+00:00,2020-01-31,2020,1,31,3,64.128651,True,True,True
S2B_36SYA_20200131_1_L2A,2020-01-31 08:31:06.577000+00:00,2020-01-31,2020,1,31,3,68.69573,True,True,True
S2A_37SBS_20200205_0_L2A,2020-02-05 08:30:48.542000+00:00,2020-02-05,2020,2,5,1,9.952635,True,True,True
S2A_37SBS_20200205_1_L2A,2020-02-05 08:30:48.542000+00:00,2020-02-05,2020,2,5,1,15.035175,True,True,True
S2A_36SYB_20200205_0_L2A,2020-02-05 08:30:51.040000+00:00,2020-02-05,2020,2,5,1,6.152468,True,True,True
S2A_36SYB_20200205_1_L2A,2020-02-05 08:30:51.040000+00:00,2020-02-05,2020,2,5,1,9.693293,True,True,True
S2A_36SYA_20200205_0_L2A,2020-02-05 08:31:05.637000+00:00,2020-02-05,2020,2,5,1,1.859361,True,True,True
S2A_36SYA_20200205_1_L2A,2020-02-05 08:31:05.638000+00:00,2020-02-05,2020,2,5,1,2.239332,True,True,True
S2B_37SBS_20200210_0_L2A,2020-02-10 08:30:51.792000+00:00,2020-02-10,2020,2,10,1,60.554715,True,True,True
S2B_37SBS_20200210_1_L2A,2020-02-10 08:30:51.793000+00:00,2020-02-10,2020,2,10,1,64.106089,True,True,True
S2B_36SYB_20200210_0_L2A,2020-02-10 08:30:54.287000+00:00,2020-02-10,2020,2,10,1,77.031301,True,True,True
S2B_36SYB_20200210_1_L2A,2020-02-10 08:30:54.289000+00:00,2020-02-10,2020,2,10,1,81.50245,True,True,True
S2B_36SYA_20200210_0_L2A,2020-02-10 08:31:08.897000+00:00,2020-02-10,2020,2,10,1,90.443676,True,True,True
S2B_36SYA_20200210_1_L2A,2020-02-10 08:31:08.899000+00:00,2020-02-10,2020,2,10,1,92.41116,True,True,True
S2A_37SBS_20200215_0_L2A,2020-02-15 08:30:50.403000+00:00,2020-02-15,2020,2,15,2,40.355828,True,True,True
S2A_37SBS_20200215_1_L2A,2020-02-15 08:30:50.403000+00:00,2020-02-15,2020,2,15,2,43.813866,True,True,True
S2A_36SYB_20200215_0_L2A,2020-02-15 08:30:52.900000+00:00,2020-02-15,2020,2,15,2,31.557791,True,True,True
S2A_36SYB_20200215_1_L2A,2020-02-15 08:30:52.901000+00:00,2020-02-15,2020,2,15,2,40.378988,True,True,True
S2A_36SYA_20200215_0_L2A,2020-02-15 08:31:07.502000+00:00,2020-02-15,2020,2,15,2,6.00649,True,True,True
S2A_36SYA_20200215_1_L2A,2020-02-15 08:31:07.503000+00:00,2020-02-15,2020,2,15,2,7.210902,True,True,True
S2B_37SBS_20200220_0_L2A,2020-02-20 08:30:53.352000+00:00,2020-02-20,2020,2,20,2,42.11212,True,True,True
S2B_37SBS_20200220_1_L2A,2020-02-20 08:30:53.353000+00:00,2020-02-20,2020,2,20,2,48.558328,True,True,True
S2B_36SYB_20200220_0_L2A,2020-02-20 08:30:55.850000+00:00,2020-02-20,2020,2,20,2,57.096671,True,True,True
S2B_36SYB_20200220_1_L2A,2020-02-20 08:30:55.851000+00:00,2020-02-20,2020,2,20,2,65.613824,True,True,True
S2B_36SYA_20200220_0_L2A,2020-02-20 08:31:10.467000+00:00,2020-02-20,2020,2,20,2,80.64967,True,True,True
S2B_36SYA_20200220_1_L2A,2020-02-20 08:31:10.469000+00:00,2020-02-20,2020,2,20,2,86.313862,True,True,True
S2A_37SBS_20200225_0_L2A,2020-02-25 08:30:51.891000+00:00,2020-02-25,2020,2,25,3,33.560129,True,True,True
S2A_37SBS_20200225_1_L2A,2020-02-25 08:30:51.891000+00:00,2020-02-25,2020,2,25,3,35.111988,True,True,True
S2A_36SYB_20200225_0_L2A,2020-02-25 08:30:54.391000+00:00,2020-02-25,2020,2,25,3,43.538014,True,True,True
S2A_36SYB_20200225_1_L2A,2020-02-25 08:30:54.392000+00:00,2020-02-25,2020,2,25,3,48.440996,True,True,True
S2A_36SYA_20200225_0_L2A,2020-02-25 08:31:08.992000+00:00,2020-02-25,2020,2,25,3,86.689351,True,True,True
S2A_36SYA_20200225_1_L2A,2020-02-25 08:31:08.993000+00:00,2020-02-25,2020,2,25,3,89.735419,True,True,True
S2B_37SBS_20200301_0_L2A,2020-03-01 08:30:54.388000+00:00,2020-03-01,2020,3,1,1,52.536126,True,True,True
S2B_37SBS_20200301_1_L2A,2020-03-01 08:30:54.389000+00:00,2020-03-01,2020,3,1,1,55.632859,True,True,True
S2B_36SYB_20200301_0_L2A,2020-03-01 08:30:56.892000+00:00,2020-03-01,2020,3,1,1,67.493073,True,True,True
S2B_36SYB_20200301_1_L2A,2020-03-01 08:30:56.893000+00:00,2020-03-01,2020,3,1,1,71.981394,True,True,True
S2B_36SYA_20200301_0_L2A,2020-03-01 08:31:11.512000+00:00,2020-03-01,2020,3,1,1,38.106722,True,True,True
S2B_36SYA_20200301_1_L2A,2020-03-01 08:31:11.514000+00:00,2020-03-01,2020,3,1,1,46.426028,True,True,True
S2A_37SBS_20200306_0_L2A,2020-03-06 08:30:52.820000+00:00,2020-03-06,2020,3,6,1,93.482543,True,True,True
S2A_37SBS_20200306_1_L2A,2020-03-06 08:30:52.820000+00:00,2020-03-06,2020,3,6,1,91.75303,True,True,True
S2A_36SYB_20200306_0_L2A,2020-03-06 08:30:55.321000+00:00,2020-03-06,2020,3,6,1,91.596585,True,True,True
S2A_36SYB_20200306_1_L2A,2020-03-06 08:30:55.322000+00:00,2020-03-06,2020,3,6,1,91.617608,True,True,True
S2A_36SYA_20200306_0_L2A,2020-03-06 08:31:09.935000+00:00,2020-03-06,2020,3,6,1,90.640059,True,True,True
S2A_36SYA_20200306_1_L2A,2020-03-06 08:31:09.936000+00:00,2020-03-06,2020,3,6,1,92.254007,True,True,True
S2B_37SBS_20200311_0_L2A,2020-03-11 08:30:54.916000+00:00,2020-03-11,2020,3,11,2,1.704401,True,True,True
S2B_37SBS_20200311_1_L2A,2020-03-11 08:30:54.917000+00:00,2020-03-11,2020,3,11,2,1.309822,True,True,True
S2B_36SYB_20200311_0_L2A,2020-03-11 08:30:57.418000+00:00,2020-03-11,2020,3,11,2,0.640784,True,True,True
S2B_36SYB_20200311_1_L2A,2020-03-11 08:30:57.419000+00:00,2020-03-11,2020,3,11,2,0.017137,True,True,True
S2B_36SYA_20200311_0_L2A,2020-03-11 08:31:12.031000+00:00,2020-03-11,2020,3,11,2,16.535294,True,True,True
S2B_36SYA_20200311_1_L2A,2020-03-11 08:31:12.032000+00:00,2020-03-11,2020,3,11,2,21.97284,True,True,True
S2A_37SBS_20200316_0_L2A,2020-03-16 08:30:53.230000+00:00,2020-03-16,2020,3,16,2,6.732706,True,True,True
S2A_37SBS_20200316_1_L2A,2020-03-16 08:30:53.230000+00:00,2020-03-16,2020,3,16,2,10.949684,True,True,True
S2A_36SYB_20200316_0_L2A,2020-03-16 08:30:55.739000+00:00,2020-03-16,2020,3,16,2,6.655107,True,True,True
S2A_36SYB_20200316_1_L2A,2020-03-16 08:30:55.739000+00:00,2020-03-16,2020,3,16,2,10.498589,True,True,True
S2A_36SYA_20200316_0_L2A,2020-03-16 08:31:10.355000+00:00,2020-03-16,2020,3,16,2,4.745416,True,True,True
S2A_36SYA_20200316_1_L2A,2020-03-16 08:31:10.356000+00:00,2020-03-16,2020,3,16,2,6.761899,True,True,True
S2B_37SBS_20200321_0_L2A,2020-03-21 08:30:54.922000+00:00,2020-03-21,2020,3,21,3,96.193638,True,True,True
S2B_37SBS_20200321_1_L2A,2020-03-21 08:30:54.923000+00:00,2020-03-21,2020,3,21,3,97.552949,True,True,True
S2B_36SYB_20200321_0_L2A,2020-03-21 08:30:57.427000+00:00,2020-03-21,2020,3,21,3,81.772955,True,True,True
S2B_36SYB_20200321_1_L2A,2020-03-21 08:30:57.428000+00:00,2020-03-21,2020,3,21,3,87.061429,True,True,True
S2B_36SYA_20200321_0_L2A,2020-03-21 08:31:12.046000+00:00,2020-03-21,2020,3,21,3,83.401466,True,True,True
S2B_36SYA_20200321_1_L2A,2020-03-21 08:31:12.048000+00:00,2020-03-21,2020,3,21,3,87.882316,True,True,True
S2A_37SBS_20200326_0_L2A,2020-03-26 08:30:53.163000+00:00,2020-03-26,2020,3,26,3,24.773248,True,True,True
S2A_37SBS_20200326_1_L2A,2020-03-26 08:30:53.163000+00:00,2020-03-26,2020,3,26,3,30.531409,True,True,True
S2A_36SYB_20200326_0_L2A,2020-03-26 08:30:55.677000+00:00,2020-03-26,2020,3,26,3,16.20775,True,True,True
S2A_36SYB_20200326_1_L2A,2020-03-26 08:30:55.677000+00:00,2020-03-26,2020,3,26,3,24.260941,True,True,True
S2A_36SYA_20200326_0_L2A,2020-03-26 08:31:10.290000+00:00,2020-03-26,2020,3,26,3,14.490088,True,True,True
S2A_36SYA_20200326_1_L2A,2020-03-26 08:31:10.291000+00:00,2020-03-26,2020,3,26,3,19.323672,True,True,True
S2B_37SBS_20200331_0_L2A,2020-03-31 08:30:54.406000+00:00,2020-03-31,2020,3,31,3,99.4706,True,True,True
S2B_37SBS_20200331_1_L2A,2020-03-31 08:30:54.407000+00:00,2020-03-31,2020,3,31,3,99.576044,True,True,True
S2B_36SYB_20200331_0_L2A,2020-03-31 08:30:56.913000+00:00,2020-03-31,2020,3,31,3,99.794029,True,True,True
S2B_36SYB_20200331_1_L2A,2020-03-31 08:30:56.914000+00:00,2020-03-31,2020,3,31,3,99.999356,True,True,True
S2B_36SYA_20200331_0_L2A,2020-03-31 08:31:11.536000+00:00,2020-03-31,2020,3,31,3,91.211453,True,True,True
S2B_36SYA_20200331_1_L2A,2020-03-31 08:31:11.537000+00:00,2020-03-31,2020,3,31,3,90.371978,True,True,True
S2A_37SBS_20200405_0_L2A,2020-04-05 08:30:53.648000+00:00,2020-04-05,2020,4,5,1,79.681556,True,True,True
S2A_37SBS_20200405_1_L2A,2020-04-05 08:30:53.648000+00:00,2020-04-05,2020,4,5,1,54.362512,True,True,True
S2A_36SYB_20200405_0_L2A,2020-04-05 08:30:56.155000+00:00,2020-04-05,2020,4,5,1,69.969949,True,True,True
S2A_36SYB_20200405_1_L2A,2020-04-05 08:30:56.155000+00:00,2020-04-05,2020,4,5,1,59.457493,True,True,True
S2A_36SYA_20200405_0_L2A,2020-04-05 08:31:10.742000+00:00,2020-04-05,2020,4,5,1,76.059461,True,True,True
S2A_36SYA_20200405_1_L2A,2020-04-05 08:31:10.743000+00:00,2020-04-05,2020,4,5,1,74.284703,True,True,True
S2B_37SBS_20200410_0_L2A,2020-04-10 08:30:53.395000+00:00,2020-04-10,2020,4,10,1,89.39208,True,True,True
S2B_37SBS_20200410_1_L2A,2020-04-10 08:30:53.396000+00:00,2020-04-10,2020,4,10,1,92.7378,True,True,True
S2B_36SYB_20200410_0_L2A,2020-04-10 08:30:55.901000+00:00,2020-04-10,2020,4,10,1,83.806115,True,True,True
S2B_36SYB_20200410_1_L2A,2020-04-10 08:30:55.902000+00:00,2020-04-10,2020,4,10,1,93.358344,True,True,True
S2B_36SYA_20200410_0_L2A,2020-04-10 08:31:10.518000+00:00,2020-04-10,2020,4,10,1,88.145645,True,True,True
S2B_36SYA_20200410_1_L2A,2020-04-10 08:31:10.520000+00:00,2020-04-10,2020,4,10,1,91.966915,True,True,True
S2A_37SBS_20200415_1_L2A,2020-04-15 08:30:56.476000+00:00,2020-04-15,2020,4,15,2,9.433495,True,True,True
S2A_37SBS_20200415_0_L2A,2020-04-15 08:30:56.477000+00:00,2020-04-15,2020,4,15,2,5.224992,True,True,True
S2A_36SYB_20200415_0_L2A,2020-04-15 08:30:58.995000+00:00,2020-04-15,2020,4,15,2,8.198327,True,True,True
S2A_36SYB_20200415_1_L2A,2020-04-15 08:30:58.995000+00:00,2020-04-15,2020,4,15,2,17.703153,True,True,True
S2A_36SYA_20200415_0_L2A,2020-04-15 08:31:13.600000+00:00,2020-04-15,2020,4,15,2,1.24843,True,True,True
S2A_36SYA_20200415_1_L2A,2020-04-15 08:31:13.601000+00:00,2020-04-15,2020,4,15,2,0.510987,True,True,True
S2B_37SBS_20200420_0_L2A,2020-04-20 08:30:51.808000+00:00,2020-04-20,2020,4,20,2,32.506914,True,True,True
S2B_37SBS_20200420_1_L2A,2020-04-20 08:30:51.808000+00:00,2020-04-20,2020,4,20,2,39.94959,True,True,True
S2B_36SYB_20200420_0_L2A,2020-04-20 08:30:54.310000+00:00,2020-04-20,2020,4,20,2,15.682102,True,True,True
S2B_36SYB_20200420_1_L2A,2020-04-20 08:30:54.310000+00:00,2020-04-20,2020,4,20,2,24.434474,True,True,True
S2B_36SYA_20200420_0_L2A,2020-04-20 08:31:08.929000+00:00,2020-04-20,2020,4,20,2,10.281027,True,True,True
S2B_36SYA_20200420_1_L2A,2020-04-20 08:31:08.930000+00:00,2020-04-20,2020,4,20,2,13.978709,True,True,True
S2A_37SBS_20200425_1_L2A,2020-04-25 08:30:58.861000+00:00,2020-04-25,2020,4,25,3,73.880249,True,True,True
S2A_37SBS_20200425_0_L2A,2020-04-25 08:30:58.862000+00:00,2020-04-25,2020,4,25,3,68.04153,True,True,True
S2A_36SYB_20200425_0_L2A,2020-04-25 08:31:01.390000+00:00,2020-04-25,2020,4,25,3,61.540454,True,True,True
S2A_36SYB_20200425_1_L2A,2020-04-25 08:31:01.390000+00:00,2020-04-25,2020,4,25,3,69.115537,True,True,True
S2A_36SYA_20200425_0_L2A,2020-04-25 08:31:15.999000+00:00,2020-04-25,2020,4,25,3,78.669986,True,True,True
S2A_36SYA_20200425_1_L2A,2020-04-25 08:31:16+00:00,2020-04-25,2020,4,25,3,82.579643,True,True,True
S2B_37SBS_20200430_0_L2A,2020-04-30 08:30:53.008000+00:00,2020-04-30,2020,4,30,3,36.335622,True,True,True
S2B_37SBS_20200430_1_L2A,2020-04-30 08:30:53.009000+00:00,2020-04-30,2020,4,30,3,41.132379,True,True,True
S2B_36SYB_20200430_0_L2A,2020-04-30 08:30:55.506000+00:00,2020-04-30,2020,4,30,3,16.46172,True,True,True
S2B_36SYB_20200430_1_L2A,2020-04-30 08:30:55.507000+00:00,2020-04-30,2020,4,30,3,25.610563,True,True,True
S2B_36SYA_20200430_0_L2A,2020-04-30 08:31:10.122000+00:00,2020-04-30,2020,4,30,3,9.673339,True,True,True
S2B_36SYA_20200430_1_L2A,2020-04-30 08:31:10.124000+00:00,2020-04-30,2020,4,30,3,11.485403,True,True,True
S2A_37SBS_20200505_0_L2A,2020-05-05 08:31:00.686000+00:00,2020-05-05,2020,5,5,1,57.936723,True,True,True
S2A_37SBS_20200505_1_L2A,2020-05-05 08:31:00.686000+00:00,2020-05-05,2020,5,5,1,63.496405,True,True,True
S2A_36SYB_20200505_0_L2A,2020-05-05 08:31:03.216000+00:00,2020-05-05,2020,5,5,1,85.97721,True,True,True
S2A_36SYB_20200505_1_L2A,2020-05-05 08:31:03.216000+00:00,2020-05-05,2020,5,5,1,90.033567,True,True,True
S2A_36SYA_20200505_0_L2A,2020-05-05 08:31:17.845000+00:00,2020-05-05,2020,5,5,1,46.512809,True,True,True
S2A_36SYA_20200505_1_L2A,2020-05-05 08:31:17.846000+00:00,2020-05-05,2020,5,5,1,54.817504,True,True,True
S2B_37SBS_20200510_0_L2A,2020-05-10 08:30:55.309000+00:00,2020-05-10,2020,5,10,1,8.247699,True,True,True
S2B_37SBS_20200510_1_L2A,2020-05-10 08:30:55.310000+00:00,2020-05-10,2020,5,10,1,11.57186,True,True,True
S2B_36SYB_20200510_0_L2A,2020-05-10 08:30:57.816000+00:00,2020-05-10,2020,5,10,1,19.763388,True,True,True
S2B_36SYB_20200510_1_L2A,2020-05-10 08:30:57.817000+00:00,2020-05-10,2020,5,10,1,28.194487,True,True,True
S2B_36SYA_20200510_0_L2A,2020-05-10 08:31:12.428000+00:00,2020-05-10,2020,5,10,1,13.697383,True,True,True
S2B_36SYA_20200510_1_L2A,2020-05-10 08:31:12.430000+00:00,2020-05-10,2020,5,10,1,17.598289,True,True,True
S2A_37SBS_20200515_0_L2A,2020-05-15 08:31:01.995000+00:00,2020-05-15,2020,5,15,2,78.155184,True,True,True
S2A_37SBS_20200515_1_L2A,2020-05-15 08:31:01.995000+00:00,2020-05-15,2020,5,15,2,77.021581,True,True,True
S2A_36SYB_20200515_0_L2A,2020-05-15 08:31:04.532000+00:00,2020-05-15,2020,5,15,2,77.019389,True,True,True
S2A_36SYB_20200515_1_L2A,2020-05-15 08:31:04.532000+00:00,2020-05-15,2020,5,15,2,76.858455,True,True,True
S2A_36SYA_20200515_0_L2A,2020-05-15 08:31:19.142000+00:00,2020-05-15,2020,5,15,2,44.953112,True,True,True
S2A_36SYA_20200515_1_L2A,2020-05-15 08:31:19.143000+00:00,2020-05-15,2020,5,15,2,49.875507,True,True,True
S2B_37SBS_20200520_0_L2A,2020-05-20 08:30:57.080000+00:00,2020-05-20,2020,5,20,2,0.158607,True,True,True
S2B_37SBS_20200520_1_L2A,2020-05-20 08:30:57.080000+00:00,2020-05-20,2020,5,20,2,0.01647,True,True,True
S2B_36SYB_20200520_0_L2A,2020-05-20 08:30:59.592000+00:00,2020-05-20,2020,5,20,2,0.276084,True,True,True
S2B_36SYB_20200520_1_L2A,2020-05-20 08:30:59.593000+00:00,2020-05-20,2020,5,20,2,0.001709,True,True,True
S2B_36SYA_20200520_0_L2A,2020-05-20 08:31:14.210000+00:00,2020-05-20,2020,5,20,2,0.520138,True,True,True
S2B_36SYA_20200520_1_L2A,2020-05-20 08:31:14.211000+00:00,2020-05-20,2020,5,20,2,0.286847,True,True,True
S2A_37SBS_20200525_0_L2A,2020-05-25 08:31:02.862000+00:00,2020-05-25,2020,5,25,3,17.373983,True,True,True
S2A_37SBS_20200525_1_L2A,2020-05-25 08:31:02.862000+00:00,2020-05-25,2020,5,25,3,21.721244,True,True,True
S2A_36SYB_20200525_0_L2A,2020-05-25 08:31:05.401000+00:00,2020-05-25,2020,5,25,3,11.5605,True,True,True
S2A_36SYB_20200525_1_L2A,2020-05-25 08:31:05.401000+00:00,2020-05-25,2020,5,25,3,15.106589,True,True,True
S2A_36SYA_20200525_0_L2A,2020-05-25 08:31:20.016000+00:00,2020-05-25,2020,5,25,3,10.340682,True,True,True
S2A_36SYA_20200525_1_L2A,2020-05-25 08:31:20.017000+00:00,2020-05-25,2020,5,25,3,11.81802,True,True,True
S2B_37SBS_20200530_0_L2A,2020-05-30 08:30:58.378000+00:00,2020-05-30,2020,5,30,3,0.75612,True,True,True
S2B_37SBS_20200530_1_L2A,2020-05-30 08:30:58.379000+00:00,2020-05-30,2020,5,30,3,1.031845,True,True,True
S2B_36SYB_20200530_0_L2A,2020-05-30 08:31:00.894000+00:00,2020-05-30,2020,5,30,3,1.79517,True,True,True
S2B_36SYB_20200530_1_L2A,2020-05-30 08:31:00.895000+00:00,2020-05-30,2020,5,30,3,2.854496,True,True,True
S2B_36SYA_20200530_0_L2A,2020-05-30 08:31:15.511000+00:00,2020-05-30,2020,5,30,3,3.527809,True,True,True
S2B_36SYA_20200530_1_L2A,2020-05-30 08:31:15.513000+00:00,2020-05-30,2020,5,30,3,2.064144,True,True,True
S2A_37SBS_20200604_1_L2A,2020-06-04 08:31:03.243000+00:00,2020-06-04,2020,6,4,1,7.816503,True,True,True
S2A_37SBS_20200604_0_L2A,2020-06-04 08:31:03.244000+00:00,2020-06-04,2020,6,4,1,6.891922,True,True,True
S2A_36SYB_20200604_0_L2A,2020-06-04 08:31:05.780000+00:00,2020-06-04,2020,6,4,1,11.415626,True,True,True
S2A_36SYB_20200604_1_L2A,2020-06-04 08:31:05.780000+00:00,2020-06-04,2020,6,4,1,14.847562,True,True,True
S2A_36SYA_20200604_0_L2A,2020-06-04 08:31:20.377000+00:00,2020-06-04,2020,6,4,1,16.254909,True,True,True
S2A_36SYA_20200604_1_L2A,2020-06-04 08:31:20.378000+00:00,2020-06-04,2020,6,4,1,19.79513,True,True,True
S2B_37SBS_20200609_0_L2A,2020-06-09 08:30:59.192000+00:00,2020-06-09,2020,6,9,1,0.795151,True,True,True
S2B_37SBS_20200609_1_L2A,2020-06-09 08:30:59.193000+00:00,2020-06-09,2020,6,9,1,0.180078,True,True,True
S2B_36SYB_20200609_0_L2A,2020-06-09 08:31:01.707000+00:00,2020-06-09,2020,6,9,1,0.655608,True,True,True
S2B_36SYB_20200609_1_L2A,2020-06-09 08:31:01.708000+00:00,2020-06-09,2020,6,9,1,0.097724,True,True,True
S2B_36SYA_20200609_0_L2A,2020-06-09 08:31:16.323000+00:00,2020-06-09,2020,6,9,1,2.751212,True,True,True
S2B_36SYA_20200609_1_L2A,2020-06-09 08:31:16.325000+00:00,2020-06-09,2020,6,9,1,0.907784,True,True,True
S2A_37SBS_20200614_0_L2A,2020-06-14 08:31:03.104000+00:00,2020-06-14,2020,6,14,2,0.314842,True,True,True
S2A_37SBS_20200614_1_L2A,2020-06-14 08:31:03.104000+00:00,2020-06-14,2020,6,14,2,0.10525,True,True,True
S2A_36SYB_20200614_0_L2A,2020-06-14 08:31:05.636000+00:00,2020-06-14,2020,6,14,2,0.633356,True,True,True
S2A_36SYB_20200614_1_L2A,2020-06-14 08:31:05.636000+00:00,2020-06-14,2020,6,14,2,0.277935,True,True,True
S2A_36SYA_20200614_0_L2A,2020-06-14 08:31:20.254000+00:00,2020-06-14,2020,6,14,2,1.608658,True,True,True
S2A_36SYA_20200614_1_L2A,2020-06-14 08:31:20.255000+00:00,2020-06-14,2020,6,14,2,0.82307,True,True,True
S2B_37SBS_20200619_0_L2A,2020-06-19 08:30:59.491000+00:00,2020-06-19,2020,6,19,2,26.321394,True,True,True
S2B_37SBS_20200619_3_L2A,2020-06-19 08:30:59.492000+00:00,2020-06-19,2020,6,19,2,33.176991,True,True,True
S2B_36SYB_20200619_0_L2A,2020-06-19 08:31:01.998000+00:00,2020-06-19,2020,6,19,2,36.599805,True,True,True
S2B_36SYB_20200619_1_L2A,2020-06-19 08:31:01.998000+00:00,2020-06-19,2020,6,19,2,46.523377,True,True,True
S2B_36SYA_20200619_0_L2A,2020-06-19 08:31:16.616000+00:00,2020-06-19,2020,6,19,2,25.508542,True,True,True
S2B_36SYA_20200619_1_L2A,2020-06-19 08:31:16.617000+00:00,2020-06-19,2020,6,19,2,33.485961,True,True,True
S2A_37SBS_20200624_1_L2A,2020-06-24 08:31:02.585000+00:00,2020-06-24,2020,6,24,3,2.139039,True,True,True
S2A_37SBS_20200624_0_L2A,2020-06-24 08:31:02.586000+00:00,2020-06-24,2020,6,24,3,1.004623,True,True,True
S2A_36SYB_20200624_0_L2A,2020-06-24 08:31:05.114000+00:00,2020-06-24,2020,6,24,3,2.20601,True,True,True
S2A_36SYB_20200624_1_L2A,2020-06-24 08:31:05.114000+00:00,2020-06-24,2020,6,24,3,2.917919,True,True,True
S2A_36SYA_20200624_0_L2A,2020-06-24 08:31:19.729000+00:00,2020-06-24,2020,6,24,3,3.480914,True,True,True
S2A_36SYA_20200624_1_L2A,2020-06-24 08:31:19.730000+00:00,2020-06-24,2020,6,24,3,2.716527,True,True,True
S2B_37SBS_20200629_0_L2A,2020-06-29 08:30:59.356000+00:00,2020-06-29,2020,6,29,3,0.691732,True,True,True
S2B_37SBS_20200629_1_L2A,2020-06-29 08:30:59.357000+00:00,2020-06-29,2020,6,29,3,1.110453,True,True,True
S2B_36SYB_20200629_0_L2A,2020-06-29 08:31:01.865000+00:00,2020-06-29,2020,6,29,3,6.705306,True,True,True
S2B_36SYB_20200629_1_L2A,2020-06-29 08:31:01.866000+00:00,2020-06-29,2020,6,29,3,11.4133,True,True,True
S2B_36SYA_20200629_0_L2A,2020-06-29 08:31:16.482000+00:00,2020-06-29,2020,6,29,3,1.275115,True,True,True
S2B_36SYA_20200629_1_L2A,2020-06-29 08:31:16.484000+00:00,2020-06-29,2020,6,29,3,0.493412,True,True,True
S2A_37SBS_20200704_0_L2A,2020-07-04 08:31:01.640000+00:00,2020-07-04,2020,7,4,1,0.254743,True,True,True
S2A_37SBS_20200704_1_L2A,2020-07-04 08:31:01.640000+00:00,2020-07-04,2020,7,4,1,0.046109,True,True,True
S2A_36SYB_20200704_0_L2A,2020-07-04 08:31:04.152000+00:00,2020-07-04,2020,7,4,1,1.467918,True,True,True
S2A_36SYB_20200704_1_L2A,2020-07-04 08:31:04.153000+00:00,2020-07-04,2020,7,4,1,1.86151,True,True,True
S2A_36SYA_20200704_0_L2A,2020-07-04 08:31:18.777000+00:00,2020-07-04,2020,7,4,1,0.83377,True,True,True
S2A_36SYA_20200704_1_L2A,2020-07-04 08:31:18.778000+00:00,2020-07-04,2020,7,4,1,0.002405,True,True,True
S2B_37SBS_20200709_0_L2A,2020-07-09 08:30:58.838000+00:00,2020-07-09,2020,7,9,1,0.514623,True,True,True
S2B_37SBS_20200709_1_L2A,2020-07-09 08:30:58.838000+00:00,2020-07-09,2020,7,9,1,0.451372,True,True,True
S2B_36SYB_20200709_0_L2A,2020-07-09 08:31:01.339000+00:00,2020-07-09,2020,7,9,1,13.921995,True,True,True
S2B_36SYB_20200709_1_L2A,2020-07-09 08:31:01.340000+00:00,2020-07-09,2020,7,9,1,19.935043,True,True,True
S2B_36SYA_20200709_0_L2A,2020-07-09 08:31:15.955000+00:00,2020-07-09,2020,7,9,1,11.201207,True,True,True
S2B_36SYA_20200709_1_L2A,2020-07-09 08:31:15.957000+00:00,2020-07-09,2020,7,9,1,14.203537,True,True,True
S2A_37SBS_20200714_0_L2A,2020-07-14 08:31:01.493000+00:00,2020-07-14,2020,7,14,2,0.359978,True,True,True
S2A_37SBS_20200714_1_L2A,2020-07-14 08:31:01.493000+00:00,2020-07-14,2020,7,14,2,0.027264,True,True,True
S2A_36SYB_20200714_0_L2A,2020-07-14 08:31:04.008000+00:00,2020-07-14,2020,7,14,2,2.963358,True,True,True
S2A_36SYB_20200714_1_L2A,2020-07-14 08:31:04.008000+00:00,2020-07-14,2020,7,14,2,3.574968,True,True,True
S2A_36SYA_20200714_0_L2A,2020-07-14 08:31:18.616000+00:00,2020-07-14,2020,7,14,2,0.72157,True,True,True
S2A_36SYA_20200714_1_L2A,2020-07-14 08:31:18.617000+00:00,2020-07-14,2020,7,14,2,0.007157,True,True,True
S2B_37SBS_20200719_0_L2A,2020-07-19 08:30:58.525000+00:00,2020-07-19,2020,7,19,2,0.196334,True,True,True
S2B_37SBS_20200719_1_L2A,2020-07-19 08:30:58.526000+00:00,2020-07-19,2020,7,19,2,0.003863,True,True,True
S2B_36SYB_20200719_0_L2A,2020-07-19 08:31:01.022000+00:00,2020-07-19,2020,7,19,2,0.409,True,True,True
S2B_36SYB_20200719_1_L2A,2020-07-19 08:31:01.024000+00:00,2020-07-19,2020,7,19,2,0.003882,True,True,True
S2B_36SYA_20200719_0_L2A,2020-07-19 08:31:15.636000+00:00,2020-07-19,2020,7,19,2,0.888892,True,True,True
S2B_36SYA_20200719_1_L2A,2020-07-19 08:31:15.638000+00:00,2020-07-19,2020,7,19,2,0.09214,True,True,True
S2A_37SBS_20200724_0_L2A,2020-07-24 08:31:02.401000+00:00,2020-07-24,2020,7,24,3,0.606255,True,True,True
S2A_37SBS_20200724_1_L2A,2020-07-24 08:31:02.401000+00:00,2020-07-24,2020,7,24,3,0.075524,True,True,True
S2A_36SYB_20200724_0_L2A,2020-07-24 08:31:04.923000+00:00,2020-07-24,2020,7,24,3,0.719719,True,True,True
S2A_36SYB_20200724_1_L2A,2020-07-24 08:31:04.923000+00:00,2020-07-24,2020,7,24,3,0.645827,True,True,True
S2A_36SYA_20200724_0_L2A,2020-07-24 08:31:19.533000+00:00,2020-07-24,2020,7,24,3,1.578926,True,True,True
S2A_36SYA_20200724_1_L2A,2020-07-24 08:31:19.534000+00:00,2020-07-24,2020,7,24,3,0.00422,True,True,True
S2B_37SBS_20200729_0_L2A,2020-07-29 08:30:59.588000+00:00,2020-07-29,2020,7,29,3,3.087648,True,True,True
S2B_37SBS_20200729_1_L2A,2020-07-29 08:30:59.589000+00:00,2020-07-29,2020,7,29,3,4.053551,True,True,True
S2B_36SYB_20200729_0_L2A,2020-07-29 08:31:02.091000+00:00,2020-07-29,2020,7,29,3,0.803212,True,True,True
S2B_36SYB_20200729_1_L2A,2020-07-29 08:31:02.092000+00:00,2020-07-29,2020,7,29,3,0.48254,True,True,True
S2B_36SYA_20200729_0_L2A,2020-07-29 08:31:16.711000+00:00,2020-07-29,2020,7,29,3,2.575015,True,True,True
S2B_36SYA_20200729_1_L2A,2020-07-29 08:31:16.713000+00:00,2020-07-29,2020,7,29,3,1.928448,True,True,True
S2A_37SBS_20200803_0_L2A,2020-08-03 08:31:02.878000+00:00,2020-08-03,2020,8,3,1,0.322453,True,True,True
S2A_37SBS_20200803_1_L2A,2020-08-03 08:31:02.878000+00:00,2020-08-03,2020,8,3,1,0.011039,True,True,True
S2A_36SYB_20200803_0_L2A,2020-08-03 08:31:05.401000+00:00,2020-08-03,2020,8,3,1,2.209183,True,True,True
S2A_36SYB_20200803_1_L2A,2020-08-03 08:31:05.402000+00:00,2020-08-03,2020,8,3,1,3.288048,True,True,True
S2A_36SYA_20200803_0_L2A,2020-08-03 08:31:20.004000+00:00,2020-08-03,2020,8,3,1,1.110882,True,True,True
S2A_36SYA_20200803_1_L2A,2020-08-03 08:31:20.005000+00:00,2020-08-03,2020,8,3,1,0.003567,True,True,True
S2B_37SBS_20200808_0_L2A,2020-08-08 08:31:00.276000+00:00,2020-08-08,2020,8,8,1,0.808444,True,True,True
S2B_37SBS_20200808_1_L2A,2020-08-08 08:31:00.276000+00:00,2020-08-08,2020,8,8,1,0.510358,True,True,True
S2B_36SYB_20200808_0_L2A,2020-08-08 08:31:02.780000+00:00,2020-08-08,2020,8,8,1,6.382958,True,True,True
S2B_36SYB_20200808_1_L2A,2020-08-08 08:31:02.781000+00:00,2020-08-08,2020,8,8,1,10.320706,True,True,True
S2B_36SYA_20200808_0_L2A,2020-08-08 08:31:17.396000+00:00,2020-08-08,2020,8,8,1,1.23559,True,True,True
S2B_36SYA_20200808_1_L2A,2020-08-08 08:31:17.398000+00:00,2020-08-08,2020,8,8,1,0.949201,True,True,True
S2A_37SBS_20200813_0_L2A,2020-08-13 08:31:02.868000+00:00,2020-08-13,2020,8,13,2,0.226122,True,True,True
S2A_37SBS_20200813_1_L2A,2020-08-13 08:31:02.868000+00:00,2020-08-13,2020,8,13,2,0.013733,True,True,True
S2A_36SYB_20200813_0_L2A,2020-08-13 08:31:05.395000+00:00,2020-08-13,2020,8,13,2,1.800751,True,True,True
S2A_36SYB_20200813_1_L2A,2020-08-13 08:31:05.396000+00:00,2020-08-13,2020,8,13,2,2.539882,True,True,True
S2A_36SYA_20200813_0_L2A,2020-08-13 08:31:20.007000+00:00,2020-08-13,2020,8,13,2,0.761965,True,True,True
S2A_36SYA_20200813_1_L2A,2020-08-13 08:31:20.009000+00:00,2020-08-13,2020,8,13,2,0.218294,True,True,True
S2B_37SBS_20200818_0_L2A,2020-08-18 08:31:00.490000+00:00,2020-08-18,2020,8,18,2,0.14212,True,True,True
S2B_37SBS_20200818_1_L2A,2020-08-18 08:31:00.490000+00:00,2020-08-18,2020,8,18,2,0.009458,True,True,True
S2B_36SYB_20200818_0_L2A,2020-08-18 08:31:02.998000+00:00,2020-08-18,2020,8,18,2,0.615678,True,True,True
S2B_36SYB_20200818_1_L2A,2020-08-18 08:31:02.999000+00:00,2020-08-18,2020,8,18,2,0.794048,True,True,True
S2B_36SYA_20200818_0_L2A,2020-08-18 08:31:17.620000+00:00,2020-08-18,2020,8,18,2,1.17777,True,True,True
S2B_36SYA_20200818_1_L2A,2020-08-18 08:31:17.622000+00:00,2020-08-18,2020,8,18,2,0.00205,True,True,True
S2A_37SBS_20200823_3_L2A,2020-08-23 08:31:01.971000+00:00,2020-08-23,2020,8,23,3,0.011306,True,True,True
S2A_37SBS_20200823_1_L2A,2020-08-23 08:31:01.972000+00:00,2020-08-23,2020,8,23,3,0.195673,True,True,True
S2A_36SYB_20200823_3_L2A,2020-08-23 08:31:03.446000+00:00,2020-08-23,2020,8,23,3,1.961136,True,True,True
S2A_36SYB_20200823_1_L2A,2020-08-23 08:31:03.447000+00:00,2020-08-23,2020,8,23,3,1.492151,True,True,True
S2A_37SBS_20200823_0_L2A,2020-08-23 08:31:09.241000+00:00,2020-08-23,2020,8,23,3,0.392962,True,True,True
S2A_37SBS_20200823_2_L2A,2020-08-23 08:31:09.244000+00:00,2020-08-23,2020,8,23,3,3.3e-05,True,True,True
S2A_36SYB_20200823_0_L2A,2020-08-23 08:31:10.147000+00:00,2020-08-23,2020,8,23,3,4.692818,True,True,True
S2A_36SYB_20200823_2_L2A,2020-08-23 08:31:10.149000+00:00,2020-08-23,2020,8,23,3,7.185969,True,True,True
S2A_36SYA_20200823_0_L2A,2020-08-23 08:31:19.628000+00:00,2020-08-23,2020,8,23,3,3.094701,True,True,True
S2A_36SYA_20200823_1_L2A,2020-08-23 08:31:19.629000+00:00,2020-08-23,2020,8,23,3,3.113623,True,True,True
S2B_37SBS_20200828_0_L2A,2020-08-28 08:31:00.278000+00:00,2020-08-28,2020,8,28,3,0.144822,True,True,True
S2B_37SBS_20200828_1_L2A,2020-08-28 08:31:00.279000+00:00,2020-08-28,2020,8,28,3,0.006464,True,True,True
S2B_36SYB_20200828_0_L2A,2020-08-28 08:31:02.790000+00:00,2020-08-28,2020,8,28,3,1.259641,True,True,True
S2B_36SYB_20200828_1_L2A,2020-08-28 08:31:02.791000+00:00,2020-08-28,2020,8,28,3,2.235892,True,True,True
S2B_36SYA_20200828_0_L2A,2020-08-28 08:31:17.414000+00:00,2020-08-28,2020,8,28,3,0.544879,True,True,True
S2B_36SYA_20200828_1_L2A,2020-08-28 08:31:17.417000+00:00,2020-08-28,2020,8,28,3,0.004957,True,True,True
S2A_37SBS_20200902_0_L2A,2020-09-02 08:31:01.674000+00:00,2020-09-02,2020,9,2,1,0.306204,True,True,True
S2A_37SBS_20200902_1_L2A,2020-09-02 08:31:01.674000+00:00,2020-09-02,2020,9,2,1,0.141722,True,True,True
S2A_36SYB_20200902_0_L2A,2020-09-02 08:31:04.201000+00:00,2020-09-02,2020,9,2,1,0.753206,True,True,True
S2A_36SYB_20200902_1_L2A,2020-09-02 08:31:04.201000+00:00,2020-09-02,2020,9,2,1,0.787675,True,True,True
S2A_36SYA_20200902_0_L2A,2020-09-02 08:31:18.824000+00:00,2020-09-02,2020,9,2,1,0.359458,True,True,True
S2A_36SYA_20200902_1_L2A,2020-09-02 08:31:18.825000+00:00,2020-09-02,2020,9,2,1,0.005109,True,True,True
S2B_37SBS_20200907_0_L2A,2020-09-07 08:30:59.673000+00:00,2020-09-07,2020,9,7,1,0.083681,True,True,True
S2B_37SBS_20200907_1_L2A,2020-09-07 08:30:59.675000+00:00,2020-09-07,2020,9,7,1,0.029043,True,True,True
S2B_36SYB_20200907_0_L2A,2020-09-07 08:31:02.187000+00:00,2020-09-07,2020,9,7,1,0.114708,True,True,True
S2B_36SYB_20200907_1_L2A,2020-09-07 08:31:02.189000+00:00,2020-09-07,2020,9,7,1,0.005541,True,True,True
S2B_36SYA_20200907_0_L2A,2020-09-07 08:31:16.802000+00:00,2020-09-07,2020,9,7,1,0.313599,True,True,True
S2B_36SYA_20200907_1_L2A,2020-09-07 08:31:16.805000+00:00,2020-09-07,2020,9,7,1,0.031559,True,True,True
S2A_37SBS_20200912_0_L2A,2020-09-12 08:31:00.845000+00:00,2020-09-12,2020,9,12,2,0.114432,True,True,True
S2A_37SBS_20200912_1_L2A,2020-09-12 08:31:00.845000+00:00,2020-09-12,2020,9,12,2,0.00252,True,True,True
S2A_36SYB_20200912_0_L2A,2020-09-12 08:31:03.367000+00:00,2020-09-12,2020,9,12,2,0.326568,True,True,True
S2A_36SYB_20200912_1_L2A,2020-09-12 08:31:03.367000+00:00,2020-09-12,2020,9,12,2,0.000534,True,True,True
S2A_36SYA_20200912_0_L2A,2020-09-12 08:31:17.985000+00:00,2020-09-12,2020,9,12,2,0.328877,True,True,True
S2A_36SYA_20200912_1_L2A,2020-09-12 08:31:17.987000+00:00,2020-09-12,2020,9,12,2,0.005305,True,True,True
S2B_37SBS_20200917_0_L2A,2020-09-17 08:30:58.576000+00:00,2020-09-17,2020,9,17,2,0.300403,True,True,True
S2B_37SBS_20200917_1_L2A,2020-09-17 08:30:58.576000+00:00,2020-09-17,2020,9,17,2,0.144347,True,True,True
S2B_36SYB_20200917_0_L2A,2020-09-17 08:31:01.092000+00:00,2020-09-17,2020,9,17,2,0.125248,True,True,True
S2B_36SYB_20200917_1_L2A,2020-09-17 08:31:01.092000+00:00,2020-09-17,2020,9,17,2,0.01712,True,True,True
S2B_36SYA_20200917_0_L2A,2020-09-17 08:31:15.711000+00:00,2020-09-17,2020,9,17,2,0.355968,True,True,True
S2B_36SYA_20200917_1_L2A,2020-09-17 08:31:15.712000+00:00,2020-09-17,2020,9,17,2,0.098659,True,True,True
S2A_37SBS_20200922_0_L2A,2020-09-22 08:31:02.011000+00:00,2020-09-22,2020,9,22,3,0.092474,True,True,True
S2A_37SBS_20200922_1_L2A,2020-09-22 08:31:02.011000+00:00,2020-09-22,2020,9,22,3,0.003486,True,True,True
S2A_36SYB_20200922_1_L2A,2020-09-22 08:31:04.538000+00:00,2020-09-22,2020,9,22,3,4.435553,True,True,True
S2A_36SYB_20200922_0_L2A,2020-09-22 08:31:04.539000+00:00,2020-09-22,2020,9,22,3,2.746733,True,True,True
S2A_36SYA_20200922_1_L2A,2020-09-22 08:31:19.150000+00:00,2020-09-22,2020,9,22,3,1.074353,True,True,True
S2A_36SYA_20200922_0_L2A,2020-09-22 08:31:19.151000+00:00,2020-09-22,2020,9,22,3,0.938192,True,True,True
S2B_37SBS_20200927_0_L2A,2020-09-27 08:30:59.790000+00:00,2020-09-27,2020,9,27,3,0.106337,True,True,True
S2B_37SBS_20200927_1_L2A,2020-09-27 08:30:59.791000+00:00,2020-09-27,2020,9,27,3,0.077,True,True,True
S2B_36SYB_20200927_0_L2A,2020-09-27 08:31:02.304000+00:00,2020-09-27,2020,9,27,3,0.194727,True,True,True
S2B_36SYB_20200927_1_L2A,2020-09-27 08:31:02.304000+00:00,2020-09-27,2020,9,27,3,0.001297,True,True,True
S2B_36SYA_20200927_0_L2A,2020-09-27 08:31:16.926000+00:00,2020-09-27,2020,9,27,3,0.468741,True,True,True
S2B_36SYA_20200927_1_L2A,2020-09-27 08:31:16.927000+00:00,2020-09-27,2020,9,27,3,0.00212,True,True,True
S2A_37SBS_20201002_1_L2A,2020-10-02 08:31:02.693000+00:00,2020-10-02,2020,10,2,1,7.3e-05,True,True,True
S2A_37SBS_20201002_0_L2A,2020-10-02 08:31:02.694000+00:00,2020-10-02,2020,10,2,1,0.147621,True,True,True
S2A_36SYB_20201002_0_L2A,2020-10-02 08:31:05.224000+00:00,2020-10-02,2020,10,2,1,2.87086,True,True,True
S2A_36SYB_20201002_1_L2A,2020-10-02 08:31:05.224000+00:00,2020-10-02,2020,10,2,1,4.477427,True,True,True
S2A_36SYA_20201002_0_L2A,2020-10-02 08:31:19.817000+00:00,2020-10-02,2020,10,2,1,1.892111,True,True,True
S2A_36SYA_20201002_1_L2A,2020-10-02 08:31:19.817000+00:00,2020-10-02,2020,10,2,1,2.493734,True,True,True
S2B_37SBS_20201007_0_L2A,2020-10-07 08:31:00.574000+00:00,2020-10-07,2020,10,7,1,0.081398,True,True,True
S2B_37SBS_20201007_1_L2A,2020-10-07 08:31:00.575000+00:00,2020-10-07,2020,10,7,1,7e-06,True,True,True
S2B_36SYB_20201007_0_L2A,2020-10-07 08:31:03.091000+00:00,2020-10-07,2020,10,7,1,0.139834,True,True,True
S2B_36SYB_20201007_1_L2A,2020-10-07 08:31:03.091000+00:00,2020-10-07,2020,10,7,1,0.000949,True,True,True
S2B_36SYA_20201007_0_L2A,2020-10-07 08:31:17.705000+00:00,2020-10-07,2020,10,7,1,0.450957,True,True,True
S2B_36SYA_20201007_1_L2A,2020-10-07 08:31:17.706000+00:00,2020-10-07,2020,10,7,1,0.019326,True,True,True
S2A_37SBS_20201012_0_L2A,2020-10-12 08:31:02.730000+00:00,2020-10-12,2020,10,12,2,0.126168,True,True,True
S2A_37SBS_20201012_1_L2A,2020-10-12 08:31:02.730000+00:00,2020-10-12,2020,10,12,2,0.000243,True,True,True
S2A_36SYB_20201012_1_L2A,2020-10-12 08:31:05.262000+00:00,2020-10-12,2020,10,12,2,0.326333,True,True,True
S2A_36SYB_20201012_0_L2A,2020-10-12 08:31:05.263000+00:00,2020-10-12,2020,10,12,2,0.418419,True,True,True
S2A_36SYA_20201012_0_L2A,2020-10-12 08:31:19.887000+00:00,2020-10-12,2020,10,12,2,0.251525,True,True,True
S2A_36SYA_20201012_1_L2A,2020-10-12 08:31:19.887000+00:00,2020-10-12,2020,10,12,2,0.023749,True,True,True
S2B_37SBS_20201017_0_L2A,2020-10-17 08:31:00.693000+00:00,2020-10-17,2020,10,17,2,8.726766,True,True,True
S2B_37SBS_20201017_1_L2A,2020-10-17 08:31:00.694000+00:00,2020-10-17,2020,10,17,2,10.416114,True,True,True
S2B_36SYB_20201017_0_L2A,2020-10-17 08:31:03.210000+00:00,2020-10-17,2020,10,17,2,4.341843,True,True,True
S2B_36SYB_20201017_1_L2A,2020-10-17 08:31:03.210000+00:00,2020-10-17,2020,10,17,2,4.932986,True,True,True
S2B_36SYA_20201017_0_L2A,2020-10-17 08:31:17.821000+00:00,2020-10-17,2020,10,17,2,0.558343,True,True,True
S2B_36SYA_20201017_1_L2A,2020-10-17 08:31:17.822000+00:00,2020-10-17,2020,10,17,2,0.008759,True,True,True
S2A_37SBS_20201022_0_L2A,2020-10-22 08:31:02.261000+00:00,2020-10-22,2020,10,22,3,0.143145,True,True,True
S2A_37SBS_20201022_1_L2A,2020-10-22 08:31:02.261000+00:00,2020-10-22,2020,10,22,3,0.009818,True,True,True
S2A_36SYB_20201022_0_L2A,2020-10-22 08:31:04.793000+00:00,2020-10-22,2020,10,22,3,0.249462,True,True,True
S2A_36SYB_20201022_1_L2A,2020-10-22 08:31:04.793000+00:00,2020-10-22,2020,10,22,3,0.000823,True,True,True
S2A_36SYA_20201022_0_L2A,2020-10-22 08:31:19.416000+00:00,2020-10-22,2020,10,22,3,0.423134,True,True,True
S2A_36SYA_20201022_1_L2A,2020-10-22 08:31:19.416000+00:00,2020-10-22,2020,10,22,3,0.010362,True,True,True
S2B_37SBS_20201027_0_L2A,2020-10-27 08:31:00.172000+00:00,2020-10-27,2020,10,27,3,2.36013,True,True,True
S2B_37SBS_20201027_1_L2A,2020-10-27 08:31:00.173000+00:00,2020-10-27,2020,10,27,3,2.42658,True,True,True
S2B_36SYB_20201027_0_L2A,2020-10-27 08:31:02.689000+00:00,2020-10-27,2020,10,27,3,1.184996,True,True,True
S2B_36SYB_20201027_1_L2A,2020-10-27 08:31:02.690000+00:00,2020-10-27,2020,10,27,3,1.038776,True,True,True
S2B_36SYA_20201027_0_L2A,2020-10-27 08:31:17.301000+00:00,2020-10-27,2020,10,27,3,20.83097,True,True,True
S2B_36SYA_20201027_1_L2A,2020-10-27 08:31:17.303000+00:00,2020-10-27,2020,10,27,3,25.542068,True,True,True
S2A_37SBS_20201101_0_L2A,2020-11-01 08:31:01.980000+00:00,2020-11-01,2020,11,1,1,46.980968,True,True,True
S2A_37SBS_20201101_1_L2A,2020-11-01 08:31:01.980000+00:00,2020-11-01,2020,11,1,1,44.727233,True,True,True
S2A_36SYB_20201101_0_L2A,2020-11-01 08:31:04.510000+00:00,2020-11-01,2020,11,1,1,57.520183,True,True,True
S2A_36SYB_20201101_1_L2A,2020-11-01 08:31:04.510000+00:00,2020-11-01,2020,11,1,1,56.93664,True,True,True
S2A_36SYA_20201101_0_L2A,2020-11-01 08:31:19.139000+00:00,2020-11-01,2020,11,1,1,34.309857,True,True,True
S2A_36SYA_20201101_1_L2A,2020-11-01 08:31:19.139000+00:00,2020-11-01,2020,11,1,1,38.136432,True,True,True
S2B_37SBS_20201106_0_L2A,2020-11-06 08:30:58.993000+00:00,2020-11-06,2020,11,6,1,19.287757,True,True,True
S2B_37SBS_20201106_1_L2A,2020-11-06 08:30:58.994000+00:00,2020-11-06,2020,11,6,1,26.73288,True,True,True
S2B_36SYB_20201106_0_L2A,2020-11-06 08:31:01.507000+00:00,2020-11-06,2020,11,6,1,19.307345,True,True,True
S2B_36SYB_20201106_1_L2A,2020-11-06 08:31:01.508000+00:00,2020-11-06,2020,11,6,1,27.67809,True,True,True
S2B_36SYA_20201106_0_L2A,2020-11-06 08:31:16.119000+00:00,2020-11-06,2020,11,6,1,47.386698,True,True,True
S2B_36SYA_20201106_1_L2A,2020-11-06 08:31:16.121000+00:00,2020-11-06,2020,11,6,1,55.339038,True,True,True
S2A_37SBS_20201111_1_L2A,2020-11-11 08:31:00.917000+00:00,2020-11-11,2020,11,11,2,8.44376,True,True,True
S2A_37SBS_20201111_0_L2A,2020-11-11 08:31:00.918000+00:00,2020-11-11,2020,11,11,2,7.874016,True,True,True
S2A_36SYB_20201111_1_L2A,2020-11-11 08:31:03.452000+00:00,2020-11-11,2020,11,11,2,34.666389,True,True,True
S2A_36SYB_20201111_0_L2A,2020-11-11 08:31:03.453000+00:00,2020-11-11,2020,11,11,2,29.018945,True,True,True
S2A_36SYA_20201111_0_L2A,2020-11-11 08:31:18.071000+00:00,2020-11-11,2020,11,11,2,4.963301,True,True,True
S2A_36SYA_20201111_1_L2A,2020-11-11 08:31:18.071000+00:00,2020-11-11,2020,11,11,2,4.315789,True,True,True
S2B_37SBS_20201116_0_L2A,2020-11-16 08:30:57.776000+00:00,2020-11-16,2020,11,16,2,28.547928,True,True,True
S2B_37SBS_20201116_1_L2A,2020-11-16 08:30:57.776000+00:00,2020-11-16,2020,11,16,2,42.484644,True,True,True
S2B_36SYB_20201116_0_L2A,2020-11-16 08:31:00.287000+00:00,2020-11-16,2020,11,16,2,24.591158,True,True,True
S2B_36SYB_20201116_1_L2A,2020-11-16 08:31:00.287000+00:00,2020-11-16,2020,11,16,2,35.687321,True,True,True
S2B_36SYA_20201116_0_L2A,2020-11-16 08:31:14.906000+00:00,2020-11-16,2020,11,16,2,18.138077,True,True,True
S2B_36SYA_20201116_1_L2A,2020-11-16 08:31:14.906000+00:00,2020-11-16,2020,11,16,2,26.14575,True,True,True
S2A_37SBS_20201121_0_L2A,2020-11-21 08:30:59.160000+00:00,2020-11-21,2020,11,21,3,25.183734,True,True,True
S2A_37SBS_20201121_1_L2A,2020-11-21 08:30:59.160000+00:00,2020-11-21,2020,11,21,3,36.039701,True,True,True
S2A_36SYB_20201121_1_L2A,2020-11-21 08:31:01.692000+00:00,2020-11-21,2020,11,21,3,41.355667,True,True,True
S2A_36SYB_20201121_0_L2A,2020-11-21 08:31:01.693000+00:00,2020-11-21,2020,11,21,3,31.427486,True,True,True
S2A_36SYA_20201121_0_L2A,2020-11-21 08:31:16.309000+00:00,2020-11-21,2020,11,21,3,20.326392,True,True,True
S2A_36SYA_20201121_1_L2A,2020-11-21 08:31:16.309000+00:00,2020-11-21,2020,11,21,3,25.699443,True,True,True
S2B_37SBS_20201126_0_L2A,2020-11-26 08:30:56.978000+00:00,2020-11-26,2020,11,26,3,99.498107,True,True,True
S2B_37SBS_20201126_1_L2A,2020-11-26 08:30:56.979000+00:00,2020-11-26,2020,11,26,3,99.76483,True,True,True
S2B_36SYB_20201126_0_L2A,2020-11-26 08:30:59.493000+00:00,2020-11-26,2020,11,26,3,88.469967,True,True,True
S2B_36SYB_20201126_1_L2A,2020-11-26 08:30:59.493000+00:00,2020-11-26,2020,11,26,3,98.579341,True,True,True
S2B_36SYA_20201126_0_L2A,2020-11-26 08:31:14.111000+00:00,2020-11-26,2020,11,26,3,93.228693,True,True,True
S2B_36SYA_20201126_1_L2A,2020-11-26 08:31:14.112000+00:00,2020-11-26,2020,11,26,3,95.047188,True,True,True
S2A_37SBS_20201201_0_L2A,2020-12-01 08:30:56.605000+00:00,2020-12-01,2020,12,1,1,0.949253,True,True,True
S2A_37SBS_20201201_1_L2A,2020-12-01 08:30:56.605000+00:00,2020-12-01,2020,12,1,1,1.053695,True,True,True
S2A_36SYB_20201201_0_L2A,2020-12-01 08:30:59.129000+00:00,2020-12-01,2020,12,1,1,0.378555,True,True,True
S2A_36SYB_20201201_1_L2A,2020-12-01 08:30:59.129000+00:00,2020-12-01,2020,12,1,1,0.045434,True,True,True
S2A_36SYA_20201201_0_L2A,2020-12-01 08:31:13.727000+00:00,2020-12-01,2020,12,1,1,0.488018,True,True,True
S2A_36SYA_20201201_1_L2A,2020-12-01 08:31:13.727000+00:00,2020-12-01,2020,12,1,1,0.004579,True,True,True
S2B_37SBS_20201206_0_L2A,2020-12-06 08:30:55.303000+00:00,2020-12-06,2020,12,6,1,15.916373,True,True,True
S2B_37SBS_20201206_1_L2A,2020-12-06 08:30:55.303000+00:00,2020-12-06,2020,12,6,1,27.604777,True,True,True
S2B_36SYB_20201206_0_L2A,2020-12-06 08:30:57.817000+00:00,2020-12-06,2020,12,6,1,33.699338,True,True,True
S2B_36SYB_20201206_1_L2A,2020-12-06 08:30:57.817000+00:00,2020-12-06,2020,12,6,1,46.245712,True,True,True
S2B_36SYA_20201206_0_L2A,2020-12-06 08:31:12.436000+00:00,2020-12-06,2020,12,6,1,12.815301,True,True,True
S2B_36SYA_20201206_1_L2A,2020-12-06 08:31:12.437000+00:00,2020-12-06,2020,12,6,1,19.734257,True,True,True
S2A_37SBS_20201211_1_L2A,2020-12-11 08:30:53.456000+00:00,2020-12-11,2020,12,11,2,0.08101,True,True,True
S2A_37SBS_20201211_0_L2A,2020-12-11 08:30:53.457000+00:00,2020-12-11,2020,12,11,2,0.705892,True,True,True
S2A_36SYB_20201211_0_L2A,2020-12-11 08:30:55.961000+00:00,2020-12-11,2020,12,11,2,0.299322,True,True,True
S2A_36SYB_20201211_1_L2A,2020-12-11 08:30:55.961000+00:00,2020-12-11,2020,12,11,2,0.002034,True,True,True
S2A_36SYA_20201211_1_L2A,2020-12-11 08:31:10.579000+00:00,2020-12-11,2020,12,11,2,2.73386,True,True,True
S2A_36SYA_20201211_0_L2A,2020-12-11 08:31:10.580000+00:00,2020-12-11,2020,12,11,2,2.410753,True,True,True
S2B_37SBS_20201216_0_L2A,2020-12-16 08:30:52.776000+00:00,2020-12-16,2020,12,16,2,98.908188,True,True,True
S2B_37SBS_20201216_1_L2A,2020-12-16 08:30:52.776000+00:00,2020-12-16,2020,12,16,2,99.494338,True,True,True
S2B_36SYB_20201216_0_L2A,2020-12-16 08:30:55.284000+00:00,2020-12-16,2020,12,16,2,85.614899,True,True,True
S2B_36SYB_20201216_1_L2A,2020-12-16 08:30:55.284000+00:00,2020-12-16,2020,12,16,2,94.366413,True,True,True
S2B_36SYA_20201216_0_L2A,2020-12-16 08:31:09.897000+00:00,2020-12-16,2020,12,16,2,99.769878,True,True,True
S2B_36SYA_20201216_1_L2A,2020-12-16 08:31:09.898000+00:00,2020-12-16,2020,12,16,2,99.953216,True,True,True
S2A_37SBS_20201221_0_L2A,2020-12-21 08:30:55.614000+00:00,2020-12-21,2020,12,21,3,0.166043,True,True,True
S2A_37SBS_20201221_1_L2A,2020-12-21 08:30:55.614000+00:00,2020-12-21,2020,12,21,3,0.019509,True,True,True
S2A_36SYB_20201221_0_L2A,2020-12-21 08:30:58.134000+00:00,2020-12-21,2020,12,21,3,0.460453,True,True,True
S2A_36SYB_20201221_1_L2A,2020-12-21 08:30:58.134000+00:00,2020-12-21,2020,12,21,3,0.000713,True,True,True
S2A_36SYA_20201221_1_L2A,2020-12-21 08:31:12.754000+00:00,2020-12-21,2020,12,21,3,0.006231,True,True,True
S2A_36SYA_20201221_0_L2A,2020-12-21 08:31:12.755000+00:00,2020-12-21,2020,12,21,3,0.672842,True,True,True
S2B_37SBS_20201226_0_L2A,2020-12-26 08:30:54.296000+00:00,2020-12-26,2020,12,26,3,0.204912,True,True,True
S2B_37SBS_20201226_1_L2A,2020-12-26 08:30:54.296000+00:00,2020-12-26,2020,12,26,3,0.144048,True,True,True
S2B_36SYB_20201226_0_L2A,2020-12-26 08:30:56.802000+00:00,2020-12-26,2020,12,26,3,0.370908,True,True,True
S2B_36SYB_20201226_1_L2A,2020-12-26 08:30:56.802000+00:00,2020-12-26,2020,12,26,3,0.120368,True,True,True
S2B_36SYA_20201226_0_L2A,2020-12-26 08:31:11.413000+00:00,2020-12-26,2020,12,26,3,0.473569,True,True,True
S2B_36SYA_20201226_1_L2A,2020-12-26 08:31:11.414000+00:00,2020-12-26,2020,12,26,3,0.017754,True,True,True
S2A_37SBS_20201231_1_L2A,2020-12-31 08:30:57.043000+00:00,2020-12-31,2020,12,31,3,1.317721,True,True,True
S2A_37SBS_20201231_0_L2A,2020-12-31 08:30:57.044000+00:00,2020-12-31,2020,12,31,3,1.145775,True,True,True
S2A_36SYB_20201231_0_L2A,2020-12-31 08:30:59.568000+00:00,2020-12-31,2020,12,31,3,0.559175,True,True,True
S2A_36SYB_20201231_1_L2A,2020-12-31 08:30:59.568000+00:00,2020-12-31,2020,12,31,3,0.165577,True,True,True
S2A_36SYA_20201231_0_L2A,2020-12-31 08:31:14.196000+00:00,2020-12-31,2020,12,31,3,1.941467,True,True,True
S2A_36SYA_20201231_1_L2A,2020-12-31 08:31:14.196000+00:00,2020-12-31,2020,12,31,3,1.544099,True,True,True
S2B_37SBS_20210105_0_L2A,2021-01-05 08:30:55.803000+00:00,2021-01-05,2021,1,5,1,3.175539,True,True,True
S2B_37SBS_20210105_1_L2A,2021-01-05 08:30:55.803000+00:00,2021-01-05,2021,1,5,1,4.624327,True,True,True
S2B_36SYB_20210105_0_L2A,2021-01-05 08:30:58.320000+00:00,2021-01-05,2021,1,5,1,3.682523,True,True,True
S2B_36SYB_20210105_1_L2A,2021-01-05 08:30:58.320000+00:00,2021-01-05,2021,1,5,1,5.622679,True,True,True
S2B_36SYA_20210105_0_L2A,2021-01-05 08:31:12.936000+00:00,2021-01-05,2021,1,5,1,1.787805,True,True,True
S2B_36SYA_20210105_1_L2A,2021-01-05 08:31:12.936000+00:00,2021-01-05,2021,1,5,1,1.450765,True,True,True
S2A_37SBS_20210110_0_L2A,2021-01-10 08:30:57.689000+00:00,2021-01-10,2021,1,10,1,0.111603,True,True,True
S2A_37SBS_20210110_1_L2A,2021-01-10 08:30:57.689000+00:00,2021-01-10,2021,1,10,1,8.3e-05,True,True,True
S2A_36SYB_20210110_0_L2A,2021-01-10 08:31:00.222000+00:00,2021-01-10,2021,1,10,1,0.408479,True,True,True
S2A_36SYB_20210110_1_L2A,2021-01-10 08:31:00.222000+00:00,2021-01-10,2021,1,10,1,0.001324,True,True,True
S2A_36SYA_20210110_0_L2A,2021-01-10 08:31:14.838000+00:00,2021-01-10,2021,1,10,1,0.381814,True,True,True
S2A_36SYA_20210110_1_L2A,2021-01-10 08:31:14.838000+00:00,2021-01-10,2021,1,10,1,0.009605,True,True,True
S2B_37SBS_20210115_0_L2A,2021-01-15 08:30:56.646000+00:00,2021-01-15,2021,1,15,2,27.539106,True,True,True
S2B_37SBS_20210115_1_L2A,2021-01-15 08:30:56.646000+00:00,2021-01-15,2021,1,15,2,34.55869,True,True,True
S2B_36SYB_20210115_0_L2A,2021-01-15 08:30:59.167000+00:00,2021-01-15,2021,1,15,2,28.272384,True,True,True
S2B_36SYB_20210115_1_L2A,2021-01-15 08:30:59.167000+00:00,2021-01-15,2021,1,15,2,36.600602,True,True,True
S2B_36SYA_20210115_0_L2A,2021-01-15 08:31:13.786000+00:00,2021-01-15,2021,1,15,2,80.990045,True,True,True
S2B_36SYA_20210115_1_L2A,2021-01-15 08:31:13.787000+00:00,2021-01-15,2021,1,15,2,85.082942,True,True,True
S2A_37SBS_20210120_0_L2A,2021-01-20 08:30:57.712000+00:00,2021-01-20,2021,1,20,2,86.256716,True,True,True
S2A_37SBS_20210120_1_L2A,2021-01-20 08:30:57.712000+00:00,2021-01-20,2021,1,20,2,89.027256,True,True,True
S2A_36SYB_20210120_1_L2A,2021-01-20 08:31:00.252000+00:00,2021-01-20,2021,1,20,2,89.965183,True,True,True
S2A_36SYB_20210120_0_L2A,2021-01-20 08:31:00.253000+00:00,2021-01-20,2021,1,20,2,81.765181,True,True,True
S2A_36SYA_20210120_0_L2A,2021-01-20 08:31:14.874000+00:00,2021-01-20,2021,1,20,2,81.807278,True,True,True
S2A_36SYA_20210120_1_L2A,2021-01-20 08:31:14.874000+00:00,2021-01-20,2021,1,20,2,84.911144,True,True,True
S2B_37SBS_20210125_0_L2A,2021-01-25 08:30:56.824000+00:00,2021-01-25,2021,1,25,3,3.788032,True,True,True
S2B_37SBS_20210125_1_L2A,2021-01-25 08:30:56.824000+00:00,2021-01-25,2021,1,25,3,1.073823,True,True,True
S2B_36SYB_20210125_0_L2A,2021-01-25 08:30:59.349000+00:00,2021-01-25,2021,1,25,3,28.009741,True,True,True
S2B_36SYB_20210125_1_L2A,2021-01-25 08:30:59.349000+00:00,2021-01-25,2021,1,25,3,29.517666,True,True,True
S2B_36SYA_20210125_0_L2A,2021-01-25 08:31:13.970000+00:00,2021-01-25,2021,1,25,3,0.933006,True,True,True
S2B_36SYA_20210125_1_L2A,2021-01-25 08:31:13.971000+00:00,2021-01-25,2021,1,25,3,0.376077,True,True,True
S2A_37SBS_20210130_0_L2A,2021-01-30 08:30:57.142000+00:00,2021-01-30,2021,1,30,3,60.291348,True,True,True
S2A_37SBS_20210130_1_L2A,2021-01-30 08:30:57.142000+00:00,2021-01-30,2021,1,30,3,65.128177,True,True,True
S2A_36SYB_20210130_0_L2A,2021-01-30 08:30:59.687000+00:00,2021-01-30,2021,1,30,3,78.493272,True,True,True
S2A_36SYB_20210130_1_L2A,2021-01-30 08:30:59.687000+00:00,2021-01-30,2021,1,30,3,94.778109,True,True,True
S2A_36SYA_20210130_0_L2A,2021-01-30 08:31:14.287000+00:00,2021-01-30,2021,1,30,3,93.402569,True,True,True
S2A_36SYA_20210130_1_L2A,2021-01-30 08:31:14.287000+00:00,2021-01-30,2021,1,30,3,94.519556,True,True,True
S2B_37SBS_20210204_0_L2A,2021-02-04 08:30:56.321000+00:00,2021-02-04,2021,2,4,1,84.801149,True,True,True
S2B_37SBS_20210204_1_L2A,2021-02-04 08:30:56.322000+00:00,2021-02-04,2021,2,4,1,84.346193,True,True,True
S2B_36SYB_20210204_0_L2A,2021-02-04 08:30:58.850000+00:00,2021-02-04,2021,2,4,1,81.301738,True,True,True
S2B_36SYB_20210204_1_L2A,2021-02-04 08:30:58.850000+00:00,2021-02-04,2021,2,4,1,80.846155,True,True,True
S2B_36SYA_20210204_0_L2A,2021-02-04 08:31:13.471000+00:00,2021-02-04,2021,2,4,1,95.979675,True,True,True
S2B_36SYA_20210204_1_L2A,2021-02-04 08:31:13.472000+00:00,2021-02-04,2021,2,4,1,96.305454,True,True,True
S2A_37SBS_20210209_0_L2A,2021-02-09 08:30:55.852000+00:00,2021-02-09,2021,2,9,1,2.514491,True,True,True
S2A_37SBS_20210209_1_L2A,2021-02-09 08:30:55.852000+00:00,2021-02-09,2021,2,9,1,2.68666,True,True,True
S2A_36SYB_20210209_1_L2A,2021-02-09 08:30:58.395000+00:00,2021-02-09,2021,2,9,1,0.095338,True,True,True
S2A_36SYB_20210209_0_L2A,2021-02-09 08:30:58.396000+00:00,2021-02-09,2021,2,9,1,0.534063,True,True,True
S2A_36SYA_20210209_0_L2A,2021-02-09 08:31:13.021000+00:00,2021-02-09,2021,2,9,1,24.901244,True,True,True
S2A_36SYA_20210209_1_L2A,2021-02-09 08:31:13.021000+00:00,2021-02-09,2021,2,9,1,29.971996,True,True,True
S2B_37SBS_20210214_0_L2A,2021-02-14 08:30:55.218000+00:00,2021-02-14,2021,2,14,2,0.925839,True,True,True
S2B_37SBS_20210214_1_L2A,2021-02-14 08:30:55.218000+00:00,2021-02-14,2021,2,14,2,0.533778,True,True,True
S2B_36SYB_20210214_0_L2A,2021-02-14 08:30:57.747000+00:00,2021-02-14,2021,2,14,2,1.132568,True,True,True
S2B_36SYB_20210214_1_L2A,2021-02-14 08:30:57.747000+00:00,2021-02-14,2021,2,14,2,1.420914,True,True,True
S2B_36SYA_20210214_0_L2A,2021-02-14 08:31:12.368000+00:00,2021-02-14,2021,2,14,2,0.824606,True,True,True
S2B_36SYA_20210214_1_L2A,2021-02-14 08:31:12.369000+00:00,2021-02-14,2021,2,14,2,0.035703,True,True,True
S2A_37SBS_20210219_0_L2A,2021-02-19 08:30:56.308000+00:00,2021-02-19,2021,2,19,2,98.305602,True,True,True
S2A_37SBS_20210219_1_L2A,2021-02-19 08:30:56.308000+00:00,2021-02-19,2021,2,19,2,98.522353,True,True,True
S2A_36SYB_20210219_1_L2A,2021-02-19 08:30:58.842000+00:00,2021-02-19,2021,2,19,2,99.999005,True,True,True
S2A_36SYB_20210219_0_L2A,2021-02-19 08:30:58.843000+00:00,2021-02-19,2021,2,19,2,95.04474,True,True,True
S2A_36SYA_20210219_0_L2A,2021-02-19 08:31:13.460000+00:00,2021-02-19,2021,2,19,2,90.355339,True,True,True
S2A_36SYA_20210219_1_L2A,2021-02-19 08:31:13.460000+00:00,2021-02-19,2021,2,19,2,92.782223,True,True,True
S2B_37SBS_20210224_0_L2A,2021-02-24 08:30:55.314000+00:00,2021-02-24,2021,2,24,3,2.90617,True,True,True
S2B_37SBS_20210224_1_L2A,2021-02-24 08:30:55.315000+00:00,2021-02-24,2021,2,24,3,0.194437,True,True,True
S2B_36SYB_20210224_0_L2A,2021-02-24 08:30:57.834000+00:00,2021-02-24,2021,2,24,3,0.824028,True,True,True
S2B_36SYB_20210224_1_L2A,2021-02-24 08:30:57.834000+00:00,2021-02-24,2021,2,24,3,0.163918,True,True,True
S2B_36SYA_20210224_0_L2A,2021-02-24 08:31:12.457000+00:00,2021-02-24,2021,2,24,3,1.08493,True,True,True
S2B_36SYA_20210224_1_L2A,2021-02-24 08:31:12.458000+00:00,2021-02-24,2021,2,24,3,0.840976,True,True,True
S2A_37SBS_20210301_1_L2A,2021-03-01 08:30:56.819000+00:00,2021-03-01,2021,3,1,1,69.848436,True,True,True
S2A_37SBS_20210301_0_L2A,2021-03-01 08:30:56.820000+00:00,2021-03-01,2021,3,1,1,63.109444,True,True,True
S2A_36SYB_20210301_1_L2A,2021-03-01 08:30:59.351000+00:00,2021-03-01,2021,3,1,1,84.964418,True,True,True
S2A_36SYB_20210301_0_L2A,2021-03-01 08:30:59.352000+00:00,2021-03-01,2021,3,1,1,78.906317,True,True,True
S2A_36SYA_20210301_0_L2A,2021-03-01 08:31:13.975000+00:00,2021-03-01,2021,3,1,1,57.488062,True,True,True
S2A_36SYA_20210301_1_L2A,2021-03-01 08:31:13.975000+00:00,2021-03-01,2021,3,1,1,63.069504,True,True,True
S2B_37SBS_20210306_0_L2A,2021-03-06 08:30:56.112000+00:00,2021-03-06,2021,3,6,1,0.798242,True,True,True
S2B_37SBS_20210306_1_L2A,2021-03-06 08:30:56.112000+00:00,2021-03-06,2021,3,6,1,0.473864,True,True,True
S2B_36SYB_20210306_0_L2A,2021-03-06 08:30:58.634000+00:00,2021-03-06,2021,3,6,1,0.728856,True,True,True
S2B_36SYB_20210306_1_L2A,2021-03-06 08:30:58.634000+00:00,2021-03-06,2021,3,6,1,1.4876,True,True,True
S2B_36SYA_20210306_0_L2A,2021-03-06 08:31:13.250000+00:00,2021-03-06,2021,3,6,1,7.144247,True,True,True
S2B_36SYA_20210306_1_L2A,2021-03-06 08:31:13.251000+00:00,2021-03-06,2021,3,6,1,7.460772,True,True,True
S2A_37SBS_20210311_0_L2A,2021-03-11 08:30:56.620000+00:00,2021-03-11,2021,3,11,2,52.778165,True,True,True
S2A_37SBS_20210311_1_L2A,2021-03-11 08:30:56.620000+00:00,2021-03-11,2021,3,11,2,54.223919,True,True,True
S2A_36SYB_20210311_1_L2A,2021-03-11 08:30:59.147000+00:00,2021-03-11,2021,3,11,2,83.362257,True,True,True
S2A_36SYB_20210311_0_L2A,2021-03-11 08:30:59.148000+00:00,2021-03-11,2021,3,11,2,79.861011,True,True,True
S2A_36SYA_20210311_0_L2A,2021-03-11 08:31:13.771000+00:00,2021-03-11,2021,3,11,2,89.202878,True,True,True
S2A_36SYA_20210311_1_L2A,2021-03-11 08:31:13.771000+00:00,2021-03-11,2021,3,11,2,87.429011,True,True,True
S2B_37SBS_20210316_0_L2A,2021-03-16 08:30:56.282000+00:00,2021-03-16,2021,3,16,2,2.608264,True,True,True
S2B_37SBS_20210316_1_L2A,2021-03-16 08:30:56.282000+00:00,2021-03-16,2021,3,16,2,4.070689,True,True,True
S2B_36SYB_20210316_1_L2A,2021-03-16 08:30:58.802000+00:00,2021-03-16,2021,3,16,2,29.674464,True,True,True
S2B_36SYB_20210316_0_L2A,2021-03-16 08:30:58.803000+00:00,2021-03-16,2021,3,16,2,23.436024,True,True,True
S2B_36SYA_20210316_0_L2A,2021-03-16 08:31:13.418000+00:00,2021-03-16,2021,3,16,2,11.751056,True,True,True
S2B_36SYA_20210316_1_L2A,2021-03-16 08:31:13.418000+00:00,2021-03-16,2021,3,16,2,12.514199,True,True,True
S2A_37SBS_20210321_1_L2A,2021-03-21 08:30:55.778000+00:00,2021-03-21,2021,3,21,3,0.08588,True,True,True
S2A_37SBS_20210321_0_L2A,2021-03-21 08:30:55.779000+00:00,2021-03-21,2021,3,21,3,0.264198,True,True,True
S2A_36SYB_20210321_1_L2A,2021-03-21 08:30:58.303000+00:00,2021-03-21,2021,3,21,3,0.020617,True,True,True
S2A_36SYB_20210321_0_L2A,2021-03-21 08:30:58.305000+00:00,2021-03-21,2021,3,21,3,0.408137,True,True,True
S2A_36SYA_20210321_1_L2A,2021-03-21 08:31:12.922000+00:00,2021-03-21,2021,3,21,3,0.012545,True,True,True
S2A_36SYA_20210321_0_L2A,2021-03-21 08:31:12.923000+00:00,2021-03-21,2021,3,21,3,0.481501,True,True,True
S2B_37SBS_20210326_0_L2A,2021-03-26 08:30:55.766000+00:00,2021-03-26,2021,3,26,3,76.954936,True,True,True
S2B_37SBS_20210326_1_L2A,2021-03-26 08:30:55.767000+00:00,2021-03-26,2021,3,26,3,81.435966,True,True,True
S2B_36SYB_20210326_0_L2A,2021-03-26 08:30:58.282000+00:00,2021-03-26,2021,3,26,3,79.734056,True,True,True
S2B_36SYB_20210326_1_L2A,2021-03-26 08:30:58.282000+00:00,2021-03-26,2021,3,26,3,88.118196,True,True,True
S2B_36SYA_20210326_1_L2A,2021-03-26 08:31:09.357000+00:00,2021-03-26,2021,3,26,3,98.342449,True,True,True
S2B_36SYA_20210326_4_L2A,2021-03-26 08:31:09.357000+00:00,2021-03-26,2021,3,26,3,99.012667,True,True,True
S2B_36SYA_20210326_0_L2A,2021-03-26 08:31:16.056000+00:00,2021-03-26,2021,3,26,3,96.16719,True,True,True
S2B_36SYA_20210326_2_L2A,2021-03-26 08:31:16.057000+00:00,2021-03-26,2021,3,26,3,97.664285,True,True,True
S2B_36SYA_20210326_3_L2A,2021-03-26 08:31:16.057000+00:00,2021-03-26,2021,3,26,3,97.647381,True,True,True
S2A_37SBS_20210331_1_L2A,2021-03-31 08:30:54.294000+00:00,2021-03-31,2021,3,31,3,22.773805,True,True,True
S2A_37SBS_20210331_0_L2A,2021-03-31 08:30:54.295000+00:00,2021-03-31,2021,3,31,3,17.084441,True,True,True
S2A_36SYB_20210331_0_L2A,2021-03-31 08:30:56.812000+00:00,2021-03-31,2021,3,31,3,24.244312,True,True,True
S2A_36SYB_20210331_1_L2A,2021-03-31 08:30:56.812000+00:00,2021-03-31,2021,3,31,3,31.522524,True,True,True
S2A_36SYA_20210331_0_L2A,2021-03-31 08:31:11.415000+00:00,2021-03-31,2021,3,31,3,14.103752,True,True,True
S2A_36SYA_20210331_1_L2A,2021-03-31 08:31:11.415000+00:00,2021-03-31,2021,3,31,3,16.222063,True,True,True
S2B_37SBS_20210405_0_L2A,2021-04-05 08:30:54.574000+00:00,2021-04-05,2021,4,5,1,71.58412,True,True,True
S2B_37SBS_20210405_1_L2A,2021-04-05 08:30:54.574000+00:00,2021-04-05,2021,4,5,1,72.527367,True,True,True
S2B_37SBS_20210405_2_L2A,2021-04-05 08:30:54.574000+00:00,2021-04-05,2021,4,5,1,72.526944,True,True,True
S2B_36SYB_20210405_0_L2A,2021-04-05 08:30:57.086000+00:00,2021-04-05,2021,4,5,1,80.4373,True,True,True
S2B_36SYB_20210405_1_L2A,2021-04-05 08:30:57.086000+00:00,2021-04-05,2021,4,5,1,81.587374,True,True,True
S2B_36SYB_20210405_2_L2A,2021-04-05 08:30:57.086000+00:00,2021-04-05,2021,4,5,1,81.589085,True,True,True
S2B_36SYA_20210405_0_L2A,2021-04-05 08:31:11.705000+00:00,2021-04-05,2021,4,5,1,0.413715,True,True,True
S2B_36SYA_20210405_1_L2A,2021-04-05 08:31:11.705000+00:00,2021-04-05,2021,4,5,1,0.067684,True,True,True
S2B_36SYA_20210405_2_L2A,2021-04-05 08:31:11.705000+00:00,2021-04-05,2021,4,5,1,0.068384,True,True,True
S2A_37SBS_20210410_1_L2A,2021-04-10 08:30:52.131000+00:00,2021-04-10,2021,4,10,1,85.941195,True,True,True
S2A_37SBS_20210410_0_L2A,2021-04-10 08:30:52.132000+00:00,2021-04-10,2021,4,10,1,83.82239,True,True,True
S2A_36SYB_20210410_1_L2A,2021-04-10 08:30:54.639000+00:00,2021-04-10,2021,4,10,1,97.15277,True,True,True
S2A_36SYB_20210410_0_L2A,2021-04-10 08:30:54.640000+00:00,2021-04-10,2021,4,10,1,96.194406,True,True,True
S2A_36SYA_20210410_0_L2A,2021-04-10 08:31:09.248000+00:00,2021-04-10,2021,4,10,1,93.763965,True,True,True
S2A_36SYA_20210410_1_L2A,2021-04-10 08:31:09.248000+00:00,2021-04-10,2021,4,10,1,95.563477,True,True,True
S2B_37SBS_20210415_2_L2A,2021-04-15 08:30:52.816000+00:00,2021-04-15,2021,4,15,2,1e-05,True,True,True
S2B_37SBS_20210415_0_L2A,2021-04-15 08:30:52.817000+00:00,2021-04-15,2021,4,15,2,0.31451,True,True,True
S2B_37SBS_20210415_1_L2A,2021-04-15 08:30:52.817000+00:00,2021-04-15,2021,4,15,2,1.4e-05,True,True,True
S2B_36SYB_20210415_2_L2A,2021-04-15 08:30:55.322000+00:00,2021-04-15,2021,4,15,2,0.000275,True,True,True
S2B_36SYB_20210415_0_L2A,2021-04-15 08:30:55.323000+00:00,2021-04-15,2021,4,15,2,0.541889,True,True,True
S2B_36SYB_20210415_1_L2A,2021-04-15 08:30:55.323000+00:00,2021-04-15,2021,4,15,2,0.000299,True,True,True
S2B_36SYA_20210415_0_L2A,2021-04-15 08:31:09.940000+00:00,2021-04-15,2021,4,15,2,0.621245,True,True,True
S2B_36SYA_20210415_1_L2A,2021-04-15 08:31:09.940000+00:00,2021-04-15,2021,4,15,2,0.056987,True,True,True
S2B_36SYA_20210415_2_L2A,2021-04-15 08:31:09.940000+00:00,2021-04-15,2021,4,15,2,0.05634,True,True,True
S2A_37SBS_20210420_0_L2A,2021-04-20 08:30:52.111000+00:00,2021-04-20,2021,4,20,2,18.905592,True,True,True
S2A_37SBS_20210420_1_L2A,2021-04-20 08:30:52.111000+00:00,2021-04-20,2021,4,20,2,22.301109,True,True,True
S2A_36SYB_20210420_0_L2A,2021-04-20 08:30:54.612000+00:00,2021-04-20,2021,4,20,2,6.822028,True,True,True
S2A_36SYB_20210420_1_L2A,2021-04-20 08:30:54.612000+00:00,2021-04-20,2021,4,20,2,16.331893,True,True,True
S2A_36SYA_20210420_0_L2A,2021-04-20 08:31:09.216000+00:00,2021-04-20,2021,4,20,2,55.596705,True,True,True
S2A_36SYA_20210420_1_L2A,2021-04-20 08:31:09.216000+00:00,2021-04-20,2021,4,20,2,50.457913,True,True,True
S2B_37SBS_20210425_1_L2A,2021-04-25 08:30:51.699000+00:00,2021-04-25,2021,4,25,3,0.516771,True,True,True
S2B_37SBS_20210425_0_L2A,2021-04-25 08:30:51.700000+00:00,2021-04-25,2021,4,25,3,0.787099,True,True,True
S2B_36SYB_20210425_0_L2A,2021-04-25 08:30:54.202000+00:00,2021-04-25,2021,4,25,3,0.360503,True,True,True
S2B_36SYB_20210425_1_L2A,2021-04-25 08:30:54.202000+00:00,2021-04-25,2021,4,25,3,0.000455,True,True,True
S2B_36SYA_20210425_0_L2A,2021-04-25 08:31:08.820000+00:00,2021-04-25,2021,4,25,3,0.667456,True,True,True
S2B_36SYA_20210425_1_L2A,2021-04-25 08:31:08.820000+00:00,2021-04-25,2021,4,25,3,0.026082,True,True,True
S2A_37SBS_20210430_1_L2A,2021-04-30 08:30:54.489000+00:00,2021-04-30,2021,4,30,3,11.294878,True,True,True
S2A_37SBS_20210430_0_L2A,2021-04-30 08:30:54.490000+00:00,2021-04-30,2021,4,30,3,9.386183,True,True,True
S2A_36SYB_20210430_0_L2A,2021-04-30 08:30:57+00:00,2021-04-30,2021,4,30,3,9.415377,True,True,True
S2A_36SYB_20210430_1_L2A,2021-04-30 08:30:57+00:00,2021-04-30,2021,4,30,3,14.544116,True,True,True
S2A_36SYA_20210430_0_L2A,2021-04-30 08:31:11.619000+00:00,2021-04-30,2021,4,30,3,0.764427,True,True,True
S2A_36SYA_20210430_1_L2A,2021-04-30 08:31:11.619000+00:00,2021-04-30,2021,4,30,3,0.000392,True,True,True
S2B_37SBS_20210505_1_L2A,2021-05-05 08:30:54.104000+00:00,2021-05-05,2021,5,5,1,28.51533,True,True,True
S2B_37SBS_20210505_0_L2A,2021-05-05 08:30:54.105000+00:00,2021-05-05,2021,5,5,1,28.728929,True,True,True
S2B_36SYB_20210505_1_L2A,2021-05-05 08:30:56.616000+00:00,2021-05-05,2021,5,5,1,20.738132,True,True,True
S2B_36SYB_20210505_0_L2A,2021-05-05 08:30:56.617000+00:00,2021-05-05,2021,5,5,1,13.238834,True,True,True
S2B_36SYA_20210505_0_L2A,2021-05-05 08:31:11.230000+00:00,2021-05-05,2021,5,5,1,6.093294,True,True,True
S2B_36SYA_20210505_1_L2A,2021-05-05 08:31:11.230000+00:00,2021-05-05,2021,5,5,1,9.085209,True,True,True
S2A_37SBS_20210510_1_L2A,2021-05-10 08:30:56.201000+00:00,2021-05-10,2021,5,10,1,1.599032,True,True,True
S2A_37SBS_20210510_0_L2A,2021-05-10 08:30:56.202000+00:00,2021-05-10,2021,5,10,1,1.651383,True,True,True
S2A_36SYB_20210510_1_L2A,2021-05-10 08:30:58.715000+00:00,2021-05-10,2021,5,10,1,0.143374,True,True,True
S2A_36SYB_20210510_0_L2A,2021-05-10 08:30:58.716000+00:00,2021-05-10,2021,5,10,1,0.434146,True,True,True
S2A_36SYA_20210510_0_L2A,2021-05-10 08:31:13.336000+00:00,2021-05-10,2021,5,10,1,1.917837,True,True,True
S2A_36SYA_20210510_1_L2A,2021-05-10 08:31:13.336000+00:00,2021-05-10,2021,5,10,1,1.01561,True,True,True
S2B_37SBS_20210515_1_L2A,2021-05-15 08:30:56.041000+00:00,2021-05-15,2021,5,15,2,0.045538,True,True,True
S2B_37SBS_20210515_0_L2A,2021-05-15 08:30:56.042000+00:00,2021-05-15,2021,5,15,2,0.173618,True,True,True
S2B_36SYB_20210515_1_L2A,2021-05-15 08:30:58.563000+00:00,2021-05-15,2021,5,15,2,0.303304,True,True,True
S2B_36SYB_20210515_0_L2A,2021-05-15 08:30:58.564000+00:00,2021-05-15,2021,5,15,2,0.432009,True,True,True
S2B_36SYA_20210515_1_L2A,2021-05-15 08:31:13.185000+00:00,2021-05-15,2021,5,15,2,1.89943,True,True,True
S2B_36SYA_20210515_0_L2A,2021-05-15 08:31:13.186000+00:00,2021-05-15,2021,5,15,2,1.618624,True,True,True
S2A_37SBS_20210520_0_L2A,2021-05-20 08:30:57.304000+00:00,2021-05-20,2021,5,20,2,0.220146,True,True,True
S2A_37SBS_20210520_1_L2A,2021-05-20 08:30:57.304000+00:00,2021-05-20,2021,5,20,2,0.004435,True,True,True
S2A_36SYB_20210520_0_L2A,2021-05-20 08:30:59.824000+00:00,2021-05-20,2021,5,20,2,0.511428,True,True,True
S2A_36SYB_20210520_1_L2A,2021-05-20 08:30:59.824000+00:00,2021-05-20,2021,5,20,2,0.023885,True,True,True
S2A_36SYA_20210520_0_L2A,2021-05-20 08:31:14.444000+00:00,2021-05-20,2021,5,20,2,0.685339,True,True,True
S2A_36SYA_20210520_1_L2A,2021-05-20 08:31:14.444000+00:00,2021-05-20,2021,5,20,2,0.036121,True,True,True
S2B_37SBS_20210525_0_L2A,2021-05-25 08:30:57.299000+00:00,2021-05-25,2021,5,25,3,0.314934,True,True,True
S2B_37SBS_20210525_1_L2A,2021-05-25 08:30:57.299000+00:00,2021-05-25,2021,5,25,3,0.012865,True,True,True
S2B_36SYB_20210525_1_L2A,2021-05-25 08:30:59.827000+00:00,2021-05-25,2021,5,25,3,0.007269,True,True,True
S2B_36SYB_20210525_0_L2A,2021-05-25 08:30:59.828000+00:00,2021-05-25,2021,5,25,3,0.593644,True,True,True
S2B_36SYA_20210525_0_L2A,2021-05-25 08:31:14.448000+00:00,2021-05-25,2021,5,25,3,0.739364,True,True,True
S2B_36SYA_20210525_1_L2A,2021-05-25 08:31:14.448000+00:00,2021-05-25,2021,5,25,3,0.16273,True,True,True
S2A_37SBS_20210530_0_L2A,2021-05-30 08:30:57.789000+00:00,2021-05-30,2021,5,30,3,0.883304,True,True,True
S2A_37SBS_20210530_1_L2A,2021-05-30 08:30:57.789000+00:00,2021-05-30,2021,5,30,3,0.142957,True,True,True
S2A_36SYB_20210530_1_L2A,2021-05-30 08:31:00.307000+00:00,2021-05-30,2021,5,30,3,0.051629,True,True,True
S2A_36SYB_20210530_0_L2A,2021-05-30 08:31:00.308000+00:00,2021-05-30,2021,5,30,3,0.453389,True,True,True
S2A_36SYA_20210530_0_L2A,2021-05-30 08:31:14.919000+00:00,2021-05-30,2021,5,30,3,9.578326,True,True,True
S2A_36SYA_20210530_1_L2A,2021-05-30 08:31:14.919000+00:00,2021-05-30,2021,5,30,3,11.40912,True,True,True
S2B_37SBS_20210604_1_L2A,2021-06-04 08:30:57.914000+00:00,2021-06-04,2021,6,4,1,0.06043,True,True,True
S2B_37SBS_20210604_0_L2A,2021-06-04 08:30:57.915000+00:00,2021-06-04,2021,6,4,1,0.846511,True,True,True
S2B_36SYB_20210604_1_L2A,2021-06-04 08:31:00.442000+00:00,2021-06-04,2021,6,4,1,0.599354,True,True,True
S2B_36SYB_20210604_0_L2A,2021-06-04 08:31:00.443000+00:00,2021-06-04,2021,6,4,1,1.238194,True,True,True
S2B_36SYA_20210604_0_L2A,2021-06-04 08:31:15.067000+00:00,2021-06-04,2021,6,4,1,2.499285,True,True,True
S2B_36SYA_20210604_1_L2A,2021-06-04 08:31:15.067000+00:00,2021-06-04,2021,6,4,1,0.738969,True,True,True
S2A_37SBS_20210609_1_L2A,2021-06-09 08:30:57.648000+00:00,2021-06-09,2021,6,9,1,0.019606,True,True,True
S2A_37SBS_20210609_0_L2A,2021-06-09 08:30:57.649000+00:00,2021-06-09,2021,6,9,1,0.308019,True,True,True
S2A_36SYB_20210609_1_L2A,2021-06-09 08:31:00.158000+00:00,2021-06-09,2021,6,9,1,0.021705,True,True,True
S2A_36SYB_20210609_0_L2A,2021-06-09 08:31:00.159000+00:00,2021-06-09,2021,6,9,1,0.598432,True,True,True
S2A_36SYA_20210609_0_L2A,2021-06-09 08:31:14.777000+00:00,2021-06-09,2021,6,9,1,1.093424,True,True,True
S2A_36SYA_20210609_1_L2A,2021-06-09 08:31:14.777000+00:00,2021-06-09,2021,6,9,1,0.004526,True,True,True
S2B_37SBS_20210614_0_L2A,2021-06-14 08:30:57.982000+00:00,2021-06-14,2021,6,14,2,0.21161,True,True,True
S2B_37SBS_20210614_1_L2A,2021-06-14 08:30:57.982000+00:00,2021-06-14,2021,6,14,2,0.021699,True,True,True
S2B_37SBS_20210614_2_L2A,2021-06-14 08:30:57.982000+00:00,2021-06-14,2021,6,14,2,0.021699,True,True,True
S2B_36SYB_20210614_1_L2A,2021-06-14 08:31:00.508000+00:00,2021-06-14,2021,6,14,2,2.586488,True,True,True
S2B_36SYB_20210614_2_L2A,2021-06-14 08:31:00.508000+00:00,2021-06-14,2021,6,14,2,2.586488,True,True,True
S2B_36SYB_20210614_0_L2A,2021-06-14 08:31:00.509000+00:00,2021-06-14,2021,6,14,2,1.642596,True,True,True
S2B_36SYA_20210614_0_L2A,2021-06-14 08:31:15.125000+00:00,2021-06-14,2021,6,14,2,0.971367,True,True,True
S2B_36SYA_20210614_1_L2A,2021-06-14 08:31:15.125000+00:00,2021-06-14,2021,6,14,2,0.554713,True,True,True
S2B_36SYA_20210614_2_L2A,2021-06-14 08:31:15.125000+00:00,2021-06-14,2021,6,14,2,0.554713,True,True,True
S2A_37SBS_20210619_1_L2A,2021-06-19 08:30:57.397000+00:00,2021-06-19,2021,6,19,2,2.006777,True,True,True
S2A_37SBS_20210619_0_L2A,2021-06-19 08:30:57.398000+00:00,2021-06-19,2021,6,19,2,1.39691,True,True,True
S2A_36SYB_20210619_1_L2A,2021-06-19 08:30:59.905000+00:00,2021-06-19,2021,6,19,2,4.744616,True,True,True
S2A_36SYB_20210619_0_L2A,2021-06-19 08:30:59.906000+00:00,2021-06-19,2021,6,19,2,3.427908,True,True,True
S2A_36SYA_20210619_0_L2A,2021-06-19 08:31:14.520000+00:00,2021-06-19,2021,6,19,2,3.581445,True,True,True
S2A_36SYA_20210619_1_L2A,2021-06-19 08:31:14.520000+00:00,2021-06-19,2021,6,19,2,3.508535,True,True,True
S2B_37SBS_20210624_0_L2A,2021-06-24 08:30:57.425000+00:00,2021-06-24,2021,6,24,3,0.676324,True,True,True
S2B_37SBS_20210624_1_L2A,2021-06-24 08:30:57.425000+00:00,2021-06-24,2021,6,24,3,0.020787,True,True,True
S2B_36SYB_20210624_0_L2A,2021-06-24 08:30:59.944000+00:00,2021-06-24,2021,6,24,3,0.528014,True,True,True
S2B_36SYB_20210624_1_L2A,2021-06-24 08:30:59.944000+00:00,2021-06-24,2021,6,24,3,0.422756,True,True,True
S2B_36SYA_20210624_0_L2A,2021-06-24 08:31:14.562000+00:00,2021-06-24,2021,6,24,3,0.836112,True,True,True
S2B_36SYA_20210624_1_L2A,2021-06-24 08:31:14.562000+00:00,2021-06-24,2021,6,24,3,0.021115,True,True,True
S2A_37SBS_20210629_1_L2A,2021-06-29 08:30:58.741000+00:00,2021-06-29,2021,6,29,3,0.012124,True,True,True
S2A_37SBS_20210629_0_L2A,2021-06-29 08:30:58.742000+00:00,2021-06-29,2021,6,29,3,0.299848,True,True,True
S2A_36SYB_20210629_1_L2A,2021-06-29 08:31:01.255000+00:00,2021-06-29,2021,6,29,3,0.021025,True,True,True
S2A_36SYB_20210629_0_L2A,2021-06-29 08:31:01.256000+00:00,2021-06-29,2021,6,29,3,0.513565,True,True,True
S2A_36SYA_20210629_1_L2A,2021-06-29 08:31:15.885000+00:00,2021-06-29,2021,6,29,3,0.000471,True,True,True
S2A_36SYA_20210629_0_L2A,2021-06-29 08:31:15.886000+00:00,2021-06-29,2021,6,29,3,1.030066,True,True,True
S2B_37SBS_20210704_0_L2A,2021-07-04 08:30:58.423000+00:00,2021-07-04,2021,7,4,1,2.270497,True,True,True
S2B_37SBS_20210704_1_L2A,2021-07-04 08:30:58.423000+00:00,2021-07-04,2021,7,4,1,3.407023,True,True,True
S2B_37SBS_20210704_2_L2A,2021-07-04 08:30:58.423000+00:00,2021-07-04,2021,7,4,1,3.407023,True,True,True
S2B_36SYB_20210704_1_L2A,2021-07-04 08:31:00.946000+00:00,2021-07-04,2021,7,4,1,12.212809,True,True,True
S2B_36SYB_20210704_0_L2A,2021-07-04 08:31:00.947000+00:00,2021-07-04,2021,7,4,1,7.554753,True,True,True
S2B_36SYA_20210704_0_L2A,2021-07-04 08:31:15.561000+00:00,2021-07-04,2021,7,4,1,2.893627,True,True,True
S2B_36SYA_20210704_1_L2A,2021-07-04 08:31:15.561000+00:00,2021-07-04,2021,7,4,1,2.573435,True,True,True
S2A_37SBS_20210709_1_L2A,2021-07-09 08:30:59.798000+00:00,2021-07-09,2021,7,9,1,0.006716,True,True,True
S2A_37SBS_20210709_0_L2A,2021-07-09 08:30:59.799000+00:00,2021-07-09,2021,7,9,1,0.667661,True,True,True
S2A_36SYB_20210709_1_L2A,2021-07-09 08:31:02.314000+00:00,2021-07-09,2021,7,9,1,0.464544,True,True,True
S2A_36SYB_20210709_0_L2A,2021-07-09 08:31:02.315000+00:00,2021-07-09,2021,7,9,1,0.732771,True,True,True
S2A_36SYA_20210709_0_L2A,2021-07-09 08:31:16.927000+00:00,2021-07-09,2021,7,9,1,1.092007,True,True,True
S2A_36SYA_20210709_1_L2A,2021-07-09 08:31:16.927000+00:00,2021-07-09,2021,7,9,1,0.001102,True,True,True
S2B_37SBS_20210714_0_L2A,2021-07-14 08:30:58.962000+00:00,2021-07-14,2021,7,14,2,0.176763,True,True,True
S2B_37SBS_20210714_1_L2A,2021-07-14 08:30:58.962000+00:00,2021-07-14,2021,7,14,2,0.00628,True,True,True
S2B_36SYB_20210714_1_L2A,2021-07-14 08:31:01.487000+00:00,2021-07-14,2021,7,14,2,1.520552,True,True,True
S2B_36SYB_20210714_0_L2A,2021-07-14 08:31:01.488000+00:00,2021-07-14,2021,7,14,2,1.087236,True,True,True
S2B_36SYA_20210714_0_L2A,2021-07-14 08:31:16.108000+00:00,2021-07-14,2021,7,14,2,1.088755,True,True,True
S2B_36SYA_20210714_1_L2A,2021-07-14 08:31:16.108000+00:00,2021-07-14,2021,7,14,2,0.144396,True,True,True
S2A_37SBS_20210719_0_L2A,2021-07-19 08:31:00.289000+00:00,2021-07-19,2021,7,19,2,0.189355,True,True,True
S2A_37SBS_20210719_1_L2A,2021-07-19 08:31:00.289000+00:00,2021-07-19,2021,7,19,2,0.001821,True,True,True
S2A_36SYB_20210719_1_L2A,2021-07-19 08:31:02.808000+00:00,2021-07-19,2021,7,19,2,0.004675,True,True,True
S2A_36SYB_20210719_0_L2A,2021-07-19 08:31:02.809000+00:00,2021-07-19,2021,7,19,2,0.430559,True,True,True
S2A_36SYA_20210719_0_L2A,2021-07-19 08:31:17.430000+00:00,2021-07-19,2021,7,19,2,0.909008,True,True,True
S2A_36SYA_20210719_1_L2A,2021-07-19 08:31:17.430000+00:00,2021-07-19,2021,7,19,2,0.248065,True,True,True
S2B_37SBS_20210724_1_L2A,2021-07-24 08:30:58.970000+00:00,2021-07-24,2021,7,24,3,28.459314,True,True,True
S2B_37SBS_20210724_0_L2A,2021-07-24 08:30:58.971000+00:00,2021-07-24,2021,7,24,3,19.932334,True,True,True
S2B_36SYB_20210724_1_L2A,2021-07-24 08:31:01.494000+00:00,2021-07-24,2021,7,24,3,58.092469,True,True,True
S2B_36SYB_20210724_0_L2A,2021-07-24 08:31:01.495000+00:00,2021-07-24,2021,7,24,3,47.289911,True,True,True
S2B_36SYA_20210724_0_L2A,2021-07-24 08:31:16.114000+00:00,2021-07-24,2021,7,24,3,36.783541,True,True,True
S2B_36SYA_20210724_1_L2A,2021-07-24 08:31:16.114000+00:00,2021-07-24,2021,7,24,3,44.691691,True,True,True
S2A_37SBS_20210729_0_L2A,2021-07-29 08:31:00.288000+00:00,2021-07-29,2021,7,29,3,0.212241,True,True,True
S2A_37SBS_20210729_1_L2A,2021-07-29 08:31:00.288000+00:00,2021-07-29,2021,7,29,3,0.027541,True,True,True
S2A_36SYB_20210729_0_L2A,2021-07-29 08:31:02.806000+00:00,2021-07-29,2021,7,29,3,0.811039,True,True,True
S2A_36SYB_20210729_1_L2A,2021-07-29 08:31:02.806000+00:00,2021-07-29,2021,7,29,3,0.792691,True,True,True
S2A_36SYA_20210729_0_L2A,2021-07-29 08:31:17.413000+00:00,2021-07-29,2021,7,29,3,0.897781,True,True,True
S2A_36SYA_20210729_1_L2A,2021-07-29 08:31:17.413000+00:00,2021-07-29,2021,7,29,3,0.03638,True,True,True
S2B_37SBS_20210803_0_L2A,2021-08-03 08:30:58.379000+00:00,2021-08-03,2021,8,3,1,0.234049,True,True,True
S2B_37SBS_20210803_1_L2A,2021-08-03 08:30:58.379000+00:00,2021-08-03,2021,8,3,1,0.00131,True,True,True
S2B_36SYB_20210803_1_L2A,2021-08-03 08:31:00.901000+00:00,2021-08-03,2021,8,3,1,0.045763,True,True,True
S2B_36SYB_20210803_0_L2A,2021-08-03 08:31:00.902000+00:00,2021-08-03,2021,8,3,1,0.281485,True,True,True
S2B_36SYA_20210803_1_L2A,2021-08-03 08:31:15.516000+00:00,2021-08-03,2021,8,3,1,0.590831,True,True,True
S2B_36SYA_20210803_0_L2A,2021-08-03 08:31:15.517000+00:00,2021-08-03,2021,8,3,1,1.972943,True,True,True
S2A_37SBS_20210808_1_L2A,2021-08-08 08:30:59.677000+00:00,2021-08-08,2021,8,8,1,6.724658,True,True,True
S2A_37SBS_20210808_0_L2A,2021-08-08 08:30:59.678000+00:00,2021-08-08,2021,8,8,1,4.839513,True,True,True
S2A_36SYB_20210808_1_L2A,2021-08-08 08:31:02.195000+00:00,2021-08-08,2021,8,8,1,16.824725,True,True,True
S2A_36SYB_20210808_0_L2A,2021-08-08 08:31:02.196000+00:00,2021-08-08,2021,8,8,1,11.46891,True,True,True
S2A_36SYA_20210808_0_L2A,2021-08-08 08:31:16.815000+00:00,2021-08-08,2021,8,8,1,4.709974,True,True,True
S2A_36SYA_20210808_1_L2A,2021-08-08 08:31:16.815000+00:00,2021-08-08,2021,8,8,1,5.206911,True,True,True
S2B_37SBS_20210813_1_L2A,2021-08-13 08:30:57.299000+00:00,2021-08-13,2021,8,13,2,0.263919,True,True,True
S2B_37SBS_20210813_2_L2A,2021-08-13 08:30:57.299000+00:00,2021-08-13,2021,8,13,2,0.263919,True,True,True
S2B_37SBS_20210813_0_L2A,2021-08-13 08:30:57.300000+00:00,2021-08-13,2021,8,13,2,0.405302,True,True,True
S2B_36SYB_20210813_1_L2A,2021-08-13 08:30:59.816000+00:00,2021-08-13,2021,8,13,2,0.37192,True,True,True
S2B_36SYB_20210813_0_L2A,2021-08-13 08:30:59.817000+00:00,2021-08-13,2021,8,13,2,0.523887,True,True,True
S2B_36SYA_20210813_0_L2A,2021-08-13 08:31:14.433000+00:00,2021-08-13,2021,8,13,2,0.67592,True,True,True
S2B_36SYA_20210813_1_L2A,2021-08-13 08:31:14.433000+00:00,2021-08-13,2021,8,13,2,1.568734,True,True,True
S2A_37SBS_20210818_1_L2A,2021-08-18 08:30:59.338000+00:00,2021-08-18,2021,8,18,2,0.095118,True,True,True
S2A_37SBS_20210818_0_L2A,2021-08-18 08:30:59.339000+00:00,2021-08-18,2021,8,18,2,0.548125,True,True,True
S2A_36SYB_20210818_1_L2A,2021-08-18 08:31:01.857000+00:00,2021-08-18,2021,8,18,2,0.282826,True,True,True
S2A_36SYB_20210818_0_L2A,2021-08-18 08:31:01.858000+00:00,2021-08-18,2021,8,18,2,0.465251,True,True,True
S2A_36SYA_20210818_0_L2A,2021-08-18 08:31:16.470000+00:00,2021-08-18,2021,8,18,2,1.12493,True,True,True
S2A_36SYA_20210818_1_L2A,2021-08-18 08:31:16.470000+00:00,2021-08-18,2021,8,18,2,0.035796,True,True,True
S2B_37SBS_20210823_0_L2A,2021-08-23 08:30:55.700000+00:00,2021-08-23,2021,8,23,3,0.305266,True,True,True
S2B_37SBS_20210823_1_L2A,2021-08-23 08:30:55.700000+00:00,2021-08-23,2021,8,23,3,0.156371,True,True,True
S2B_36SYB_20210823_1_L2A,2021-08-23 08:30:58.209000+00:00,2021-08-23,2021,8,23,3,8.627012,True,True,True
S2B_36SYB_20210823_0_L2A,2021-08-23 08:30:58.210000+00:00,2021-08-23,2021,8,23,3,5.9486,True,True,True
S2B_36SYA_20210823_0_L2A,2021-08-23 08:31:12.830000+00:00,2021-08-23,2021,8,23,3,0.999263,True,True,True
S2B_36SYA_20210823_1_L2A,2021-08-23 08:31:12.830000+00:00,2021-08-23,2021,8,23,3,0.380553,True,True,True
S2A_37SBS_20210828_0_L2A,2021-08-28 08:30:58.645000+00:00,2021-08-28,2021,8,28,3,0.095215,True,True,True
S2A_37SBS_20210828_1_L2A,2021-08-28 08:30:58.645000+00:00,2021-08-28,2021,8,28,3,0.00028,True,True,True
S2A_36SYB_20210828_1_L2A,2021-08-28 08:31:01.163000+00:00,2021-08-28,2021,8,28,3,0.000282,True,True,True
S2A_36SYB_20210828_0_L2A,2021-08-28 08:31:01.164000+00:00,2021-08-28,2021,8,28,3,0.196658,True,True,True
S2A_36SYA_20210828_0_L2A,2021-08-28 08:31:15.783000+00:00,2021-08-28,2021,8,28,3,0.336734,True,True,True
S2A_36SYA_20210828_1_L2A,2021-08-28 08:31:15.783000+00:00,2021-08-28,2021,8,28,3,0.006118,True,True,True
S2B_37SBS_20210902_1_L2A,2021-09-02 08:30:53.508000+00:00,2021-09-02,2021,9,2,1,0.252165,True,True,True
S2B_37SBS_20210902_0_L2A,2021-09-02 08:30:53.509000+00:00,2021-09-02,2021,9,2,1,0.252664,True,True,True
S2B_36SYB_20210902_0_L2A,2021-09-02 08:30:56.011000+00:00,2021-09-02,2021,9,2,1,0.477623,True,True,True
S2B_36SYB_20210902_1_L2A,2021-09-02 08:30:56.011000+00:00,2021-09-02,2021,9,2,1,0.595426,True,True,True
S2B_36SYA_20210902_3_L2A,2021-09-02 08:31:07.217000+00:00,2021-09-02,2021,9,2,1,0.00222,True,True,True
S2B_36SYA_20210902_0_L2A,2021-09-02 08:31:07.218000+00:00,2021-09-02,2021,9,2,1,0.491854,True,True,True
S2B_36SYA_20210902_1_L2A,2021-09-02 08:31:13.926000+00:00,2021-09-02,2021,9,2,1,0.647871,True,True,True
S2B_36SYA_20210902_2_L2A,2021-09-02 08:31:13.926000+00:00,2021-09-02,2021,9,2,1,0.025658,True,True,True
S2A_37SBS_20210907_1_L2A,2021-09-07 08:30:57.331000+00:00,2021-09-07,2021,9,7,1,1.164267,True,True,True
S2A_37SBS_20210907_0_L2A,2021-09-07 08:30:57.332000+00:00,2021-09-07,2021,9,7,1,0.923844,True,True,True
S2A_36SYB_20210907_1_L2A,2021-09-07 08:30:59.848000+00:00,2021-09-07,2021,9,7,1,31.341916,True,True,True
S2A_36SYB_20210907_0_L2A,2021-09-07 08:30:59.849000+00:00,2021-09-07,2021,9,7,1,25.833153,True,True,True
S2A_36SYA_20210907_0_L2A,2021-09-07 08:31:14.470000+00:00,2021-09-07,2021,9,7,1,7.656242,True,True,True
S2A_36SYA_20210907_1_L2A,2021-09-07 08:31:14.470000+00:00,2021-09-07,2021,9,7,1,8.494318,True,True,True
S2B_37SBS_20210912_1_L2A,2021-09-12 08:30:53.233000+00:00,2021-09-12,2021,9,12,2,21.004236,True,True,True
S2B_37SBS_20210912_2_L2A,2021-09-12 08:30:53.233000+00:00,2021-09-12,2021,9,12,2,21.004236,True,True,True
S2B_37SBS_20210912_0_L2A,2021-09-12 08:30:53.234000+00:00,2021-09-12,2021,9,12,2,15.411119,True,True,True
S2B_36SYB_20210912_0_L2A,2021-09-12 08:30:55.745000+00:00,2021-09-12,2021,9,12,2,27.760994,True,True,True
S2B_36SYB_20210912_1_L2A,2021-09-12 08:30:55.745000+00:00,2021-09-12,2021,9,12,2,37.394637,True,True,True
S2B_36SYA_20210912_0_L2A,2021-09-12 08:31:10.360000+00:00,2021-09-12,2021,9,12,2,24.529215,True,True,True
S2B_36SYA_20210912_1_L2A,2021-09-12 08:31:10.360000+00:00,2021-09-12,2021,9,12,2,30.320805,True,True,True
S2A_37SBS_20210917_0_L2A,2021-09-17 08:30:58.861000+00:00,2021-09-17,2021,9,17,2,0.379234,True,True,True
S2A_37SBS_20210917_1_L2A,2021-09-17 08:30:58.861000+00:00,2021-09-17,2021,9,17,2,0.138515,True,True,True
S2A_36SYB_20210917_1_L2A,2021-09-17 08:31:01.377000+00:00,2021-09-17,2021,9,17,2,8.903169,True,True,True
S2A_36SYB_20210917_0_L2A,2021-09-17 08:31:01.378000+00:00,2021-09-17,2021,9,17,2,6.515705,True,True,True
S2A_36SYA_20210917_0_L2A,2021-09-17 08:31:15.999000+00:00,2021-09-17,2021,9,17,2,3.799012,True,True,True
S2A_36SYA_20210917_1_L2A,2021-09-17 08:31:15.999000+00:00,2021-09-17,2021,9,17,2,2.914612,True,True,True
S2B_37SBS_20210922_1_L2A,2021-09-22 08:30:54.522000+00:00,2021-09-22,2021,9,22,3,0.081528,True,True,True
S2B_37SBS_20210922_0_L2A,2021-09-22 08:30:54.523000+00:00,2021-09-22,2021,9,22,3,0.396697,True,True,True
S2B_36SYB_20210922_1_L2A,2021-09-22 08:30:57.034000+00:00,2021-09-22,2021,9,22,3,3.7094,True,True,True
S2B_36SYB_20210922_0_L2A,2021-09-22 08:30:57.035000+00:00,2021-09-22,2021,9,22,3,2.184867,True,True,True
S2B_36SYA_20210922_0_L2A,2021-09-22 08:31:11.652000+00:00,2021-09-22,2021,9,22,3,0.682722,True,True,True
S2B_36SYA_20210922_1_L2A,2021-09-22 08:31:11.652000+00:00,2021-09-22,2021,9,22,3,0.028666,True,True,True
S2A_37SBS_20210927_3_L2A,2021-09-27 08:31:00.842000+00:00,2021-09-27,2021,9,27,3,7e-06,True,True,True
S2A_37SBS_20210927_0_L2A,2021-09-27 08:31:00.843000+00:00,2021-09-27,2021,9,27,3,1.863317,True,True,True
S2A_37SBS_20210927_1_L2A,2021-09-27 08:31:00.843000+00:00,2021-09-27,2021,9,27,3,0.185303,True,True,True
S2A_37SBS_20210927_2_L2A,2021-09-27 08:31:00.843000+00:00,2021-09-27,2021,9,27,3,1.863314,True,True,True
S2A_36SYB_20210927_3_L2A,2021-09-27 08:31:03.368000+00:00,2021-09-27,2021,9,27,3,1.497258,True,True,True
S2A_36SYB_20210927_0_L2A,2021-09-27 08:31:03.369000+00:00,2021-09-27,2021,9,27,3,1.068935,True,True,True
S2A_36SYB_20210927_1_L2A,2021-09-27 08:31:03.369000+00:00,2021-09-27,2021,9,27,3,1.077571,True,True,True
S2A_36SYB_20210927_2_L2A,2021-09-27 08:31:03.369000+00:00,2021-09-27,2021,9,27,3,1.068935,True,True,True
S2A_36SYA_20210927_3_L2A,2021-09-27 08:31:17.972000+00:00,2021-09-27,2021,9,27,3,14.705488,True,True,True
S2A_36SYA_20210927_0_L2A,2021-09-27 08:31:17.973000+00:00,2021-09-27,2021,9,27,3,0.750784,True,True,True
S2A_36SYA_20210927_1_L2A,2021-09-27 08:31:17.973000+00:00,2021-09-27,2021,9,27,3,11.790183,True,True,True
S2A_36SYA_20210927_2_L2A,2021-09-27 08:31:17.973000+00:00,2021-09-27,2021,9,27,3,0.750791,True,True,True
S2B_37SBS_20211002_0_L2A,2021-10-02 08:30:56.680000+00:00,2021-10-02,2021,10,2,1,0.386815,True,True,True
S2B_37SBS_20211002_1_L2A,2021-10-02 08:30:56.680000+00:00,2021-10-02,2021,10,2,1,0.796833,True,True,True
S2B_36SYB_20211002_1_L2A,2021-10-02 08:30:59.203000+00:00,2021-10-02,2021,10,2,1,21.651946,True,True,True
S2B_36SYB_20211002_0_L2A,2021-10-02 08:30:59.204000+00:00,2021-10-02,2021,10,2,1,13.425035,True,True,True
S2B_36SYA_20211002_1_L2A,2021-10-02 08:31:13.821000+00:00,2021-10-02,2021,10,2,1,21.768793,True,True,True
S2B_36SYA_20211002_0_L2A,2021-10-02 08:31:13.822000+00:00,2021-10-02,2021,10,2,1,16.80672,True,True,True
S2A_37SBS_20211007_1_L2A,2021-10-07 08:31:02.033000+00:00,2021-10-07,2021,10,7,1,0.0647,True,True,True
S2A_37SBS_20211007_0_L2A,2021-10-07 08:31:02.034000+00:00,2021-10-07,2021,10,7,1,0.223813,True,True,True
S2A_36SYB_20211007_1_L2A,2021-10-07 08:31:04.564000+00:00,2021-10-07,2021,10,7,1,0.119781,True,True,True
S2A_36SYB_20211007_0_L2A,2021-10-07 08:31:04.565000+00:00,2021-10-07,2021,10,7,1,0.293085,True,True,True
S2A_36SYA_20211007_0_L2A,2021-10-07 08:31:19.180000+00:00,2021-10-07,2021,10,7,1,0.604763,True,True,True
S2A_36SYA_20211007_1_L2A,2021-10-07 08:31:19.180000+00:00,2021-10-07,2021,10,7,1,0.006888,True,True,True
S2B_37SBS_20211012_1_L2A,2021-10-12 08:30:58.032000+00:00,2021-10-12,2021,10,12,2,98.162264,True,True,True
S2B_37SBS_20211012_0_L2A,2021-10-12 08:30:58.033000+00:00,2021-10-12,2021,10,12,2,97.749464,True,True,True
S2B_36SYB_20211012_1_L2A,2021-10-12 08:31:00.565000+00:00,2021-10-12,2021,10,12,2,99.492264,True,True,True
S2B_36SYB_20211012_0_L2A,2021-10-12 08:31:00.566000+00:00,2021-10-12,2021,10,12,2,98.905205,True,True,True
S2B_36SYA_20211012_0_L2A,2021-10-12 08:31:15.181000+00:00,2021-10-12,2021,10,12,2,74.189386,True,True,True
S2B_36SYA_20211012_1_L2A,2021-10-12 08:31:15.181000+00:00,2021-10-12,2021,10,12,2,76.298314,True,True,True
S2A_37SBS_20211017_0_L2A,2021-10-17 08:31:02.364000+00:00,2021-10-17,2021,10,17,2,18.907301,True,True,True
S2A_37SBS_20211017_1_L2A,2021-10-17 08:31:02.364000+00:00,2021-10-17,2021,10,17,2,25.204417,True,True,True
S2A_36SYB_20211017_1_L2A,2021-10-17 08:31:04.897000+00:00,2021-10-17,2021,10,17,2,29.498971,True,True,True
S2A_36SYB_20211017_0_L2A,2021-10-17 08:31:04.898000+00:00,2021-10-17,2021,10,17,2,20.09587,True,True,True
S2A_36SYA_20211017_0_L2A,2021-10-17 08:31:19.522000+00:00,2021-10-17,2021,10,17,2,36.701326,True,True,True
S2A_36SYA_20211017_1_L2A,2021-10-17 08:31:19.522000+00:00,2021-10-17,2021,10,17,2,40.571645,True,True,True
S2B_37SBS_20211022_1_L2A,2021-10-22 08:30:58.521000+00:00,2021-10-22,2021,10,22,3,9.056294,True,True,True
S2B_37SBS_20211022_0_L2A,2021-10-22 08:30:58.522000+00:00,2021-10-22,2021,10,22,3,5.566064,True,True,True
S2B_36SYB_20211022_1_L2A,2021-10-22 08:31:01.057000+00:00,2021-10-22,2021,10,22,3,3.967973,True,True,True
S2B_36SYB_20211022_0_L2A,2021-10-22 08:31:01.058000+00:00,2021-10-22,2021,10,22,3,2.92359,True,True,True
S2B_36SYA_20211022_0_L2A,2021-10-22 08:31:15.674000+00:00,2021-10-22,2021,10,22,3,0.447238,True,True,True
S2B_36SYA_20211022_1_L2A,2021-10-22 08:31:15.674000+00:00,2021-10-22,2021,10,22,3,0.00989,True,True,True
S2A_37SBS_20211027_0_L2A,2021-10-27 08:31:01.878000+00:00,2021-10-27,2021,10,27,3,0.141509,True,True,True
S2A_37SBS_20211027_1_L2A,2021-10-27 08:31:01.878000+00:00,2021-10-27,2021,10,27,3,0.000375,True,True,True
S2A_36SYB_20211027_1_L2A,2021-10-27 08:31:04.409000+00:00,2021-10-27,2021,10,27,3,0.001875,True,True,True
S2A_36SYB_20211027_2_L2A,2021-10-27 08:31:04.409000+00:00,2021-10-27,2021,10,27,3,0.001875,True,True,True
S2A_36SYB_20211027_0_L2A,2021-10-27 08:31:04.410000+00:00,2021-10-27,2021,10,27,3,0.329395,True,True,True
S2A_36SYA_20211027_0_L2A,2021-10-27 08:31:19.041000+00:00,2021-10-27,2021,10,27,3,0.425523,True,True,True
S2A_36SYA_20211027_1_L2A,2021-10-27 08:31:19.041000+00:00,2021-10-27,2021,10,27,3,0.009472,True,True,True
S2B_37SBS_20211101_0_L2A,2021-11-01 08:30:58.089000+00:00,2021-11-01,2021,11,1,1,99.852639,True,True,True
S2B_37SBS_20211101_1_L2A,2021-11-01 08:30:58.091000+00:00,2021-11-01,2021,11,1,1,99.993938,True,True,True
S2B_36SYB_20211101_0_L2A,2021-11-01 08:31:00.625000+00:00,2021-11-01,2021,11,1,1,98.546573,True,True,True
S2B_36SYB_20211101_1_L2A,2021-11-01 08:31:00.627000+00:00,2021-11-01,2021,11,1,1,99.988276,True,True,True
S2B_36SYA_20211101_1_L2A,2021-11-01 08:31:15.234000+00:00,2021-11-01,2021,11,1,1,95.15303,True,True,True
S2B_36SYA_20211101_3_L2A,2021-11-01 08:31:15.236000+00:00,2021-11-01,2021,11,1,1,95.950091,True,True,True
S2A_37SBS_20211106_1_L2A,2021-11-06 08:31:00.392000+00:00,2021-11-06,2021,11,6,1,0.070302,True,True,True
S2A_37SBS_20211106_0_L2A,2021-11-06 08:31:00.393000+00:00,2021-11-06,2021,11,6,1,0.262775,True,True,True
S2A_36SYB_20211106_1_L2A,2021-11-06 08:31:02.917000+00:00,2021-11-06,2021,11,6,1,0.907542,True,True,True
S2A_36SYB_20211106_0_L2A,2021-11-06 08:31:02.918000+00:00,2021-11-06,2021,11,6,1,1.105654,True,True,True
S2A_36SYA_20211106_0_L2A,2021-11-06 08:31:17.542000+00:00,2021-11-06,2021,11,6,1,0.396615,True,True,True
S2B_37SBS_20211111_1_L2A,2021-11-11 08:30:56.489000+00:00,2021-11-11,2021,11,11,2,0.000243,True,True,True
S2B_37SBS_20211111_0_L2A,2021-11-11 08:30:56.490000+00:00,2021-11-11,2021,11,11,2,0.101451,True,True,True
S2B_36SYB_20211111_1_L2A,2021-11-11 08:30:59.020000+00:00,2021-11-11,2021,11,11,2,0.004874,True,True,True
S2B_36SYB_20211111_0_L2A,2021-11-11 08:30:59.021000+00:00,2021-11-11,2021,11,11,2,0.159857,True,True,True
S2B_36SYA_20211111_0_L2A,2021-11-11 08:31:13.643000+00:00,2021-11-11,2021,11,11,2,4.95588,True,True,True
S2B_36SYA_20211111_1_L2A,2021-11-11 08:31:13.643000+00:00,2021-11-11,2021,11,11,2,7.993892,True,True,True
S2A_37SBS_20211116_0_L2A,2021-11-16 08:30:57.742000+00:00,2021-11-16,2021,11,16,2,1.314419,True,True,True
S2A_37SBS_20211116_1_L2A,2021-11-16 08:30:57.742000+00:00,2021-11-16,2021,11,16,2,0.732667,True,True,True
S2A_36SYB_20211116_0_L2A,2021-11-16 08:31:00.256000+00:00,2021-11-16,2021,11,16,2,2.29189,True,True,True
S2A_36SYB_20211116_1_L2A,2021-11-16 08:31:00.256000+00:00,2021-11-16,2021,11,16,2,3.242637,True,True,True
S2A_36SYA_20211116_0_L2A,2021-11-16 08:31:14.865000+00:00,2021-11-16,2021,11,16,2,1.688594,True,True,True
S2A_36SYA_20211116_1_L2A,2021-11-16 08:31:14.865000+00:00,2021-11-16,2021,11,16,2,0.892764,True,True,True
S2B_37SBS_20211121_0_L2A,2021-11-21 08:30:53.969000+00:00,2021-11-21,2021,11,21,3,53.714411,True,True,True
S2B_37SBS_20211121_1_L2A,2021-11-21 08:30:53.969000+00:00,2021-11-21,2021,11,21,3,58.989078,True,True,True
S2B_36SYB_20211121_1_L2A,2021-11-21 08:30:56.487000+00:00,2021-11-21,2021,11,21,3,67.568046,True,True,True
S2B_36SYB_20211121_0_L2A,2021-11-21 08:30:56.488000+00:00,2021-11-21,2021,11,21,3,59.160118,True,True,True
S2B_36SYA_20211121_0_L2A,2021-11-21 08:31:11.105000+00:00,2021-11-21,2021,11,21,3,88.197467,True,True,True
S2B_36SYA_20211121_1_L2A,2021-11-21 08:31:11.105000+00:00,2021-11-21,2021,11,21,3,90.941197,True,True,True
S2A_37SBS_20211126_1_L2A,2021-11-26 08:30:56.944000+00:00,2021-11-26,2021,11,26,3,50.853091,True,True,True
S2A_37SBS_20211126_0_L2A,2021-11-26 08:30:56.945000+00:00,2021-11-26,2021,11,26,3,45.159543,True,True,True
S2A_36SYB_20211126_1_L2A,2021-11-26 08:30:59.462000+00:00,2021-11-26,2021,11,26,3,64.467484,True,True,True
S2A_36SYB_20211126_0_L2A,2021-11-26 08:30:59.463000+00:00,2021-11-26,2021,11,26,3,59.377044,True,True,True
S2A_36SYA_20211126_0_L2A,2021-11-26 08:31:14.073000+00:00,2021-11-26,2021,11,26,3,14.972121,True,True,True
S2A_36SYA_20211126_1_L2A,2021-11-26 08:31:14.073000+00:00,2021-11-26,2021,11,26,3,17.22614,True,True,True
S2B_37SBS_20211201_1_L2A,2021-12-01 08:30:52.422000+00:00,2021-12-01,2021,12,1,1,65.792835,True,True,True
S2B_37SBS_20211201_0_L2A,2021-12-01 08:30:52.423000+00:00,2021-12-01,2021,12,1,1,63.358617,True,True,True
S2B_36SYB_20211201_0_L2A,2021-12-01 08:30:54.938000+00:00,2021-12-01,2021,12,1,1,63.336425,True,True,True
S2B_36SYB_20211201_1_L2A,2021-12-01 08:30:54.938000+00:00,2021-12-01,2021,12,1,1,80.631572,True,True,True
S2B_36SYA_20211201_0_L2A,2021-12-01 08:31:09.553000+00:00,2021-12-01,2021,12,1,1,98.113358,True,True,True
S2B_36SYA_20211201_1_L2A,2021-12-01 08:31:09.553000+00:00,2021-12-01,2021,12,1,1,98.756474,True,True,True
S2A_37SBS_20211206_0_L2A,2021-12-06 08:30:56.038000+00:00,2021-12-06,2021,12,6,1,1.919413,True,True,True
S2A_37SBS_20211206_1_L2A,2021-12-06 08:30:56.038000+00:00,2021-12-06,2021,12,6,1,2.881526,True,True,True
S2A_36SYB_20211206_1_L2A,2021-12-06 08:30:58.558000+00:00,2021-12-06,2021,12,6,1,0.55181,True,True,True
S2A_36SYB_20211206_0_L2A,2021-12-06 08:30:58.559000+00:00,2021-12-06,2021,12,6,1,0.580327,True,True,True
S2A_36SYA_20211206_0_L2A,2021-12-06 08:31:13.172000+00:00,2021-12-06,2021,12,6,1,1.413728,True,True,True
S2A_36SYA_20211206_1_L2A,2021-12-06 08:31:13.172000+00:00,2021-12-06,2021,12,6,1,1.453847,True,True,True
S2B_37SBS_20211211_0_L2A,2021-12-11 08:30:51.408000+00:00,2021-12-11,2021,12,11,2,0.347105,True,True,True
S2B_37SBS_20211211_1_L2A,2021-12-11 08:30:51.408000+00:00,2021-12-11,2021,12,11,2,0.029518,True,True,True
S2B_36SYB_20211211_1_L2A,2021-12-11 08:30:53.928000+00:00,2021-12-11,2021,12,11,2,0.004741,True,True,True
S2B_36SYB_20211211_0_L2A,2021-12-11 08:30:53.929000+00:00,2021-12-11,2021,12,11,2,0.421007,True,True,True
S2B_36SYA_20211211_0_L2A,2021-12-11 08:31:08.547000+00:00,2021-12-11,2021,12,11,2,1.208991,True,True,True
S2B_36SYA_20211211_1_L2A,2021-12-11 08:31:08.547000+00:00,2021-12-11,2021,12,11,2,0.087385,True,True,True
S2A_37SBS_20211216_1_L2A,2021-12-16 08:30:57.055000+00:00,2021-12-16,2021,12,16,2,92.955911,True,True,True
S2A_37SBS_20211216_0_L2A,2021-12-16 08:30:57.056000+00:00,2021-12-16,2021,12,16,2,94.626163,True,True,True
S2A_36SYB_20211216_1_L2A,2021-12-16 08:30:59.571000+00:00,2021-12-16,2021,12,16,2,89.041674,True,True,True
S2A_36SYB_20211216_0_L2A,2021-12-16 08:30:59.572000+00:00,2021-12-16,2021,12,16,2,88.969143,True,True,True
S2A_36SYA_20211216_0_L2A,2021-12-16 08:31:14.190000+00:00,2021-12-16,2021,12,16,2,98.321632,True,True,True
S2A_36SYA_20211216_1_L2A,2021-12-16 08:31:14.190000+00:00,2021-12-16,2021,12,16,2,98.609167,True,True,True
S2B_37SBS_20211221_0_L2A,2021-12-21 08:30:51.614000+00:00,2021-12-21,2021,12,21,3,74.822409,True,True,True
S2B_37SBS_20211221_1_L2A,2021-12-21 08:30:51.614000+00:00,2021-12-21,2021,12,21,3,80.966628,True,True,True
S2B_36SYB_20211221_1_L2A,2021-12-21 08:30:54.128000+00:00,2021-12-21,2021,12,21,3,88.472402,True,True,True
S2B_36SYB_20211221_0_L2A,2021-12-21 08:30:54.129000+00:00,2021-12-21,2021,12,21,3,73.052627,True,True,True
S2B_36SYA_20211221_0_L2A,2021-12-21 08:31:08.745000+00:00,2021-12-21,2021,12,21,3,78.489993,True,True,True
S2B_36SYA_20211221_1_L2A,2021-12-21 08:31:08.745000+00:00,2021-12-21,2021,12,21,3,82.195812,True,True,True
S2A_37SBS_20211226_0_L2A,2021-12-26 08:30:58.436000+00:00,2021-12-26,2021,12,26,3,0.42593,True,True,True
S2A_37SBS_20211226_1_L2A,2021-12-26 08:30:58.436000+00:00,2021-12-26,2021,12,26,3,0.022164,True,True,True
S2A_36SYB_20211226_1_L2A,2021-12-26 08:31:00.959000+00:00,2021-12-26,2021,12,26,3,0.001858,True,True,True
S2A_36SYB_20211226_0_L2A,2021-12-26 08:31:00.960000+00:00,2021-12-26,2021,12,26,3,0.614694,True,True,True
S2A_36SYA_20211226_0_L2A,2021-12-26 08:31:15.585000+00:00,2021-12-26,2021,12,26,3,0.412637,True,True,True
S2A_36SYA_20211226_1_L2A,2021-12-26 08:31:15.585000+00:00,2021-12-26,2021,12,26,3,0.007565,True,True,True
S2B_37SBS_20211231_1_L2A,2021-12-31 08:30:52.816000+00:00,2021-12-31,2021,12,31,3,82.021105,True,True,True
S2B_37SBS_20211231_0_L2A,2021-12-31 08:30:52.817000+00:00,2021-12-31,2021,12,31,3,77.191113,True,True,True
S2B_36SYB_20211231_1_L2A,2021-12-31 08:30:55.332000+00:00,2021-12-31,2021,12,31,3,76.709485,True,True,True
S2B_36SYB_20211231_0_L2A,2021-12-31 08:30:55.333000+00:00,2021-12-31,2021,12,31,3,69.006106,True,True,True
S2B_36SYA_20211231_0_L2A,2021-12-31 08:31:09.947000+00:00,2021-12-31,2021,12,31,3,78.112625,True,True,True
S2B_36SYA_20211231_1_L2A,2021-12-31 08:31:09.947000+00:00,2021-12-31,2021,12,31,3,79.629797,True,True,True
S2A_37SBS_20220105_0_L2A,2022-01-05 08:30:58.558000+00:00,2022-01-05,2022,1,5,1,69.61385,True,True,True
S2A_36SYB_20220105_0_L2A,2022-01-05 08:31:01.081000+00:00,2022-01-05,2022,1,5,1,90.275189,True,True,True
S2A_36SYA_20220105_0_L2A,2022-01-05 08:31:15.700000+00:00,2022-01-05,2022,1,5,1,94.130213,True,True,True
S2B_37SBS_20220110_0_L2A,2022-01-10 08:30:52.933000+00:00,2022-01-10,2022,1,10,1,0.721752,True,True,True
S2B_36SYB_20220110_0_L2A,2022-01-10 08:30:55.449000+00:00,2022-01-10,2022,1,10,1,5.030856,True,True,True
S2B_36SYA_20220110_0_L2A,2022-01-10 08:31:10.068000+00:00,2022-01-10,2022,1,10,1,0.966749,True,True,True
S2A_37SBS_20220115_0_L2A,2022-01-15 08:30:57.721000+00:00,2022-01-15,2022,1,15,2,84.278733,True,True,True
S2A_36SYB_20220115_0_L2A,2022-01-15 08:31:00.236000+00:00,2022-01-15,2022,1,15,2,71.019539,True,True,True
S2A_36SYA_20220115_0_L2A,2022-01-15 08:31:14.853000+00:00,2022-01-15,2022,1,15,2,82.564614,True,True,True
S2B_37SBS_20220120_0_L2A,2022-01-20 08:30:52.113000+00:00,2022-01-20,2022,1,20,2,22.386795,True,True,True
S2B_36SYB_20220120_0_L2A,2022-01-20 08:30:54.623000+00:00,2022-01-20,2022,1,20,2,21.373501,True,True,True
S2B_36SYA_20220120_0_L2A,2022-01-20 08:31:09.235000+00:00,2022-01-20,2022,1,20,2,41.054739,True,True,True
S2A_37SBS_20220125_0_L2A,2022-01-25 08:30:57.052000+00:00,2022-01-25,2022,1,25,3,40.690371,True,True,True
S2A_36SYB_20220125_0_L2A,2022-01-25 08:30:59.568000+00:00,2022-01-25,2022,1,25,3,34.913179,True,True,True
S2A_36SYA_20220125_0_L2A,2022-01-25 08:31:14.177000+00:00,2022-01-25,2022,1,25,3,5.980531,True,True,True
S2B_37SBS_20220130_0_L2A,2022-01-30 08:30:51.008000+00:00,2022-01-30,2022,1,30,3,1.728335,True,True,True
S2B_36SYB_20220130_0_L2A,2022-01-30 08:30:53.512000+00:00,2022-01-30,2022,1,30,3,1.378974,True,True,True
S2B_36SYA_20220130_0_L2A,2022-01-30 08:31:08.138000+00:00,2022-01-30,2022,1,30,3,0.003752,True,True,True
S2A_37SBS_20220204_0_L2A,2022-02-04 08:30:56.752000+00:00,2022-02-04,2022,2,4,1,78.99437,True,True,True
S2A_36SYB_20220204_0_L2A,2022-02-04 08:30:59.271000+00:00,2022-02-04,2022,2,4,1,88.557315,True,True,True
S2A_36SYA_20220204_0_L2A,2022-02-04 08:31:13.889000+00:00,2022-02-04,2022,2,4,1,68.923581,True,True,True
S2B_37SBS_20220209_0_L2A,2022-02-09 08:30:51.267000+00:00,2022-02-09,2022,2,9,1,0.014791,True,True,True
S2B_36SYB_20220209_0_L2A,2022-02-09 08:30:53.779000+00:00,2022-02-09,2022,2,9,1,0.001241,True,True,True
S2B_36SYA_20220209_0_L2A,2022-02-09 08:31:08.394000+00:00,2022-02-09,2022,2,9,1,2.93158,True,True,True
S2A_37SBS_20220214_0_L2A,2022-02-14 08:30:57.086000+00:00,2022-02-14,2022,2,14,2,44.152296,True,True,True
S2A_36SYB_20220214_0_L2A,2022-02-14 08:30:59.599000+00:00,2022-02-14,2022,2,14,2,53.225112,True,True,True
S2A_36SYA_20220214_0_L2A,2022-02-14 08:31:14.215000+00:00,2022-02-14,2022,2,14,2,75.485009,True,True,True
S2B_37SBS_20220219_0_L2A,2022-02-19 08:30:50.979000+00:00,2022-02-19,2022,2,19,2,99.965316,True,True,True
S2B_36SYB_20220219_0_L2A,2022-02-19 08:30:53.486000+00:00,2022-02-19,2022,2,19,2,98.801583,True,True,True
S2B_36SYA_20220219_0_L2A,2022-02-19 08:31:08.103000+00:00,2022-02-19,2022,2,19,2,100.0,True,True,True
S2A_37SBS_20220224_0_L2A,2022-02-24 08:30:59.498000+00:00,2022-02-24,2022,2,24,3,1.583724,True,True,True
S2A_36SYB_20220224_0_L2A,2022-02-24 08:31:02.023000+00:00,2022-02-24,2022,2,24,3,26.853389,True,True,True
S2A_36SYA_20220224_0_L2A,2022-02-24 08:31:16.645000+00:00,2022-02-24,2022,2,24,3,23.270713,True,True,True
S2B_37SBS_20220301_0_L2A,2022-03-01 08:30:53.555000+00:00,2022-03-01,2022,3,1,1,6.030219,True,True,True
S2B_36SYB_20220301_0_L2A,2022-03-01 08:30:56.071000+00:00,2022-03-01,2022,3,1,1,17.460081,True,True,True
S2B_36SYA_20220301_0_L2A,2022-03-01 08:31:10.694000+00:00,2022-03-01,2022,3,1,1,11.074237,True,True,True
S2A_37SBS_20220306_0_L2A,2022-03-06 08:31:00.855000+00:00,2022-03-06,2022,3,6,1,90.201241,True,True,True
S2A_36SYB_20220306_0_L2A,2022-03-06 08:31:03.387000+00:00,2022-03-06,2022,3,6,1,90.504575,True,True,True
S2A_36SYA_20220306_0_L2A,2022-03-06 08:31:18.002000+00:00,2022-03-06,2022,3,6,1,80.07068,True,True,True
S2B_37SBS_20220311_0_L2A,2022-03-11 08:30:50.600000+00:00,2022-03-11,2022,3,11,2,77.582443,True,True,True
S2B_36SYB_20220311_0_L2A,2022-03-11 08:30:51.846000+00:00,2022-03-11,2022,3,11,2,66.798472,True,True,True
S2B_37SBS_20220311_1_L2A,2022-03-11 08:30:57.234000+00:00,2022-03-11,2022,3,11,2,89.961791,True,True,True
S2B_36SYB_20220311_1_L2A,2022-03-11 08:30:58.471000+00:00,2022-03-11,2022,3,11,2,75.248992,True,True,True
S2B_36SYA_20220311_0_L2A,2022-03-11 08:31:12.088000+00:00,2022-03-11,2022,3,11,2,93.081737,True,True,True
S2A_37SBS_20220316_0_L2A,2022-03-16 08:31:00.819000+00:00,2022-03-16,2022,3,16,2,2.011925,True,True,True
S2A_36SYB_20220316_0_L2A,2022-03-16 08:31:03.349000+00:00,2022-03-16,2022,3,16,2,5.779712,True,True,True
S2A_36SYA_20220316_0_L2A,2022-03-16 08:31:17.973000+00:00,2022-03-16,2022,3,16,2,30.229014,True,True,True
S2B_37SBS_20220321_0_L2A,2022-03-21 08:30:54.859000+00:00,2022-03-21,2022,3,21,3,99.92975,True,True,True
S2B_37SBS_20220321_1_L2A,2022-03-21 08:30:54.859000+00:00,2022-03-21,2022,3,21,3,99.929678,True,True,True
S2B_36SYB_20220321_0_L2A,2022-03-21 08:30:57.381000+00:00,2022-03-21,2022,3,21,3,82.178694,True,True,True
S2B_36SYB_20220321_1_L2A,2022-03-21 08:30:57.381000+00:00,2022-03-21,2022,3,21,3,82.163632,True,True,True
S2B_36SYA_20220321_0_L2A,2022-03-21 08:31:11.996000+00:00,2022-03-21,2022,3,21,3,73.157066,True,True,True
S2B_36SYA_20220321_1_L2A,2022-03-21 08:31:11.996000+00:00,2022-03-21,2022,3,21,3,73.0398,True,True,True
S2A_37SBS_20220326_0_L2A,2022-03-26 08:30:59.646000+00:00,2022-03-26,2022,3,26,3,0.829464,True,True,True
S2A_36SYB_20220326_0_L2A,2022-03-26 08:31:02.171000+00:00,2022-03-26,2022,3,26,3,1.955385,True,True,True
S2A_36SYA_20220326_0_L2A,2022-03-26 08:31:16.782000+00:00,2022-03-26,2022,3,26,3,2.524968,True,True,True
S2B_37SBS_20220331_0_L2A,2022-03-31 08:30:53.455000+00:00,2022-03-31,2022,3,31,3,4.486754,True,True,True
S2B_36SYB_20220331_0_L2A,2022-03-31 08:30:55.967000+00:00,2022-03-31,2022,3,31,3,19.631225,True,True,True
S2B_36SYA_20220331_0_L2A,2022-03-31 08:31:10.578000+00:00,2022-03-31,2022,3,31,3,58.476502,True,True,True
S2A_37SBS_20220405_0_L2A,2022-04-05 08:30:58.210000+00:00,2022-04-05,2022,4,5,1,62.612844,True,True,True
S2A_36SYB_20220405_0_L2A,2022-04-05 08:31:00.732000+00:00,2022-04-05,2022,4,5,1,94.457644,True,True,True
S2A_36SYA_20220405_0_L2A,2022-04-05 08:31:15.344000+00:00,2022-04-05,2022,4,5,1,63.966835,True,True,True
S2B_37SBS_20220410_0_L2A,2022-04-10 08:30:53.700000+00:00,2022-04-10,2022,4,10,1,0.078772,True,True,True
S2B_36SYB_20220410_0_L2A,2022-04-10 08:30:56.219000+00:00,2022-04-10,2022,4,10,1,0.047233,True,True,True
S2B_36SYA_20220410_0_L2A,2022-04-10 08:31:10.842000+00:00,2022-04-10,2022,4,10,1,0.711152,True,True,True
S2A_37SBS_20220415_0_L2A,2022-04-15 08:31:00.169000+00:00,2022-04-15,2022,4,15,2,8.827107,True,True,True
S2A_36SYB_20220415_0_L2A,2022-04-15 08:31:02.688000+00:00,2022-04-15,2022,4,15,2,0.211525,True,True,True
S2A_36SYA_20220415_0_L2A,2022-04-15 08:31:17.298000+00:00,2022-04-15,2022,4,15,2,0.05784,True,True,True
S2B_37SBS_20220420_0_L2A,2022-04-20 08:30:52.202000+00:00,2022-04-20,2022,4,20,2,14.42696,True,True,True
S2B_36SYB_20220420_0_L2A,2022-04-20 08:30:54.716000+00:00,2022-04-20,2022,4,20,2,27.61454,True,True,True
S2B_36SYA_20220420_0_L2A,2022-04-20 08:31:09.336000+00:00,2022-04-20,2022,4,20,2,30.438465,True,True,True
S2A_37SBS_20220425_0_L2A,2022-04-25 08:31:01.951000+00:00,2022-04-25,2022,4,25,3,0.60713,True,True,True
S2A_36SYB_20220425_0_L2A,2022-04-25 08:31:04.479000+00:00,2022-04-25,2022,4,25,3,0.125657,True,True,True
S2A_36SYA_20220425_0_L2A,2022-04-25 08:31:19.106000+00:00,2022-04-25,2022,4,25,3,0.437341,True,True,True
S2B_37SBS_20220430_0_L2A,2022-04-30 08:30:50.400000+00:00,2022-04-30,2022,4,30,3,0.029615,True,True,True
S2B_36SYB_20220430_0_L2A,2022-04-30 08:30:52.896000+00:00,2022-04-30,2022,4,30,3,1.661597,True,True,True
S2B_36SYA_20220430_0_L2A,2022-04-30 08:31:07.505000+00:00,2022-04-30,2022,4,30,3,2.29841,True,True,True
S2A_37SBS_20220505_0_L2A,2022-05-05 08:31:01.668000+00:00,2022-05-05,2022,5,5,1,56.463623,True,True,True
S2A_36SYB_20220505_0_L2A,2022-05-05 08:31:04.184000+00:00,2022-05-05,2022,5,5,1,57.327521,True,True,True
S2A_36SYA_20220505_0_L2A,2022-05-05 08:31:18.804000+00:00,2022-05-05,2022,5,5,1,64.560664,True,True,True
S2B_37SBS_20220510_0_L2A,2022-05-10 08:30:54.312000+00:00,2022-05-10,2022,5,10,1,0.10499,True,True,True
S2B_36SYB_20220510_0_L2A,2022-05-10 08:30:56.831000+00:00,2022-05-10,2022,5,10,1,0.141376,True,True,True
S2B_36SYA_20220510_0_L2A,2022-05-10 08:31:11.450000+00:00,2022-05-10,2022,5,10,1,0.108278,True,True,True
S2A_37SBS_20220515_0_L2A,2022-05-15 08:31:01.444000+00:00,2022-05-15,2022,5,15,2,60.744244,True,True,True
S2A_36SYB_20220515_0_L2A,2022-05-15 08:31:03.952000+00:00,2022-05-15,2022,5,15,2,20.606218,True,True,True
S2A_36SYA_20220515_0_L2A,2022-05-15 08:31:18.562000+00:00,2022-05-15,2022,5,15,2,34.588072,True,True,True
S2B_37SBS_20220520_0_L2A,2022-05-20 08:30:56.828000+00:00,2022-05-20,2022,5,20,2,10.797895,True,True,True
S2B_36SYB_20220520_0_L2A,2022-05-20 08:30:59.357000+00:00,2022-05-20,2022,5,20,2,4.863229,True,True,True
S2B_36SYA_20220520_0_L2A,2022-05-20 08:31:13.976000+00:00,2022-05-20,2022,5,20,2,17.252906,True,True,True
S2A_37SBS_20220525_0_L2A,2022-05-25 08:31:04.183000+00:00,2022-05-25,2022,5,25,3,0.004441,True,True,True
S2A_36SYB_20220525_0_L2A,2022-05-25 08:31:06.704000+00:00,2022-05-25,2022,5,25,3,0.017256,True,True,True
S2A_36SYA_20220525_0_L2A,2022-05-25 08:31:21.317000+00:00,2022-05-25,2022,5,25,3,0.428542,True,True,True
S2B_37SBS_20220530_0_L2A,2022-05-30 08:30:56.908000+00:00,2022-05-30,2022,5,30,3,0.006872,True,True,True
S2B_36SYB_20220530_0_L2A,2022-05-30 08:30:59.430000+00:00,2022-05-30,2022,5,30,3,0.043902,True,True,True
S2B_36SYA_20220530_0_L2A,2022-05-30 08:31:14.045000+00:00,2022-05-30,2022,5,30,3,3.200786,True,True,True
S2A_37SBS_20220604_0_L2A,2022-06-04 08:31:04.845000+00:00,2022-06-04,2022,6,4,1,0.319616,True,True,True
S2A_36SYB_20220604_0_L2A,2022-06-04 08:31:07.366000+00:00,2022-06-04,2022,6,4,1,0.312819,True,True,True
S2A_36SYA_20220604_0_L2A,2022-06-04 08:31:21.978000+00:00,2022-06-04,2022,6,4,1,0.002721,True,True,True
S2B_37SBS_20220609_0_L2A,2022-06-09 08:30:58.914000+00:00,2022-06-09,2022,6,9,1,0.321427,True,True,True
S2B_36SYB_20220609_0_L2A,2022-06-09 08:31:01.445000+00:00,2022-06-09,2022,6,9,1,0.235941,True,True,True
S2B_36SYA_20220609_0_L2A,2022-06-09 08:31:16.063000+00:00,2022-06-09,2022,6,9,1,0.013198,True,True,True
S2A_37SBS_20220614_0_L2A,2022-06-14 08:31:07.419000+00:00,2022-06-14,2022,6,14,2,10.824718,True,True,True
S2A_36SYB_20220614_0_L2A,2022-06-14 08:31:09.954000+00:00,2022-06-14,2022,6,14,2,30.940968,True,True,True
S2A_36SYA_20220614_0_L2A,2022-06-14 08:31:24.579000+00:00,2022-06-14,2022,6,14,2,11.581418,True,True,True
S2B_37SBS_20220619_0_L2A,2022-06-19 08:31:01.265000+00:00,2022-06-19,2022,6,19,2,0.028631,True,True,True
S2B_36SYB_20220619_0_L2A,2022-06-19 08:31:03.806000+00:00,2022-06-19,2022,6,19,2,0.269326,True,True,True
S2B_36SYA_20220619_0_L2A,2022-06-19 08:31:18.422000+00:00,2022-06-19,2022,6,19,2,0.011894,True,True,True
S2A_37SBS_20220624_0_L2A,2022-06-24 08:31:09.350000+00:00,2022-06-24,2022,6,24,3,2.155234,True,True,True
S2A_36SYB_20220624_0_L2A,2022-06-24 08:31:11.897000+00:00,2022-06-24,2022,6,24,3,1.305344,True,True,True
S2A_36SYA_20220624_0_L2A,2022-06-24 08:31:26.518000+00:00,2022-06-24,2022,6,24,3,0.004874,True,True,True
S2B_37SBS_20220629_0_L2A,2022-06-29 08:31:02.069000+00:00,2022-06-29,2022,6,29,3,0.017881,True,True,True
S2B_36SYB_20220629_0_L2A,2022-06-29 08:31:04.611000+00:00,2022-06-29,2022,6,29,3,0.300112,True,True,True
S2B_36SYA_20220629_0_L2A,2022-06-29 08:31:19.230000+00:00,2022-06-29,2022,6,29,3,0.508446,True,True,True
S2A_37SBS_20220704_0_L2A,2022-07-04 08:31:10.007000+00:00,2022-07-04,2022,7,4,1,0.639482,True,True,True
S2A_36SYB_20220704_0_L2A,2022-07-04 08:31:12.553000+00:00,2022-07-04,2022,7,4,1,0.872957,True,True,True
S2A_36SYA_20220704_0_L2A,2022-07-04 08:31:27.178000+00:00,2022-07-04,2022,7,4,1,0.009632,True,True,True
S2B_37SBS_20220709_0_L2A,2022-07-09 08:31:01.732000+00:00,2022-07-09,2022,7,9,1,1.311534,True,True,True
S2B_36SYB_20220709_0_L2A,2022-07-09 08:31:04.267000+00:00,2022-07-09,2022,7,9,1,0.799533,True,True,True
S2B_36SYA_20220709_0_L2A,2022-07-09 08:31:18.891000+00:00,2022-07-09,2022,7,9,1,2.728747,True,True,True
S2A_37SBS_20220714_0_L2A,2022-07-14 08:31:09.527000+00:00,2022-07-14,2022,7,14,2,0.005312,True,True,True
S2A_36SYB_20220714_0_L2A,2022-07-14 08:31:12.068000+00:00,2022-07-14,2022,7,14,2,0.047913,True,True,True
S2A_36SYA_20220714_0_L2A,2022-07-14 08:31:26.683000+00:00,2022-07-14,2022,7,14,2,0.007352,True,True,True
S2B_37SBS_20220719_0_L2A,2022-07-19 08:31:01.820000+00:00,2022-07-19,2022,7,19,2,0.001758,True,True,True
S2B_36SYB_20220719_0_L2A,2022-07-19 08:31:04.351000+00:00,2022-07-19,2022,7,19,2,0.00499,True,True,True
S2B_36SYA_20220719_0_L2A,2022-07-19 08:31:18.966000+00:00,2022-07-19,2022,7,19,2,0.03645,True,True,True
S2A_37SBS_20220724_0_L2A,2022-07-24 08:31:07.522000+00:00,2022-07-24,2022,7,24,3,0.003157,True,True,True
S2A_36SYB_20220724_0_L2A,2022-07-24 08:31:10.046000+00:00,2022-07-24,2022,7,24,3,0.162906,True,True,True
S2A_36SYA_20220724_0_L2A,2022-07-24 08:31:24.658000+00:00,2022-07-24,2022,7,24,3,0.000677,True,True,True
S2B_37SBS_20220729_0_L2A,2022-07-29 08:31:01.896000+00:00,2022-07-29,2022,7,29,3,2.4e-05,True,True,True
S2B_36SYB_20220729_0_L2A,2022-07-29 08:31:04.425000+00:00,2022-07-29,2022,7,29,3,0.001566,True,True,True
S2B_36SYA_20220729_0_L2A,2022-07-29 08:31:19.047000+00:00,2022-07-29,2022,7,29,3,0.004625,True,True,True
S2A_37SBS_20220803_0_L2A,2022-08-03 08:31:07.607000+00:00,2022-08-03,2022,8,3,1,0.00056,True,True,True
S2A_36SYB_20220803_0_L2A,2022-08-03 08:31:10.130000+00:00,2022-08-03,2022,8,3,1,0.08418,True,True,True
S2A_36SYA_20220803_0_L2A,2022-08-03 08:31:24.754000+00:00,2022-08-03,2022,8,3,1,0.00071,True,True,True
S2B_37SBS_20220808_0_L2A,2022-08-08 08:31:01.014000+00:00,2022-08-08,2022,8,8,1,0.003648,True,True,True
S2B_36SYB_20220808_0_L2A,2022-08-08 08:31:03.535000+00:00,2022-08-08,2022,8,8,1,4.625794,True,True,True
S2B_36SYA_20220808_0_L2A,2022-08-08 08:31:18.155000+00:00,2022-08-08,2022,8,8,1,0.244986,True,True,True
S2A_37SBS_20220813_0_L2A,2022-08-13 08:31:09.218000+00:00,2022-08-13,2022,8,13,2,0.366033,True,True,True
S2A_36SYB_20220813_0_L2A,2022-08-13 08:31:11.755000+00:00,2022-08-13,2022,8,13,2,4.924897,True,True,True
S2A_36SYA_20220813_0_L2A,2022-08-13 08:31:26.370000+00:00,2022-08-13,2022,8,13,2,4.260065,True,True,True
S2B_37SBS_20220818_0_L2A,2022-08-18 08:30:59.049000+00:00,2022-08-18,2022,8,18,2,0.006948,True,True,True
S2B_36SYB_20220818_0_L2A,2022-08-18 08:31:01.558000+00:00,2022-08-18,2022,8,18,2,0.047389,True,True,True
S2B_36SYA_20220818_0_L2A,2022-08-18 08:31:16.178000+00:00,2022-08-18,2022,8,18,2,0.000328,True,True,True
S2A_37SBS_20220823_0_L2A,2022-08-23 08:31:09.596000+00:00,2022-08-23,2022,8,23,3,4.325194,True,True,True
S2A_36SYB_20220823_0_L2A,2022-08-23 08:31:12.141000+00:00,2022-08-23,2022,8,23,3,27.737731,True,True,True
S2A_36SYA_20220823_0_L2A,2022-08-23 08:31:26.755000+00:00,2022-08-23,2022,8,23,3,2.880372,True,True,True
S2B_37SBS_20220828_0_L2A,2022-08-28 08:30:57.378000+00:00,2022-08-28,2022,8,28,3,6.5e-05,True,True,True
S2B_36SYB_20220828_0_L2A,2022-08-28 08:30:59.877000+00:00,2022-08-28,2022,8,28,3,0.0121,True,True,True
S2B_36SYA_20220828_0_L2A,2022-08-28 08:31:14.494000+00:00,2022-08-28,2022,8,28,3,0.002804,True,True,True
S2A_37SBS_20220902_0_L2A,2022-09-02 08:31:09.038000+00:00,2022-09-02,2022,9,2,1,4.167843,True,True,True
S2A_36SYB_20220902_0_L2A,2022-09-02 08:31:11.585000+00:00,2022-09-02,2022,9,2,1,8.131997,True,True,True
S2A_36SYA_20220902_0_L2A,2022-09-02 08:31:26.202000+00:00,2022-09-02,2022,9,2,1,0.036951,True,True,True
S2B_37SBS_20220907_0_L2A,2022-09-07 08:30:58.763000+00:00,2022-09-07,2022,9,7,1,11.938046,True,True,True
S2B_36SYB_20220907_0_L2A,2022-09-07 08:31:01.278000+00:00,2022-09-07,2022,9,7,1,26.985624,True,True,True
S2B_36SYA_20220907_0_L2A,2022-09-07 08:31:15.897000+00:00,2022-09-07,2022,9,7,1,10.439239,True,True,True
S2A_37SBS_20220912_0_L2A,2022-09-12 08:31:07.289000+00:00,2022-09-12,2022,9,12,2,0.001656,True,True,True
S2A_36SYB_20220912_0_L2A,2022-09-12 08:31:09.832000+00:00,2022-09-12,2022,9,12,2,0.80016,True,True,True
S2A_36SYA_20220912_0_L2A,2022-09-12 08:31:24.458000+00:00,2022-09-12,2022,9,12,2,1.604321,True,True,True
S2B_37SBS_20220917_0_L2A,2022-09-17 08:30:58.727000+00:00,2022-09-17,2022,9,17,2,0.000111,True,True,True
S2B_36SYB_20220917_0_L2A,2022-09-17 08:31:01.252000+00:00,2022-09-17,2022,9,17,2,0.000322,True,True,True
S2B_36SYA_20220917_0_L2A,2022-09-17 08:31:15.870000+00:00,2022-09-17,2022,9,17,2,0.004695,True,True,True
S2A_37SBS_20220922_0_L2A,2022-09-22 08:31:03.960000+00:00,2022-09-22,2022,9,22,3,11.394503,True,True,True
S2A_36SYB_20220922_0_L2A,2022-09-22 08:31:06.489000+00:00,2022-09-22,2022,9,22,3,25.661546,True,True,True
S2A_36SYA_20220922_0_L2A,2022-09-22 08:31:21.110000+00:00,2022-09-22,2022,9,22,3,10.722187,True,True,True
S2B_37SBS_20220927_0_L2A,2022-09-27 08:30:57.193000+00:00,2022-09-27,2022,9,27,3,2.227999,True,True,True
S2B_36SYB_20220927_0_L2A,2022-09-27 08:30:59.716000+00:00,2022-09-27,2022,9,27,3,0.928079,True,True,True
S2B_36SYA_20220927_0_L2A,2022-09-27 08:31:14.338000+00:00,2022-09-27,2022,9,27,3,0.014131,True,True,True
S2A_37SBS_20221002_0_L2A,2022-10-02 08:31:04.151000+00:00,2022-10-02,2022,10,2,1,0.000907,True,True,True
S2A_36SYB_20221002_0_L2A,2022-10-02 08:31:06.680000+00:00,2022-10-02,2022,10,2,1,0.42175,True,True,True
S2A_36SYA_20221002_0_L2A,2022-10-02 08:31:21.293000+00:00,2022-10-02,2022,10,2,1,0.006961,True,True,True
S2A_37SBS_20221012_0_L2A,2022-10-12 08:31:02.196000+00:00,2022-10-12,2022,10,12,2,21.734503,True,True,True
S2A_36SYB_20221012_0_L2A,2022-10-12 08:31:04.714000+00:00,2022-10-12,2022,10,12,2,26.026937,True,True,True
S2A_36SYA_20221012_0_L2A,2022-10-12 08:31:19.332000+00:00,2022-10-12,2022,10,12,2,2.536402,True,True,True
S2B_37SBS_20221017_0_L2A,2022-10-17 08:30:56.288000+00:00,2022-10-17,2022,10,17,2,0.448669,True,True,True
S2B_36SYB_20221017_0_L2A,2022-10-17 08:30:58.808000+00:00,2022-10-17,2022,10,17,2,0.592407,True,True,True
S2B_36SYA_20221017_0_L2A,2022-10-17 08:31:13.421000+00:00,2022-10-17,2022,10,17,2,0.059011,True,True,True
S2A_37SBS_20221022_0_L2A,2022-10-22 08:30:58.933000+00:00,2022-10-22,2022,10,22,3,28.929287,True,True,True
S2A_36SYB_20221022_0_L2A,2022-10-22 08:31:01.435000+00:00,2022-10-22,2022,10,22,3,41.573516,True,True,True
S2A_36SYA_20221022_0_L2A,2022-10-22 08:31:16.052000+00:00,2022-10-22,2022,10,22,3,24.670506,True,True,True
S2B_37SBS_20221027_0_L2A,2022-10-27 08:30:56.044000+00:00,2022-10-27,2022,10,27,3,1.192496,True,True,True
S2B_36SYB_20221027_0_L2A,2022-10-27 08:30:58.561000+00:00,2022-10-27,2022,10,27,3,0.158832,True,True,True
S2B_36SYA_20221027_0_L2A,2022-10-27 08:31:13.174000+00:00,2022-10-27,2022,10,27,3,0.324,True,True,True
S2A_37SBS_20221101_0_L2A,2022-11-01 08:31:00.939000+00:00,2022-11-01,2022,11,1,1,3.110703,True,True,True
S2A_36SYB_20221101_0_L2A,2022-11-01 08:31:03.466000+00:00,2022-11-01,2022,11,1,1,12.763727,True,True,True
S2A_36SYA_20221101_0_L2A,2022-11-01 08:31:18.090000+00:00,2022-11-01,2022,11,1,1,14.978415,True,True,True
S2B_37SBS_20221106_0_L2A,2022-11-06 08:30:55.298000+00:00,2022-11-06,2022,11,6,1,6.054835,True,True,True
S2B_36SYB_20221106_0_L2A,2022-11-06 08:30:57.812000+00:00,2022-11-06,2022,11,6,1,0.938043,True,True,True
S2B_36SYA_20221106_0_L2A,2022-11-06 08:31:12.425000+00:00,2022-11-06,2022,11,6,1,0.008351,True,True,True
S2A_37SBS_20221111_0_L2A,2022-11-11 08:31:00.401000+00:00,2022-11-11,2022,11,11,2,3.287723,True,True,True
S2A_36SYB_20221111_0_L2A,2022-11-11 08:31:02.935000+00:00,2022-11-11,2022,11,11,2,0.606803,True,True,True
S2A_36SYA_20221111_0_L2A,2022-11-11 08:31:17.555000+00:00,2022-11-11,2022,11,11,2,5.272358,True,True,True
S2B_37SBS_20221116_0_L2A,2022-11-16 08:30:56.673000+00:00,2022-11-16,2022,11,16,2,37.786022,True,True,True
S2B_36SYB_20221116_0_L2A,2022-11-16 08:30:59.202000+00:00,2022-11-16,2022,11,16,2,65.671915,True,True,True
S2B_36SYA_20221116_0_L2A,2022-11-16 08:31:13.825000+00:00,2022-11-16,2022,11,16,2,42.959285,True,True,True
S2A_37SBS_20221121_0_L2A,2022-11-21 08:30:57.427000+00:00,2022-11-21,2022,11,21,3,94.606698,True,True,True
S2A_36SYB_20221121_0_L2A,2022-11-21 08:30:59.951000+00:00,2022-11-21,2022,11,21,3,99.319595,True,True,True
S2A_36SYA_20221121_0_L2A,2022-11-21 08:31:14.572000+00:00,2022-11-21,2022,11,21,3,84.830076,True,True,True
S2B_37SBS_20221126_0_L2A,2022-11-26 08:30:56.158000+00:00,2022-11-26,2022,11,26,3,57.434696,True,True,True
S2B_36SYB_20221126_0_L2A,2022-11-26 08:30:58.688000+00:00,2022-11-26,2022,11,26,3,62.53224,True,True,True
S2B_36SYA_20221126_0_L2A,2022-11-26 08:31:13.310000+00:00,2022-11-26,2022,11,26,3,63.896471,True,True,True
S2B_37SBS_20221206_0_L2A,2022-12-06 08:30:53.887000+00:00,2022-12-06,2022,12,6,1,24.767157,True,True,True
S2B_36SYB_20221206_0_L2A,2022-12-06 08:30:56.407000+00:00,2022-12-06,2022,12,6,1,31.750247,True,True,True
S2B_36SYA_20221206_0_L2A,2022-12-06 08:31:11.026000+00:00,2022-12-06,2022,12,6,1,47.326514,True,True,True
S2A_37SBS_20221211_0_L2A,2022-12-11 08:30:57.274000+00:00,2022-12-11,2022,12,11,2,28.69572,True,True,True
S2A_36SYB_20221211_0_L2A,2022-12-11 08:30:59.797000+00:00,2022-12-11,2022,12,11,2,7.744613,True,True,True
S2A_36SYA_20221211_0_L2A,2022-12-11 08:31:14.419000+00:00,2022-12-11,2022,12,11,2,9.98235,True,True,True
S2B_37SBS_20221216_0_L2A,2022-12-16 08:30:55.289000+00:00,2022-12-16,2022,12,16,2,3.307688,True,True,True
S2B_36SYB_20221216_0_L2A,2022-12-16 08:30:57.809000+00:00,2022-12-16,2022,12,16,2,0.453957,True,True,True
S2B_36SYA_20221216_0_L2A,2022-12-16 08:31:12.425000+00:00,2022-12-16,2022,12,16,2,0.215789,True,True,True
S2A_37SBS_20221221_0_L2A,2022-12-21 08:30:55.048000+00:00,2022-12-21,2022,12,21,3,12.855533,True,True,True
S2A_36SYB_20221221_0_L2A,2022-12-21 08:30:57.558000+00:00,2022-12-21,2022,12,21,3,38.903338,True,True,True
S2A_36SYA_20221221_0_L2A,2022-12-21 08:31:12.171000+00:00,2022-12-21,2022,12,21,3,11.23131,True,True,True
S2B_37SBS_20221226_0_L2A,2022-12-26 08:30:56.233000+00:00,2022-12-26,2022,12,26,3,99.995148,True,True,True
S2B_36SYB_20221226_0_L2A,2022-12-26 08:30:58.752000+00:00,2022-12-26,2022,12,26,3,99.999654,True,True,True
S2B_36SYA_20221226_0_L2A,2022-12-26 08:31:13.367000+00:00,2022-12-26,2022,12,26,3,99.447912,True,True,True
S2A_37SBS_20221231_0_L2A,2022-12-31 08:30:55.877000+00:00,2022-12-31,2022,12,31,3,61.75732,True,True,True
S2A_36SYB_20221231_0_L2A,2022-12-31 08:30:58.399000+00:00,2022-12-31,2022,12,31,3,29.649478,True,True,True
S2A_36SYA_20221231_0_L2A,2022-12-31 08:31:13.019000+00:00,2022-12-31,2022,12,31,3,16.271336,True,True,True
S2B_37SBS_20230105_0_L2A,2023-01-05 08:30:54.904000+00:00,2023-01-05,2023,1,5,1,27.579761,True,True,True
S2B_36SYB_20230105_0_L2A,2023-01-05 08:30:57.406000+00:00,2023-01-05,2023,1,5,1,21.181254,True,True,True
S2B_36SYA_20230105_0_L2A,2023-01-05 08:31:12.021000+00:00,2023-01-05,2023,1,5,1,31.140965,True,True,True
S2A_37SBS_20230110_0_L2A,2023-01-10 08:30:55.231000+00:00,2023-01-10,2023,1,10,1,32.345557,True,True,True
S2A_36SYB_20230110_0_L2A,2023-01-10 08:30:57.759000+00:00,2023-01-10,2023,1,10,1,23.281568,True,True,True
S2A_36SYA_20230110_0_L2A,2023-01-10 08:31:12.375000+00:00,2023-01-10,2023,1,10,1,17.004712,True,True,True
S2B_37SBS_20230115_0_L2A,2023-01-15 08:30:53.337000+00:00,2023-01-15,2023,1,15,2,89.031458,True,True,True
S2B_36SYB_20230115_0_L2A,2023-01-15 08:30:55.829000+00:00,2023-01-15,2023,1,15,2,88.490754,True,True,True
S2B_36SYA_20230115_0_L2A,2023-01-15 08:31:10.437000+00:00,2023-01-15,2023,1,15,2,41.328618,True,True,True
S2A_37SBS_20230120_0_L2A,2023-01-20 08:30:51.841000+00:00,2023-01-20,2023,1,20,2,1.07162,True,True,True
S2A_36SYB_20230120_0_L2A,2023-01-20 08:30:54.343000+00:00,2023-01-20,2023,1,20,2,1.072054,True,True,True
S2A_36SYA_20230120_0_L2A,2023-01-20 08:31:08.953000+00:00,2023-01-20,2023,1,20,2,0.017186,True,True,True
S2B_37SBS_20230125_0_L2A,2023-01-25 08:30:54.923000+00:00,2023-01-25,2023,1,25,3,7.126604,True,True,True
S2B_36SYB_20230125_0_L2A,2023-01-25 08:30:57.427000+00:00,2023-01-25,2023,1,25,3,1.527055,True,True,True
S2B_36SYA_20230125_0_L2A,2023-01-25 08:31:12.043000+00:00,2023-01-25,2023,1,25,3,0.812462,True,True,True
S2A_37SBS_20230130_0_L2A,2023-01-30 08:30:55.120000+00:00,2023-01-30,2023,1,30,3,34.711426,True,True,True
S2A_36SYB_20230130_0_L2A,2023-01-30 08:30:57.642000+00:00,2023-01-30,2023,1,30,3,43.047345,True,True,True
S2A_36SYA_20230130_0_L2A,2023-01-30 08:31:12.261000+00:00,2023-01-30,2023,1,30,3,31.684852,True,True,True
S2B_37SBS_20230204_0_L2A,2023-02-04 08:30:54.196000+00:00,2023-02-04,2023,2,4,1,80.83576,True,True,True
S2B_36SYB_20230204_0_L2A,2023-02-04 08:30:56.696000+00:00,2023-02-04,2023,2,4,1,75.244421,True,True,True
S2B_36SYA_20230204_0_L2A,2023-02-04 08:31:11.310000+00:00,2023-02-04,2023,2,4,1,87.057638,True,True,True
S2A_37SBS_20230209_0_L2A,2023-02-09 08:30:55.730000+00:00,2023-02-09,2023,2,9,1,11.191047,True,True,True
S2A_36SYB_20230209_0_L2A,2023-02-09 08:30:58.257000+00:00,2023-02-09,2023,2,9,1,20.581126,True,True,True
S2A_36SYA_20230209_0_L2A,2023-02-09 08:31:12.879000+00:00,2023-02-09,2023,2,9,1,64.76568,True,True,True
S2B_37SBS_20230214_0_L2A,2023-02-14 08:30:55.334000+00:00,2023-02-14,2023,2,14,2,38.549045,True,True,True
S2B_36SYB_20230214_0_L2A,2023-02-14 08:30:57.850000+00:00,2023-02-14,2023,2,14,2,20.326047,True,True,True
S2B_36SYA_20230214_1_L2A,2023-02-14 08:31:08.977000+00:00,2023-02-14,2023,2,14,2,45.623758,True,True,True
S2B_36SYA_20230214_0_L2A,2023-02-14 08:31:15.681000+00:00,2023-02-14,2023,2,14,2,55.459523,True,True,True
S2A_37SBS_20230219_0_L2A,2023-02-19 08:30:54.006000+00:00,2023-02-19,2023,2,19,2,0.552278,True,True,True
S2A_36SYB_20230219_0_L2A,2023-02-19 08:30:56.521000+00:00,2023-02-19,2023,2,19,2,0.648734,True,True,True
S2A_36SYA_20230219_0_L2A,2023-02-19 08:31:11.139000+00:00,2023-02-19,2023,2,19,2,0.012522,True,True,True
S2B_37SBS_20230224_0_L2A,2023-02-24 08:30:57.289000+00:00,2023-02-24,2023,2,24,3,17.951646,True,True,True
S2B_36SYB_20230224_0_L2A,2023-02-24 08:30:59.805000+00:00,2023-02-24,2023,2,24,3,23.556219,True,True,True
S2B_36SYA_20230224_0_L2A,2023-02-24 08:31:14.425000+00:00,2023-02-24,2023,2,24,3,25.596508,True,True,True
S2A_37SBS_20230301_0_L2A,2023-03-01 08:30:54.266000+00:00,2023-03-01,2023,3,1,1,0.000131,True,True,True
S2A_36SYB_20230301_0_L2A,2023-03-01 08:30:56.789000+00:00,2023-03-01,2023,3,1,1,0.002439,True,True,True
S2A_36SYA_20230301_0_L2A,2023-03-01 08:31:11.400000+00:00,2023-03-01,2023,3,1,1,0.009788,True,True,True
S2B_37SBS_20230306_0_L2A,2023-03-06 08:30:59.931000+00:00,2023-03-06,2023,3,6,1,26.140231,True,True,True
S2B_36SYB_20230306_0_L2A,2023-03-06 08:31:02.460000+00:00,2023-03-06,2023,3,6,1,48.030239,True,True,True
S2B_36SYA_20230306_0_L2A,2023-03-06 08:31:17.082000+00:00,2023-03-06,2023,3,6,1,48.924506,True,True,True
S2A_37SBS_20230311_0_L2A,2023-03-11 08:30:52.471000+00:00,2023-03-11,2023,3,11,2,0.002395,True,True,True
S2A_36SYB_20230311_0_L2A,2023-03-11 08:30:54.981000+00:00,2023-03-11,2023,3,11,2,0.003693,True,True,True
S2A_36SYA_20230311_0_L2A,2023-03-11 08:31:09.598000+00:00,2023-03-11,2023,3,11,2,0.018716,True,True,True
S2B_37SBS_20230316_0_L2A,2023-03-16 08:31:01.040000+00:00,2023-03-16,2023,3,16,2,20.114419,True,True,True
S2B_36SYB_20230316_0_L2A,2023-03-16 08:31:03.576000+00:00,2023-03-16,2023,3,16,2,32.775617,True,True,True
S2B_36SYA_20230316_0_L2A,2023-03-16 08:31:18.196000+00:00,2023-03-16,2023,3,16,2,26.215321,True,True,True
S2A_37SBS_20230321_0_L2A,2023-03-21 08:30:55.410000+00:00,2023-03-21,2023,3,21,3,44.731966,True,True,True
S2A_36SYB_20230321_0_L2A,2023-03-21 08:30:57.938000+00:00,2023-03-21,2023,3,21,3,62.352931,True,True,True
S2A_36SYA_20230321_0_L2A,2023-03-21 08:31:12.562000+00:00,2023-03-21,2023,3,21,3,91.120028,True,True,True
S2B_37SBS_20230326_0_L2A,2023-03-26 08:30:59.756000+00:00,2023-03-26,2023,3,26,3,32.146248,True,True,True
S2B_36SYB_20230326_0_L2A,2023-03-26 08:31:02.282000+00:00,2023-03-26,2023,3,26,3,32.942307,True,True,True
S2B_36SYA_20230326_0_L2A,2023-03-26 08:31:16.899000+00:00,2023-03-26,2023,3,26,3,48.755121,True,True,True
S2A_37SBS_20230331_0_L2A,2023-03-31 08:30:55.328000+00:00,2023-03-31,2023,3,31,3,9.325042,True,True,True
S2A_36SYB_20230331_0_L2A,2023-03-31 08:30:57.857000+00:00,2023-03-31,2023,3,31,3,13.808182,True,True,True
S2A_36SYA_20230331_0_L2A,2023-03-31 08:31:12.473000+00:00,2023-03-31,2023,3,31,3,56.080419,True,True,True
S2B_37SBS_20230405_0_L2A,2023-04-05 08:31:00.017000+00:00,2023-04-05,2023,4,5,1,11.69428,True,True,True
S2B_36SYB_20230405_0_L2A,2023-04-05 08:31:02.546000+00:00,2023-04-05,2023,4,5,1,30.621007,True,True,True
S2B_36SYA_20230405_0_L2A,2023-04-05 08:31:17.169000+00:00,2023-04-05,2023,4,5,1,12.641975,True,True,True
S2A_37SBS_20230410_0_L2A,2023-04-10 08:30:57.100000+00:00,2023-04-10,2023,4,10,1,23.357308,True,True,True
S2A_36SYB_20230410_0_L2A,2023-04-10 08:30:59.646000+00:00,2023-04-10,2023,4,10,1,64.547104,True,True,True
S2A_36SYA_20230410_0_L2A,2023-04-10 08:31:14.260000+00:00,2023-04-10,2023,4,10,1,33.892989,True,True,True
S2B_37SBS_20230415_0_L2A,2023-04-15 08:30:57.924000+00:00,2023-04-15,2023,4,15,2,33.390167,True,True,True
S2B_36SYB_20230415_0_L2A,2023-04-15 08:31:00.445000+00:00,2023-04-15,2023,4,15,2,43.915331,True,True,True
S2B_36SYA_20230415_0_L2A,2023-04-15 08:31:15.067000+00:00,2023-04-15,2023,4,15,2,81.597608,True,True,True
S2A_37SBS_20230420_0_L2A,2023-04-20 08:30:55.348000+00:00,2023-04-20,2023,4,20,2,7.771193,True,True,True
S2A_36SYB_20230420_0_L2A,2023-04-20 08:30:57.889000+00:00,2023-04-20,2023,4,20,2,30.320892,True,True,True
S2A_36SYA_20230420_0_L2A,2023-04-20 08:31:12.520000+00:00,2023-04-20,2023,4,20,2,23.336458,True,True,True
S2B_37SBS_20230425_0_L2A,2023-04-25 08:30:58.828000+00:00,2023-04-25,2023,4,25,3,1.341064,True,True,True
S2B_36SYB_20230425_0_L2A,2023-04-25 08:31:01.362000+00:00,2023-04-25,2023,4,25,3,4.73657,True,True,True
S2B_36SYA_20230425_0_L2A,2023-04-25 08:31:15.983000+00:00,2023-04-25,2023,4,25,3,19.397105,True,True,True
S2A_37SBS_20230430_0_L2A,2023-04-30 08:30:57.267000+00:00,2023-04-30,2023,4,30,3,80.786973,True,True,True
S2A_36SYB_20230430_0_L2A,2023-04-30 08:30:59.803000+00:00,2023-04-30,2023,4,30,3,71.804225,True,True,True
S2A_36SYA_20230430_0_L2A,2023-04-30 08:31:14.426000+00:00,2023-04-30,2023,4,30,3,70.029825,True,True,True
S2B_37SBS_20230505_0_L2A,2023-05-05 08:30:59.555000+00:00,2023-05-05,2023,5,5,1,27.601084,True,True,True
S2B_36SYB_20230505_0_L2A,2023-05-05 08:31:02.084000+00:00,2023-05-05,2023,5,5,1,18.4881,True,True,True
S2B_36SYA_20230505_0_L2A,2023-05-05 08:31:16.699000+00:00,2023-05-05,2023,5,5,1,3.180265,True,True,True
S2A_37SBS_20230510_0_L2A,2023-05-10 08:30:56.363000+00:00,2023-05-10,2023,5,10,1,17.094997,True,True,True
S2A_36SYB_20230510_0_L2A,2023-05-10 08:30:58.884000+00:00,2023-05-10,2023,5,10,1,8.748853,True,True,True
S2A_36SYA_20230510_0_L2A,2023-05-10 08:31:13.502000+00:00,2023-05-10,2023,5,10,1,1.133095,True,True,True
S2B_37SBS_20230515_0_L2A,2023-05-15 08:31:00.870000+00:00,2023-05-15,2023,5,15,2,19.818285,True,True,True
S2B_36SYB_20230515_0_L2A,2023-05-15 08:31:03.402000+00:00,2023-05-15,2023,5,15,2,13.75664,True,True,True
S2B_36SYA_20230515_0_L2A,2023-05-15 08:31:18.024000+00:00,2023-05-15,2023,5,15,2,1.133666,True,True,True
S2A_37SBS_20230520_0_L2A,2023-05-20 08:30:59.363000+00:00,2023-05-20,2023,5,20,2,32.128188,True,True,True
S2A_36SYB_20230520_0_L2A,2023-05-20 08:31:01.902000+00:00,2023-05-20,2023,5,20,2,52.990431,True,True,True
S2A_36SYA_20230520_0_L2A,2023-05-20 08:31:16.525000+00:00,2023-05-20,2023,5,20,2,48.448256,True,True,True
S2B_37SBS_20230525_0_L2A,2023-05-25 08:31:01.753000+00:00,2023-05-25,2023,5,25,3,0.346912,True,True,True
S2B_36SYB_20230525_0_L2A,2023-05-25 08:31:04.290000+00:00,2023-05-25,2023,5,25,3,4.220557,True,True,True
S2B_36SYA_20230525_0_L2A,2023-05-25 08:31:18.912000+00:00,2023-05-25,2023,5,25,3,0.971669,True,True,True
S2A_37SBS_20230530_0_L2A,2023-05-30 08:31:00.766000+00:00,2023-05-30,2023,5,30,3,0.277827,True,True,True
S2A_36SYB_20230530_0_L2A,2023-05-30 08:31:03.309000+00:00,2023-05-30,2023,5,30,3,2.557543,True,True,True
S2A_36SYA_20230530_0_L2A,2023-05-30 08:31:17.932000+00:00,2023-05-30,2023,5,30,3,8.754596,True,True,True
S2B_37SBS_20230604_0_L2A,2023-06-04 08:31:01.205000+00:00,2023-06-04,2023,6,4,1,2.114932,True,True,True
S2B_36SYB_20230604_0_L2A,2023-06-04 08:31:03.733000+00:00,2023-06-04,2023,6,4,1,7.135481,True,True,True
S2B_36SYA_20230604_0_L2A,2023-06-04 08:31:18.354000+00:00,2023-06-04,2023,6,4,1,7.495333,True,True,True
S2A_37SBS_20230609_0_L2A,2023-06-09 08:31:00.683000+00:00,2023-06-09,2023,6,9,1,71.13235,True,True,True
S2A_36SYB_20230609_0_L2A,2023-06-09 08:31:03.219000+00:00,2023-06-09,2023,6,9,1,88.303781,True,True,True
S2A_36SYA_20230609_0_L2A,2023-06-09 08:31:17.844000+00:00,2023-06-09,2023,6,9,1,98.400825,True,True,True
S2B_37SBS_20230614_0_L2A,2023-06-14 08:31:01.968000+00:00,2023-06-14,2023,6,14,2,0.060309,True,True,True
S2B_36SYB_20230614_0_L2A,2023-06-14 08:31:04.497000+00:00,2023-06-14,2023,6,14,2,0.158155,True,True,True
S2B_36SYA_20230614_0_L2A,2023-06-14 08:31:19.114000+00:00,2023-06-14,2023,6,14,2,0.438947,True,True,True
S2A_37SBS_20230619_0_L2A,2023-06-19 08:31:01.001000+00:00,2023-06-19,2023,6,19,2,14.65687,True,True,True
S2A_36SYB_20230619_0_L2A,2023-06-19 08:31:03.535000+00:00,2023-06-19,2023,6,19,2,43.725359,True,True,True
S2A_36SYA_20230619_0_L2A,2023-06-19 08:31:18.160000+00:00,2023-06-19,2023,6,19,2,18.014389,True,True,True
S2B_37SBS_20230624_0_L2A,2023-06-24 08:31:01.146000+00:00,2023-06-24,2023,6,24,3,0.039316,True,True,True
S2B_36SYB_20230624_0_L2A,2023-06-24 08:31:03.667000+00:00,2023-06-24,2023,6,24,3,0.009884,True,True,True
S2B_36SYA_20230624_0_L2A,2023-06-24 08:31:18.284000+00:00,2023-06-24,2023,6,24,3,0.503266,True,True,True
S2A_37SBS_20230629_0_L2A,2023-06-29 08:31:01.136000+00:00,2023-06-29,2023,6,29,3,0.103499,True,True,True
S2A_36SYB_20230629_0_L2A,2023-06-29 08:31:03.667000+00:00,2023-06-29,2023,6,29,3,4.05419,True,True,True
S2A_36SYA_20230629_0_L2A,2023-06-29 08:31:18.286000+00:00,2023-06-29,2023,6,29,3,0.373363,True,True,True
S2B_37SBS_20230704_0_L2A,2023-07-04 08:31:02.346000+00:00,2023-07-04,2023,7,4,1,0.004411,True,True,True
S2B_36SYB_20230704_0_L2A,2023-07-04 08:31:04.872000+00:00,2023-07-04,2023,7,4,1,0.204382,True,True,True
S2B_36SYA_20230704_0_L2A,2023-07-04 08:31:19.489000+00:00,2023-07-04,2023,7,4,1,0.010876,True,True,True
S2A_37SBS_20230709_0_L2A,2023-07-09 08:31:02.215000+00:00,2023-07-09,2023,7,9,1,0.776183,True,True,True
S2A_36SYB_20230709_0_L2A,2023-07-09 08:31:04.747000+00:00,2023-07-09,2023,7,9,1,9.273191,True,True,True
S2A_36SYA_20230709_0_L2A,2023-07-09 08:31:19.366000+00:00,2023-07-09,2023,7,9,1,7.670124,True,True,True
S2B_37SBS_20230714_0_L2A,2023-07-14 08:31:01.750000+00:00,2023-07-14,2023,7,14,2,0.003326,True,True,True
S2B_36SYB_20230714_0_L2A,2023-07-14 08:31:04.269000+00:00,2023-07-14,2023,7,14,2,0.00362,True,True,True
S2B_36SYA_20230714_0_L2A,2023-07-14 08:31:18.889000+00:00,2023-07-14,2023,7,14,2,0.005909,True,True,True
S2A_37SBS_20230719_0_L2A,2023-07-19 08:31:01.114000+00:00,2023-07-19,2023,7,19,2,0.000332,True,True,True
S2A_36SYB_20230719_0_L2A,2023-07-19 08:31:03.636000+00:00,2023-07-19,2023,7,19,2,0.004363,True,True,True
S2A_36SYA_20230719_0_L2A,2023-07-19 08:31:18.259000+00:00,2023-07-19,2023,7,19,2,0.660286,True,True,True
S2B_37SBS_20230724_0_L2A,2023-07-24 08:31:02.952000+00:00,2023-07-24,2023,7,24,3,0.000146,True,True,True
S2B_36SYB_20230724_0_L2A,2023-07-24 08:31:05.480000+00:00,2023-07-24,2023,7,24,3,0.126894,True,True,True
S2B_36SYA_20230724_0_L2A,2023-07-24 08:31:20.104000+00:00,2023-07-24,2023,7,24,3,0.005464,True,True,True
S2A_37SBS_20230729_0_L2A,2023-07-29 08:31:02.199000+00:00,2023-07-29,2023,7,29,3,0.000506,True,True,True
S2A_36SYB_20230729_0_L2A,2023-07-29 08:31:04.727000+00:00,2023-07-29,2023,7,29,3,0.051961,True,True,True
S2A_36SYA_20230729_0_L2A,2023-07-29 08:31:19.346000+00:00,2023-07-29,2023,7,29,3,0.009267,True,True,True
S2B_37SBS_20230803_0_L2A,2023-08-03 08:31:01.562000+00:00,2023-08-03,2023,8,3,1,6.02618,True,True,True
S2B_36SYB_20230803_0_L2A,2023-08-03 08:31:04.079000+00:00,2023-08-03,2023,8,3,1,1.318363,True,True,True
S2B_36SYA_20230803_0_L2A,2023-08-03 08:31:18.693000+00:00,2023-08-03,2023,8,3,1,1.31047,True,True,True
S2A_37SBS_20230808_0_L2A,2023-08-08 08:31:01.373000+00:00,2023-08-08,2023,8,8,1,0.082231,True,True,True
S2A_36SYB_20230808_0_L2A,2023-08-08 08:31:03.898000+00:00,2023-08-08,2023,8,8,1,9.807164,True,True,True
S2A_36SYA_20230808_0_L2A,2023-08-08 08:31:18.517000+00:00,2023-08-08,2023,8,8,1,0.022153,True,True,True
S2B_37SBS_20230813_0_L2A,2023-08-13 08:31:02.558000+00:00,2023-08-13,2023,8,13,2,54.996246,True,True,True
S2B_36SYB_20230813_0_L2A,2023-08-13 08:31:05.087000+00:00,2023-08-13,2023,8,13,2,41.668186,True,True,True
S2B_36SYA_20230813_0_L2A,2023-08-13 08:31:19.709000+00:00,2023-08-13,2023,8,13,2,16.793889,True,True,True
S2A_37SBS_20230818_0_L2A,2023-08-18 08:31:02.941000+00:00,2023-08-18,2023,8,18,2,3.5e-05,True,True,True
S2A_36SYB_20230818_0_L2A,2023-08-18 08:31:05.479000+00:00,2023-08-18,2023,8,18,2,2.470665,True,True,True
S2A_36SYA_20230818_0_L2A,2023-08-18 08:31:20.092000+00:00,2023-08-18,2023,8,18,2,0.00495,True,True,True
S2B_37SBS_20230823_0_L2A,2023-08-23 08:31:01.269000+00:00,2023-08-23,2023,8,23,3,0.0,True,True,True
S2B_36SYB_20230823_0_L2A,2023-08-23 08:31:03.790000+00:00,2023-08-23,2023,8,23,3,0.000962,True,True,True
S2B_36SYA_20230823_0_L2A,2023-08-23 08:31:18.414000+00:00,2023-08-23,2023,8,23,3,0.000863,True,True,True
S2A_37SBS_20230828_0_L2A,2023-08-28 08:31:02.654000+00:00,2023-08-28,2023,8,28,3,24.552035,True,True,True
S2A_36SYB_20230828_0_L2A,2023-08-28 08:31:05.195000+00:00,2023-08-28,2023,8,28,3,42.711711,True,True,True
S2A_36SYA_20230828_0_L2A,2023-08-28 08:31:19.809000+00:00,2023-08-28,2023,8,28,3,18.86359,True,True,True
S2B_37SBS_20230902_0_L2A,2023-09-02 08:31:01.718000+00:00,2023-09-02,2023,9,2,1,0.19964,True,True,True
S2B_36SYB_20230902_0_L2A,2023-09-02 08:31:04.249000+00:00,2023-09-02,2023,9,2,1,4.24407,True,True,True
S2B_36SYA_20230902_0_L2A,2023-09-02 08:31:18.874000+00:00,2023-09-02,2023,9,2,1,0.84287,True,True,True
S2A_37SBS_20230907_0_L2A,2023-09-07 08:31:02.236000+00:00,2023-09-07,2023,9,7,1,0.325122,True,True,True
S2A_36SYB_20230907_0_L2A,2023-09-07 08:31:04.784000+00:00,2023-09-07,2023,9,7,1,0.659152,True,True,True
S2A_36SYA_20230907_0_L2A,2023-09-07 08:31:19.402000+00:00,2023-09-07,2023,9,7,1,0.006407,True,True,True
S2B_37SBS_20230912_1_L2A,2023-09-12 08:31:00.376000+00:00,2023-09-12,2023,9,12,2,0.033343,True,True,True
S2B_37SBS_20230912_0_L2A,2023-09-12 08:31:00.378000+00:00,2023-09-12,2023,9,12,2,0.069092,True,True,True
S2B_36SYB_20230912_1_L2A,2023-09-12 08:31:02.908000+00:00,2023-09-12,2023,9,12,2,0.064741,True,True,True
S2B_36SYB_20230912_0_L2A,2023-09-12 08:31:02.910000+00:00,2023-09-12,2023,9,12,2,0.108809,True,True,True
S2B_36SYA_20230912_1_L2A,2023-09-12 08:31:17.529000+00:00,2023-09-12,2023,9,12,2,0.09067,True,True,True
S2B_36SYA_20230912_0_L2A,2023-09-12 08:31:17.530000+00:00,2023-09-12,2023,9,12,2,0.130049,True,True,True
S2A_37SBS_20230917_0_L2A,2023-09-17 08:31:00.308000+00:00,2023-09-17,2023,9,17,2,5.6e-05,True,True,True
S2A_36SYB_20230917_0_L2A,2023-09-17 08:31:02.849000+00:00,2023-09-17,2023,9,17,2,0.574477,True,True,True
S2A_36SYA_20230917_0_L2A,2023-09-17 08:31:17.473000+00:00,2023-09-17,2023,9,17,2,0.061417,True,True,True
S2B_37SBS_20230922_0_L2A,2023-09-22 08:31:00.537000+00:00,2023-09-22,2023,9,22,3,3e-06,True,True,True
S2B_36SYB_20230922_0_L2A,2023-09-22 08:31:03.064000+00:00,2023-09-22,2023,9,22,3,4.124973,True,True,True
S2B_36SYA_20230922_0_L2A,2023-09-22 08:31:17.684000+00:00,2023-09-22,2023,9,22,3,0.067369,True,True,True
S2A_37SBS_20230927_0_L2A,2023-09-27 08:30:59.239000+00:00,2023-09-27,2023,9,27,3,0.040912,True,True,True
S2A_36SYB_20230927_0_L2A,2023-09-27 08:31:01.770000+00:00,2023-09-27,2023,9,27,3,0.908623,True,True,True
S2A_36SYA_20230927_0_L2A,2023-09-27 08:31:16.385000+00:00,2023-09-27,2023,9,27,3,0.068712,True,True,True
S2B_37SBS_20231002_0_L2A,2023-10-02 08:30:58.310000+00:00,2023-10-02,2023,10,2,1,98.729289,True,True,True
S2B_36SYB_20231002_0_L2A,2023-10-02 08:31:00.818000+00:00,2023-10-02,2023,10,2,1,98.078322,True,True,True
S2B_36SYA_20231002_0_L2A,2023-10-02 08:31:15.438000+00:00,2023-10-02,2023,10,2,1,92.769939,True,True,True
S2A_37SBS_20231007_0_L2A,2023-10-07 08:30:57.391000+00:00,2023-10-07,2023,10,7,1,8.96492,True,True,True
S2A_36SYB_20231007_0_L2A,2023-10-07 08:30:59.913000+00:00,2023-10-07,2023,10,7,1,13.94008,True,True,True
S2A_36SYA_20231007_0_L2A,2023-10-07 08:31:14.525000+00:00,2023-10-07,2023,10,7,1,9.416416,True,True,True
S2B_37SBS_20231012_0_L2A,2023-10-12 08:30:58.944000+00:00,2023-10-12,2023,10,12,2,1.387871,True,True,True
S2B_36SYB_20231012_0_L2A,2023-10-12 08:31:01.457000+00:00,2023-10-12,2023,10,12,2,9.008805,True,True,True
S2B_36SYA_20231012_0_L2A,2023-10-12 08:31:16.073000+00:00,2023-10-12,2023,10,12,2,7.956719,True,True,True
S2A_37SBS_20231017_0_L2A,2023-10-17 08:30:56.181000+00:00,2023-10-17,2023,10,17,2,3.833255,True,True,True
S2A_36SYB_20231017_0_L2A,2023-10-17 08:30:58.696000+00:00,2023-10-17,2023,10,17,2,11.270802,True,True,True
S2A_36SYA_20231017_0_L2A,2023-10-17 08:31:13.316000+00:00,2023-10-17,2023,10,17,2,4.428121,True,True,True
S2B_37SBS_20231022_0_L2A,2023-10-22 08:30:58.570000+00:00,2023-10-22,2023,10,22,3,3.662683,True,True,True
S2B_36SYB_20231022_0_L2A,2023-10-22 08:31:01.087000+00:00,2023-10-22,2023,10,22,3,0.692692,True,True,True
S2B_36SYA_20231022_0_L2A,2023-10-22 08:31:15.702000+00:00,2023-10-22,2023,10,22,3,11.682396,True,True,True
S2A_37SBS_20231027_0_L2A,2023-10-27 08:30:56.885000+00:00,2023-10-27,2023,10,27,3,71.942854,True,True,True
S2A_36SYB_20231027_0_L2A,2023-10-27 08:30:59.409000+00:00,2023-10-27,2023,10,27,3,83.489203,True,True,True
S2A_36SYA_20231027_0_L2A,2023-10-27 08:31:14.033000+00:00,2023-10-27,2023,10,27,3,52.314913,True,True,True
S2B_37SBS_20231101_0_L2A,2023-11-01 08:30:59.431000+00:00,2023-11-01,2023,11,1,1,15.260135,True,True,True
S2B_36SYB_20231101_0_L2A,2023-11-01 08:31:01.959000+00:00,2023-11-01,2023,11,1,1,13.011257,True,True,True
S2B_36SYA_20231101_0_L2A,2023-11-01 08:31:16.578000+00:00,2023-11-01,2023,11,1,1,0.398891,True,True,True
S2B_37SBS_20231111_0_L2A,2023-11-11 08:30:58.311000+00:00,2023-11-11,2023,11,11,2,99.929672,True,True,True
S2B_36SYB_20231111_0_L2A,2023-11-11 08:31:00.838000+00:00,2023-11-11,2023,11,11,2,96.71461,True,True,True
S2B_36SYA_20231111_0_L2A,2023-11-11 08:31:15.462000+00:00,2023-11-11,2023,11,11,2,70.149457,True,True,True
S2A_37SBS_20231116_0_L2A,2023-11-16 08:30:55.284000+00:00,2023-11-16,2023,11,16,2,1.404587,True,True,True
S2A_36SYB_20231116_0_L2A,2023-11-16 08:30:57.814000+00:00,2023-11-16,2023,11,16,2,0.696398,True,True,True
S2A_36SYA_20231116_0_L2A,2023-11-16 08:31:12.427000+00:00,2023-11-16,2023,11,16,2,2.386999,True,True,True
S2B_37SBS_20231121_0_L2A,2023-11-21 08:30:53.297000+00:00,2023-11-21,2023,11,21,3,18.080153,True,True,True
S2B_37SBS_20231121_1_L2A,2023-11-21 08:30:53.297000+00:00,2023-11-21,2023,11,21,3,12.57249,True,True,True
S2B_36SYB_20231121_0_L2A,2023-11-21 08:30:55.800000+00:00,2023-11-21,2023,11,21,3,20.66589,True,True,True
S2B_36SYB_20231121_1_L2A,2023-11-21 08:30:55.800000+00:00,2023-11-21,2023,11,21,3,14.653741,True,True,True
S2B_36SYA_20231121_0_L2A,2023-11-21 08:31:10.412000+00:00,2023-11-21,2023,11,21,3,35.057452,True,True,True
S2B_36SYA_20231121_1_L2A,2023-11-21 08:31:10.412000+00:00,2023-11-21,2023,11,21,3,26.237616,True,True,True
S2A_37SBS_20231126_0_L2A,2023-11-26 08:30:51.023000+00:00,2023-11-26,2023,11,26,3,21.315686,True,True,True
S2A_36SYB_20231126_0_L2A,2023-11-26 08:30:53.533000+00:00,2023-11-26,2023,11,26,3,26.797661,True,True,True
S2A_36SYA_20231126_0_L2A,2023-11-26 08:31:08.148000+00:00,2023-11-26,2023,11,26,3,1.570529,True,True,True
S2B_37SBS_20231201_0_L2A,2023-12-01 08:30:54.022000+00:00,2023-12-01,2023,12,1,1,0.0,True,True,True
S2B_36SYB_20231201_0_L2A,2023-12-01 08:30:56.528000+00:00,2023-12-01,2023,12,1,1,0.001616,True,True,True
S2B_36SYA_20231201_0_L2A,2023-12-01 08:31:11.142000+00:00,2023-12-01,2023,12,1,1,0.008315,True,True,True
S2A_37SBS_20231206_0_L2A,2023-12-06 08:30:50.619000+00:00,2023-12-06,2023,12,6,1,38.408342,True,True,True
S2A_36SYB_20231206_0_L2A,2023-12-06 08:30:53.123000+00:00,2023-12-06,2023,12,6,1,45.132139,True,True,True
S2A_36SYA_20231206_0_L2A,2023-12-06 08:31:07.726000+00:00,2023-12-06,2023,12,6,1,50.734985,True,True,True
S2B_37SBS_20231211_0_L2A,2023-12-11 08:30:53.825000+00:00,2023-12-11,2023,12,11,2,71.928704,True,True,True
S2B_36SYB_20231211_0_L2A,2023-12-11 08:30:56.327000+00:00,2023-12-11,2023,12,11,2,25.822684,True,True,True
S2B_36SYA_20231211_0_L2A,2023-12-11 08:31:10.940000+00:00,2023-12-11,2023,12,11,2,41.319051,True,True,True
S2A_37SBS_20231216_0_L2A,2023-12-16 08:30:52.935000+00:00,2023-12-16,2023,12,16,2,70.595592,True,True,True
S2A_36SYB_20231216_0_L2A,2023-12-16 08:30:55.458000+00:00,2023-12-16,2023,12,16,2,68.041426,True,True,True
S2A_36SYA_20231216_0_L2A,2023-12-16 08:31:10.087000+00:00,2023-12-16,2023,12,16,2,89.351076,True,True,True
S2B_37SBS_20231221_0_L2A,2023-12-21 08:30:57.768000+00:00,2023-12-21,2023,12,21,3,100.0,True,True,True
S2B_36SYB_20231221_0_L2A,2023-12-21 08:31:00.299000+00:00,2023-12-21,2023,12,21,3,100.0,True,True,True
S2B_36SYA_20231221_0_L2A,2023-12-21 08:31:14.918000+00:00,2023-12-21,2023,12,21,3,100.0,True,True,True
S2A_37SBS_20231226_0_L2A,2023-12-26 08:30:53.900000+00:00,2023-12-26,2023,12,26,3,0.00145,True,True,True
S2A_36SYB_20231226_0_L2A,2023-12-26 08:30:56.424000+00:00,2023-12-26,2023,12,26,3,0.001082,True,True,True
S2A_36SYA_20231226_0_L2A,2023-12-26 08:31:11.040000+00:00,2023-12-26,2023,12,26,3,0.006904,True,True,True
S2B_37SBS_20231231_0_L2A,2023-12-31 08:30:57.963000+00:00,2023-12-31,2023,12,31,3,16.764094,True,True,True
S2B_36SYB_20231231_0_L2A,2023-12-31 08:31:00.501000+00:00,2023-12-31,2023,12,31,3,16.846089,True,True,True
S2B_36SYA_20231231_0_L2A,2023-12-31 08:31:15.123000+00:00,2023-12-31,2023,12,31,3,2.843103,True,True,True
S2A_37SBS_20240105_0_L2A,2024-01-05 08:30:53.311000+00:00,2024-01-05,2024,1,5,1,67.368793,True,True,True
S2A_36SYB_20240105_0_L2A,2024-01-05 08:30:55.834000+00:00,2024-01-05,2024,1,5,1,90.482157,True,True,True
S2A_36SYA_20240105_0_L2A,2024-01-05 08:31:10.449000+00:00,2024-01-05,2024,1,5,1,52.340198,True,True,True
S2B_37SBS_20240110_0_L2A,2024-01-10 08:30:55.168000+00:00,2024-01-10,2024,1,10,1,44.055331,True,True,True
S2B_36SYB_20240110_0_L2A,2024-01-10 08:30:57.688000+00:00,2024-01-10,2024,1,10,1,52.293831,True,True,True
S2B_36SYA_20240110_0_L2A,2024-01-10 08:31:12.311000+00:00,2024-01-10,2024,1,10,1,3.572749,True,True,True
S2A_37SBS_20240115_0_L2A,2024-01-15 08:30:49.848000+00:00,2024-01-15,2024,1,15,2,59.195125,True,True,True
S2A_36SYB_20240115_0_L2A,2024-01-15 08:30:52.353000+00:00,2024-01-15,2024,1,15,2,54.952991,True,True,True
S2A_36SYA_20240115_0_L2A,2024-01-15 08:31:06.967000+00:00,2024-01-15,2024,1,15,2,34.155929,True,True,True
S2B_37SBS_20240120_0_L2A,2024-01-20 08:30:56.266000+00:00,2024-01-20,2024,1,20,2,18.953043,True,True,True
S2B_36SYB_20240120_0_L2A,2024-01-20 08:30:58.783000+00:00,2024-01-20,2024,1,20,2,8.311412,True,True,True
S2B_36SYA_20240120_0_L2A,2024-01-20 08:31:13.400000+00:00,2024-01-20,2024,1,20,2,31.721136,True,True,True
S2A_37SBS_20240125_0_L2A,2024-01-25 08:30:50.960000+00:00,2024-01-25,2024,1,25,3,50.180298,True,True,True
S2A_36SYB_20240125_0_L2A,2024-01-25 08:30:53.459000+00:00,2024-01-25,2024,1,25,3,76.884615,True,True,True
S2A_36SYA_20240125_0_L2A,2024-01-25 08:31:08.059000+00:00,2024-01-25,2024,1,25,3,32.338393,True,True,True
S2B_37SBS_20240130_0_L2A,2024-01-30 08:30:54.534000+00:00,2024-01-30,2024,1,30,3,88.300419,True,True,True
S2B_36SYB_20240130_0_L2A,2024-01-30 08:30:57.036000+00:00,2024-01-30,2024,1,30,3,91.784489,True,True,True
S2B_36SYA_20240130_0_L2A,2024-01-30 08:31:11.650000+00:00,2024-01-30,2024,1,30,3,29.359254,True,True,True
S2A_37SBS_20240204_0_L2A,2024-02-04 08:30:52.842000+00:00,2024-02-04,2024,2,4,1,76.723105,True,True,True
S2A_36SYB_20240204_0_L2A,2024-02-04 08:30:55.347000+00:00,2024-02-04,2024,2,4,1,82.30716,True,True,True
S2A_36SYA_20240204_0_L2A,2024-02-04 08:31:09.956000+00:00,2024-02-04,2024,2,4,1,64.926398,True,True,True
S2B_37SBS_20240209_0_L2A,2024-02-09 08:30:57.104000+00:00,2024-02-09,2024,2,9,1,2.865376,True,True,True
S2B_36SYB_20240209_0_L2A,2024-02-09 08:30:59.622000+00:00,2024-02-09,2024,2,9,1,16.741355,True,True,True
S2B_36SYA_20240209_0_L2A,2024-02-09 08:31:14.239000+00:00,2024-02-09,2024,2,9,1,11.001579,True,True,True
S2A_37SBS_20240214_0_L2A,2024-02-14 08:30:54.541000+00:00,2024-02-14,2024,2,14,2,96.814114,True,True,True
S2A_36SYB_20240214_0_L2A,2024-02-14 08:30:57.060000+00:00,2024-02-14,2024,2,14,2,97.322357,True,True,True
S2A_36SYA_20240214_0_L2A,2024-02-14 08:31:11.694000+00:00,2024-02-14,2024,2,14,2,66.619021,True,True,True
S2B_37SBS_20240219_0_L2A,2024-02-19 08:30:57.876000+00:00,2024-02-19,2024,2,19,2,92.292869,True,True,True
S2B_36SYB_20240219_0_L2A,2024-02-19 08:31:00.402000+00:00,2024-02-19,2024,2,19,2,77.372926,True,True,True
S2B_36SYA_20240219_0_L2A,2024-02-19 08:31:15.020000+00:00,2024-02-19,2024,2,19,2,86.746883,True,True,True
S2A_37SBS_20240224_0_L2A,2024-02-24 08:30:55.372000+00:00,2024-02-24,2024,2,24,3,99.127734,True,True,True
S2A_36SYB_20240224_0_L2A,2024-02-24 08:30:57.892000+00:00,2024-02-24,2024,2,24,3,99.385434,True,True,True
S2A_36SYA_20240224_0_L2A,2024-02-24 08:31:12.507000+00:00,2024-02-24,2024,2,24,3,99.939209,True,True,True
S2B_37SBS_20240229_0_L2A,2024-02-29 08:30:55.025000+00:00,2024-02-29,2024,2,29,3,32.720396,True,True,True
S2B_36SYB_20240229_0_L2A,2024-02-29 08:30:57.539000+00:00,2024-02-29,2024,2,29,3,11.876278,True,True,True
S2B_36SYA_20240229_0_L2A,2024-02-29 08:31:12.161000+00:00,2024-02-29,2024,2,29,3,35.750395,True,True,True
S2A_37SBS_20240305_0_L2A,2024-03-05 08:30:57.475000+00:00,2024-03-05,2024,3,5,1,0.15624,True,True,True
S2A_36SYB_20240305_0_L2A,2024-03-05 08:31:00.013000+00:00,2024-03-05,2024,3,5,1,1.203523,True,True,True
S2A_36SYA_20240305_0_L2A,2024-03-05 08:31:14.624000+00:00,2024-03-05,2024,3,5,1,0.588983,True,True,True
S2B_37SBS_20240310_0_L2A,2024-03-10 08:30:52.626000+00:00,2024-03-10,2024,3,10,1,5.717395,True,True,True
S2B_36SYB_20240310_0_L2A,2024-03-10 08:30:55.122000+00:00,2024-03-10,2024,3,10,1,18.593618,True,True,True
S2B_36SYA_20240310_0_L2A,2024-03-10 08:31:09.738000+00:00,2024-03-10,2024,3,10,1,3.040013,True,True,True
S2A_37SBS_20240315_0_L2A,2024-03-15 08:30:56.783000+00:00,2024-03-15,2024,3,15,2,61.785412,True,True,True
S2A_36SYB_20240315_0_L2A,2024-03-15 08:30:59.313000+00:00,2024-03-15,2024,3,15,2,85.05879,True,True,True
S2A_36SYA_20240315_0_L2A,2024-03-15 08:31:13.930000+00:00,2024-03-15,2024,3,15,2,57.926154,True,True,True
S2B_37SBS_20240320_0_L2A,2024-03-20 08:30:56.789000+00:00,2024-03-20,2024,3,20,2,91.109514,True,True,True
S2B_36SYB_20240320_0_L2A,2024-03-20 08:30:59.312000+00:00,2024-03-20,2024,3,20,2,89.740729,True,True,True
S2B_36SYA_20240320_0_L2A,2024-03-20 08:31:13.931000+00:00,2024-03-20,2024,3,20,2,17.954019,True,True,True
S2A_37SBS_20240325_0_L2A,2024-03-25 08:30:57.937000+00:00,2024-03-25,2024,3,25,3,71.635461,True,True,True
S2A_36SYB_20240325_0_L2A,2024-03-25 08:31:00.471000+00:00,2024-03-25,2024,3,25,3,83.992171,True,True,True
S2A_36SYA_20240325_0_L2A,2024-03-25 08:31:15.085000+00:00,2024-03-25,2024,3,25,3,91.011184,True,True,True
S2B_37SBS_20240330_0_L2A,2024-03-30 08:30:56.555000+00:00,2024-03-30,2024,3,30,3,0.441707,True,True,True
S2B_36SYB_20240330_0_L2A,2024-03-30 08:30:59.077000+00:00,2024-03-30,2024,3,30,3,0.00645,True,True,True
S2B_36SYA_20240330_0_L2A,2024-03-30 08:31:13.701000+00:00,2024-03-30,2024,3,30,3,1.228957,True,True,True
S2A_37SBS_20240404_0_L2A,2024-04-04 08:30:54.104000+00:00,2024-04-04,2024,4,4,1,0.086206,True,True,True
S2A_36SYB_20240404_0_L2A,2024-04-04 08:30:56.608000+00:00,2024-04-04,2024,4,4,1,0.002283,True,True,True
S2A_36SYA_20240404_0_L2A,2024-04-04 08:31:11.211000+00:00,2024-04-04,2024,4,4,1,0.026354,True,True,True
S2B_37SBS_20240409_0_L2A,2024-04-09 08:30:56.502000+00:00,2024-04-09,2024,4,9,1,53.347939,True,True,True
S2B_36SYB_20240409_0_L2A,2024-04-09 08:30:59.027000+00:00,2024-04-09,2024,4,9,1,74.566334,True,True,True
S2B_36SYA_20240409_0_L2A,2024-04-09 08:31:13.653000+00:00,2024-04-09,2024,4,9,1,57.91142,True,True,True
S2A_37SBS_20240414_0_L2A,2024-04-14 08:30:59.070000+00:00,2024-04-14,2024,4,14,2,19.463854,True,True,True
S2A_36SYB_20240414_0_L2A,2024-04-14 08:31:01.614000+00:00,2024-04-14,2024,4,14,2,41.472095,True,True,True
S2A_36SYA_20240414_0_L2A,2024-04-14 08:31:16.244000+00:00,2024-04-14,2024,4,14,2,13.574444,True,True,True
S2B_37SBS_20240419_0_L2A,2024-04-19 08:30:57.874000+00:00,2024-04-19,2024,4,19,2,3.432347,True,True,True
S2B_36SYB_20240419_0_L2A,2024-04-19 08:31:00.410000+00:00,2024-04-19,2024,4,19,2,23.422201,True,True,True
S2B_36SYA_20240419_1_L2A,2024-04-19 08:31:14.990000+00:00,2024-04-19,2024,4,19,2,8.251406,True,True,True
S2A_37SBS_20240424_0_L2A,2024-04-24 08:30:59.455000+00:00,2024-04-24,2024,4,24,3,0.005039,True,True,True
S2A_36SYB_20240424_0_L2A,2024-04-24 08:31:01.998000+00:00,2024-04-24,2024,4,24,3,0.021865,True,True,True
S2A_36SYA_20240424_0_L2A,2024-04-24 08:31:16.615000+00:00,2024-04-24,2024,4,24,3,1.998898,True,True,True
S2B_37SBS_20240429_0_L2A,2024-04-29 08:30:56.538000+00:00,2024-04-29,2024,4,29,3,83.302504,True,True,True
S2B_36SYB_20240429_0_L2A,2024-04-29 08:30:59.063000+00:00,2024-04-29,2024,4,29,3,87.76353,True,True,True
S2B_36SYA_20240429_0_L2A,2024-04-29 08:31:13.682000+00:00,2024-04-29,2024,4,29,3,90.716326,True,True,True
S2A_37SBS_20240504_0_L2A,2024-05-04 08:30:59.735000+00:00,2024-05-04,2024,5,4,1,9.288333,True,True,True
S2A_36SYB_20240504_0_L2A,2024-05-04 08:31:02.272000+00:00,2024-05-04,2024,5,4,1,11.68237,True,True,True
S2A_36SYA_20240504_0_L2A,2024-05-04 08:31:16.892000+00:00,2024-05-04,2024,5,4,1,0.136512,True,True,True
S2B_37SBS_20240509_0_L2A,2024-05-09 08:30:57.719000+00:00,2024-05-09,2024,5,9,1,3.309677,True,True,True
S2B_36SYB_20240509_0_L2A,2024-05-09 08:31:00.249000+00:00,2024-05-09,2024,5,9,1,2.052219,True,True,True
S2B_36SYA_20240509_0_L2A,2024-05-09 08:31:14.872000+00:00,2024-05-09,2024,5,9,1,0.753896,True,True,True
S2A_37SBS_20240514_0_L2A,2024-05-14 08:30:59.913000+00:00,2024-05-14,2024,5,14,2,24.085708,True,True,True
S2A_36SYB_20240514_0_L2A,2024-05-14 08:31:02.448000+00:00,2024-05-14,2024,5,14,2,35.473919,True,True,True
S2A_36SYA_20240514_0_L2A,2024-05-14 08:31:17.059000+00:00,2024-05-14,2024,5,14,2,27.044085,True,True,True
S2B_37SBS_20240519_0_L2A,2024-05-19 08:30:55.757000+00:00,2024-05-19,2024,5,19,2,0.432631,True,True,True
S2B_36SYB_20240519_0_L2A,2024-05-19 08:30:58.267000+00:00,2024-05-19,2024,5,19,2,8.54099,True,True,True
S2B_36SYA_20240519_0_L2A,2024-05-19 08:31:12.882000+00:00,2024-05-19,2024,5,19,2,16.301399,True,True,True
S2A_37SBS_20240524_0_L2A,2024-05-24 08:30:56.148000+00:00,2024-05-24,2024,5,24,3,10.283763,True,True,True
S2A_36SYB_20240524_0_L2A,2024-05-24 08:30:58.651000+00:00,2024-05-24,2024,5,24,3,27.967146,True,True,True
S2A_36SYA_20240524_0_L2A,2024-05-24 08:31:13.248000+00:00,2024-05-24,2024,5,24,3,8.956453,True,True,True
S2B_37SBS_20240529_0_L2A,2024-05-29 08:30:56.714000+00:00,2024-05-29,2024,5,29,3,0.10729,True,True,True
S2B_36SYB_20240529_0_L2A,2024-05-29 08:30:59.226000+00:00,2024-05-29,2024,5,29,3,6.916958,True,True,True
S2B_36SYA_20240529_0_L2A,2024-05-29 08:31:13.840000+00:00,2024-05-29,2024,5,29,3,0.794423,True,True,True
S2A_37SBS_20240603_0_L2A,2024-06-03 08:31:01.368000+00:00,2024-06-03,2024,6,3,1,0.000813,True,True,True
S2A_36SYB_20240603_0_L2A,2024-06-03 08:31:03.906000+00:00,2024-06-03,2024,6,3,1,0.009632,True,True,True
S2A_36SYA_20240603_0_L2A,2024-06-03 08:31:18.510000+00:00,2024-06-03,2024,6,3,1,0.834035,True,True,True
S2B_37SBS_20240608_0_L2A,2024-06-08 08:30:59.933000+00:00,2024-06-08,2024,6,8,1,0.155116,True,True,True
S2B_36SYB_20240608_0_L2A,2024-06-08 08:31:02.466000+00:00,2024-06-08,2024,6,8,1,0.02278,True,True,True
S2B_36SYA_20240608_0_L2A,2024-06-08 08:31:17.088000+00:00,2024-06-08,2024,6,8,1,0.031619,True,True,True
S2A_37SBS_20240613_0_L2A,2024-06-13 08:31:03.003000+00:00,2024-06-13,2024,6,13,2,0.002814,True,True,True
S2A_36SYB_20240613_0_L2A,2024-06-13 08:31:05.556000+00:00,2024-06-13,2024,6,13,2,0.003869,True,True,True
S2A_36SYA_20240613_0_L2A,2024-06-13 08:31:20.194000+00:00,2024-06-13,2024,6,13,2,0.007223,True,True,True
S2B_37SBS_20240618_0_L2A,2024-06-18 08:30:59.472000+00:00,2024-06-18,2024,6,18,2,0.001657,True,True,True
S2B_36SYB_20240618_0_L2A,2024-06-18 08:31:01.995000+00:00,2024-06-18,2024,6,18,2,0.00362,True,True,True
S2B_36SYA_20240618_0_L2A,2024-06-18 08:31:16.612000+00:00,2024-06-18,2024,6,18,2,1.058321,True,True,True
S2A_37SBS_20240623_0_L2A,2024-06-23 08:31:01.236000+00:00,2024-06-23,2024,6,23,3,16.117786,True,True,True
S2A_36SYB_20240623_0_L2A,2024-06-23 08:31:03.771000+00:00,2024-06-23,2024,6,23,3,33.319393,True,True,True
S2A_36SYA_20240623_0_L2A,2024-06-23 08:31:18.383000+00:00,2024-06-23,2024,6,23,3,6.519228,True,True,True
S2B_37SBS_20240628_0_L2A,2024-06-28 08:31:00.740000+00:00,2024-06-28,2024,6,28,3,0.011162,True,True,True
S2B_36SYB_20240628_0_L2A,2024-06-28 08:31:03.271000+00:00,2024-06-28,2024,6,28,3,0.026005,True,True,True
S2B_36SYA_20240628_0_L2A,2024-06-28 08:31:17.894000+00:00,2024-06-28,2024,6,28,3,0.592191,True,True,True
S2A_37SBS_20240703_0_L2A,2024-07-03 08:31:00.464000+00:00,2024-07-03,2024,7,3,1,0.017935,True,True,True
S2A_36SYB_20240703_0_L2A,2024-07-03 08:31:02.989000+00:00,2024-07-03,2024,7,3,1,0.074247,True,True,True
S2A_36SYA_20240703_0_L2A,2024-07-03 08:31:17.610000+00:00,2024-07-03,2024,7,3,1,0.005395,True,True,True
S2B_37SBS_20240708_0_L2A,2024-07-08 08:30:59.764000+00:00,2024-07-08,2024,7,8,1,0.010344,True,True,True
S2B_36SYB_20240708_0_L2A,2024-07-08 08:31:02.286000+00:00,2024-07-08,2024,7,8,1,0.64313,True,True,True
S2B_36SYA_20240708_0_L2A,2024-07-08 08:31:16.910000+00:00,2024-07-08,2024,7,8,1,0.043792,True,True,True
S2A_37SBS_20240713_0_L2A,2024-07-13 08:30:56.026000+00:00,2024-07-13,2024,7,13,2,0.069469,True,True,True
S2A_36SYB_20240713_0_L2A,2024-07-13 08:30:57.270000+00:00,2024-07-13,2024,7,13,2,3.573622,True,True,True
S2A_37SBS_20240713_1_L2A,2024-07-13 08:31:02.733000+00:00,2024-07-13,2024,7,13,2,0.060548,True,True,True
S2A_36SYB_20240713_1_L2A,2024-07-13 08:31:03.891000+00:00,2024-07-13,2024,7,13,2,1.920566,True,True,True
S2A_36SYA_20240713_0_L2A,2024-07-13 08:31:16.495000+00:00,2024-07-13,2024,7,13,2,0.033049,True,True,True
S2B_37SBS_20240718_0_L2A,2024-07-18 08:31:00.344000+00:00,2024-07-18,2024,7,18,2,0.095581,True,True,True
S2B_36SYB_20240718_0_L2A,2024-07-18 08:31:02.869000+00:00,2024-07-18,2024,7,18,2,0.145723,True,True,True
S2B_36SYA_20240718_0_L2A,2024-07-18 08:31:17.487000+00:00,2024-07-18,2024,7,18,2,0.001752,True,True,True
S2A_37SBS_20240723_0_L2A,2024-07-23 08:30:58.952000+00:00,2024-07-23,2024,7,23,3,0.00117,True,True,True
S2A_36SYB_20240723_0_L2A,2024-07-23 08:31:01.465000+00:00,2024-07-23,2024,7,23,3,0.690708,True,True,True
S2A_36SYA_20240723_0_L2A,2024-07-23 08:31:16.068000+00:00,2024-07-23,2024,7,23,3,0.000803,True,True,True
S2B_37SBS_20240728_0_L2A,2024-07-28 08:30:58.954000+00:00,2024-07-28,2024,7,28,3,0.347565,True,True,True
S2B_36SYB_20240728_0_L2A,2024-07-28 08:31:01.470000+00:00,2024-07-28,2024,7,28,3,5.711378,True,True,True
S2B_36SYA_20240728_0_L2A,2024-07-28 08:31:16.089000+00:00,2024-07-28,2024,7,28,3,1.95067,True,True,True
S2A_37SBS_20240802_0_L2A,2024-08-02 08:30:59.367000+00:00,2024-08-02,2024,8,2,1,0.057083,True,True,True
S2A_36SYB_20240802_0_L2A,2024-08-02 08:31:01.887000+00:00,2024-08-02,2024,8,2,1,1.309133,True,True,True
S2A_36SYA_20240802_0_L2A,2024-08-02 08:31:16.498000+00:00,2024-08-02,2024,8,2,1,0.000859,True,True,True
S2A_37SBS_20240812_0_L2A,2024-08-12 08:30:58.524000+00:00,2024-08-12,2024,8,12,2,1.596872,True,True,True
S2A_36SYB_20240812_0_L2A,2024-08-12 08:31:01.046000+00:00,2024-08-12,2024,8,12,2,7.011991,True,True,True
S2A_36SYA_20240812_0_L2A,2024-08-12 08:31:15.670000+00:00,2024-08-12,2024,8,12,2,3.291668,True,True,True
S2B_37SBS_20240817_0_L2A,2024-08-17 08:30:59.698000+00:00,2024-08-17,2024,8,17,2,0.12324,True,True,True
S2B_36SYB_20240817_0_L2A,2024-08-17 08:31:02.223000+00:00,2024-08-17,2024,8,17,2,2.685751,True,True,True
S2B_36SYA_20240817_0_L2A,2024-08-17 08:31:16.847000+00:00,2024-08-17,2024,8,17,2,3.171506,True,True,True
S2A_37SBS_20240822_0_L2A,2024-08-22 08:30:54.370000+00:00,2024-08-22,2024,8,22,3,4.5e-05,True,True,True
S2A_36SYB_20240822_0_L2A,2024-08-22 08:30:56.865000+00:00,2024-08-22,2024,8,22,3,0.14422,True,True,True
S2A_36SYA_20240822_0_L2A,2024-08-22 08:31:11.466000+00:00,2024-08-22,2024,8,22,3,0.084767,True,True,True
S2B_37SBS_20240827_0_L2A,2024-08-27 08:30:58.496000+00:00,2024-08-27,2024,8,27,3,16.037244,True,True,True
S2B_36SYB_20240827_0_L2A,2024-08-27 08:31:01.020000+00:00,2024-08-27,2024,8,27,3,23.854543,True,True,True
S2B_36SYA_20240827_0_L2A,2024-08-27 08:31:15.644000+00:00,2024-08-27,2024,8,27,3,6.711052,True,True,True
S2A_37SBS_20240901_0_L2A,2024-09-01 08:30:56.441000+00:00,2024-09-01,2024,9,1,1,0.0,True,True,True
S2A_36SYB_20240901_0_L2A,2024-09-01 08:30:58.959000+00:00,2024-09-01,2024,9,1,1,0.0,True,True,True
S2A_36SYA_20240901_0_L2A,2024-09-01 08:31:13.567000+00:00,2024-09-01,2024,9,1,1,0.0,True,True,True
S2B_37SBS_20240906_0_L2A,2024-09-06 08:30:59.440000+00:00,2024-09-06,2024,9,6,1,4.677461,True,True,True
S2B_36SYB_20240906_0_L2A,2024-09-06 08:31:01.979000+00:00,2024-09-06,2024,9,6,1,28.507361,True,True,True
S2B_36SYA_20240906_0_L2A,2024-09-06 08:31:16.604000+00:00,2024-09-06,2024,9,6,1,12.045826,True,True,True
S2A_37SBS_20240911_0_L2A,2024-09-11 08:30:55.283000+00:00,2024-09-11,2024,9,11,2,0.000215,True,True,True
S2A_36SYB_20240911_0_L2A,2024-09-11 08:30:57.806000+00:00,2024-09-11,2024,9,11,2,0.026168,True,True,True
S2A_36SYA_20240911_0_L2A,2024-09-11 08:31:12.421000+00:00,2024-09-11,2024,9,11,2,0.006095,True,True,True
S2B_37SBS_20240916_0_L2A,2024-09-16 08:30:50.047000+00:00,2024-09-16,2024,9,16,2,6.305456,True,True,True
S2B_36SYB_20240916_0_L2A,2024-09-16 08:30:51.293000+00:00,2024-09-16,2024,9,16,2,22.304508,True,True,True
S2B_37SBS_20240916_1_L2A,2024-09-16 08:30:56.646000+00:00,2024-09-16,2024,9,16,2,31.191319,True,True,True
S2B_36SYB_20240916_1_L2A,2024-09-16 08:30:58.025000+00:00,2024-09-16,2024,9,16,2,38.448182,True,True,True
S2B_36SYA_20240916_0_L2A,2024-09-16 08:31:12.209000+00:00,2024-09-16,2024,9,16,2,47.853139,True,True,True
S2A_37SBS_20240921_0_L2A,2024-09-21 08:30:58.222000+00:00,2024-09-21,2024,9,21,3,3.959463,True,True,True
S2A_36SYB_20240921_0_L2A,2024-09-21 08:31:00.753000+00:00,2024-09-21,2024,9,21,3,15.947196,True,True,True
S2A_36SYA_20240921_0_L2A,2024-09-21 08:31:15.370000+00:00,2024-09-21,2024,9,21,3,21.178652,True,True,True
S2B_37SBS_20240926_0_L2A,2024-09-26 08:30:56.369000+00:00,2024-09-26,2024,9,26,3,0.0,True,True,True
S2B_36SYB_20240926_0_L2A,2024-09-26 08:30:58.894000+00:00,2024-09-26,2024,9,26,3,0.000571,True,True,True
S2B_36SYA_20240926_0_L2A,2024-09-26 08:31:13.518000+00:00,2024-09-26,2024,9,26,3,0.004094,True,True,True
S2A_37SBS_20241001_0_L2A,2024-10-01 08:30:58.919000+00:00,2024-10-01,2024,10,1,1,36.486927,True,True,True
S2A_36SYB_20241001_0_L2A,2024-10-01 08:31:01.455000+00:00,2024-10-01,2024,10,1,1,41.208345,True,True,True
S2A_36SYA_20241001_0_L2A,2024-10-01 08:31:16.059000+00:00,2024-10-01,2024,10,1,1,53.853315,True,True,True
S2B_37SBS_20241006_0_L2A,2024-10-06 08:30:57.338000+00:00,2024-10-06,2024,10,6,1,2.237875,True,True,True
S2B_36SYB_20241006_0_L2A,2024-10-06 08:30:59.867000+00:00,2024-10-06,2024,10,6,1,0.733757,True,True,True
S2B_36SYA_20241006_0_L2A,2024-10-06 08:31:14.491000+00:00,2024-10-06,2024,10,6,1,13.205978,True,True,True
S2A_37SBS_20241011_0_L2A,2024-10-11 08:30:54.772000+00:00,2024-10-11,2024,10,11,2,0.00607,True,True,True
S2A_36SYB_20241011_0_L2A,2024-10-11 08:30:57.286000+00:00,2024-10-11,2024,10,11,2,1.06922,True,True,True
S2A_36SYA_20241011_0_L2A,2024-10-11 08:31:11.914000+00:00,2024-10-11,2024,10,11,2,0.006068,True,True,True
S2B_37SBS_20241016_0_L2A,2024-10-16 08:30:57.008000+00:00,2024-10-16,2024,10,16,2,0.004997,True,True,True
S2B_36SYB_20241016_0_L2A,2024-10-16 08:30:59.534000+00:00,2024-10-16,2024,10,16,2,0.585177,True,True,True
S2B_36SYA_20241016_0_L2A,2024-10-16 08:31:14.149000+00:00,2024-10-16,2024,10,16,2,0.011155,True,True,True
S2A_37SBS_20241021_0_L2A,2024-10-21 08:30:56.854000+00:00,2024-10-21,2024,10,21,3,0.036531,True,True,True
S2A_36SYB_20241021_0_L2A,2024-10-21 08:30:59.383000+00:00,2024-10-21,2024,10,21,3,0.101141,True,True,True
S2A_36SYA_20241021_0_L2A,2024-10-21 08:31:14+00:00,2024-10-21,2024,10,21,3,0.062803,True,True,True
S2B_37SBS_20241026_0_L2A,2024-10-26 08:30:57.800000+00:00,2024-10-26,2024,10,26,3,0.000411,True,True,True
S2B_36SYB_20241026_0_L2A,2024-10-26 08:31:00.339000+00:00,2024-10-26,2024,10,26,3,0.00435,True,True,True
S2B_36SYA_20241026_0_L2A,2024-10-26 08:31:14.959000+00:00,2024-10-26,2024,10,26,3,0.033344,True,True,True
S2A_37SBS_20241031_0_L2A,2024-10-31 08:30:57.136000+00:00,2024-10-31,2024,10,31,3,6.432722,True,True,True
S2A_36SYB_20241031_0_L2A,2024-10-31 08:30:59.670000+00:00,2024-10-31,2024,10,31,3,9.000746,True,True,True
S2A_36SYA_20241031_0_L2A,2024-10-31 08:31:14.290000+00:00,2024-10-31,2024,10,31,3,1.760366,True,True,True
S2C_37SBS_20241031_1_L2A,2024-10-31 08:31:24.636000+00:00,2024-10-31,2024,10,31,3,6.579152,True,True,True
S2C_36SYB_20241031_1_L2A,2024-10-31 08:31:27.183000+00:00,2024-10-31,2024,10,31,3,9.114782,True,True,True
S2C_36SYA_20241031_1_L2A,2024-10-31 08:31:41.801000+00:00,2024-10-31,2024,10,31,3,2.007751,True,True,True
S2B_37SBS_20241105_0_L2A,2024-11-05 08:30:52.555000+00:00,2024-11-05,2024,11,5,1,9.160192,True,True,True
S2B_36SYB_20241105_0_L2A,2024-11-05 08:30:55.061000+00:00,2024-11-05,2024,11,5,1,10.375091,True,True,True
S2B_36SYA_20241105_0_L2A,2024-11-05 08:31:03.496000+00:00,2024-11-05,2024,11,5,1,0.251319,True,True,True
S2B_36SYB_20241105_1_L2A,2024-11-05 08:31:03.541000+00:00,2024-11-05,2024,11,5,1,0.970109,True,True,True
S2B_36SYA_20241105_1_L2A,2024-11-05 08:31:10.334000+00:00,2024-11-05,2024,11,5,1,0.300237,True,True,True
S2A_37SBS_20241110_0_L2A,2024-11-10 08:30:54.874000+00:00,2024-11-10,2024,11,10,1,25.194219,True,True,True
S2A_36SYB_20241110_0_L2A,2024-11-10 08:30:57.389000+00:00,2024-11-10,2024,11,10,1,11.603449,True,True,True
S2A_36SYA_20241110_0_L2A,2024-11-10 08:31:11.995000+00:00,2024-11-10,2024,11,10,1,3.327547,True,True,True
S2C_37SBS_20241110_1_L2A,2024-11-10 08:31:22.288000+00:00,2024-11-10,2024,11,10,1,25.127855,True,True,True
S2C_36SYB_20241110_1_L2A,2024-11-10 08:31:24.814000+00:00,2024-11-10,2024,11,10,1,11.724367,True,True,True
S2C_36SYA_20241110_1_L2A,2024-11-10 08:31:39.427000+00:00,2024-11-10,2024,11,10,1,3.420778,True,True,True
S2B_37SBS_20241115_0_L2A,2024-11-15 08:30:53.412000+00:00,2024-11-15,2024,11,15,2,0.615478,True,True,True
S2B_36SYB_20241115_0_L2A,2024-11-15 08:30:55.919000+00:00,2024-11-15,2024,11,15,2,0.051961,True,True,True
S2B_36SYA_20241115_0_L2A,2024-11-15 08:31:10.537000+00:00,2024-11-15,2024,11,15,2,0.003958,True,True,True
S2A_37SBS_20241120_0_L2A,2024-11-20 08:30:56.366000+00:00,2024-11-20,2024,11,20,2,31.408399,True,True,True
S2A_36SYB_20241120_0_L2A,2024-11-20 08:30:58.888000+00:00,2024-11-20,2024,11,20,2,27.369964,True,True,True
S2A_36SYA_20241120_0_L2A,2024-11-20 08:31:13.503000+00:00,2024-11-20,2024,11,20,2,17.808919,True,True,True
S2C_37SBS_20241120_1_L2A,2024-11-20 08:31:23.925000+00:00,2024-11-20,2024,11,20,2,31.503463,True,True,True
S2C_36SYB_20241120_1_L2A,2024-11-20 08:31:26.459000+00:00,2024-11-20,2024,11,20,2,27.394646,True,True,True
S2C_36SYA_20241120_1_L2A,2024-11-20 08:31:41.072000+00:00,2024-11-20,2024,11,20,2,17.826669,True,True,True
S2B_37SBS_20241125_0_L2A,2024-11-25 08:30:58.267000+00:00,2024-11-25,2024,11,25,3,20.741369,True,True,True
S2B_36SYB_20241125_0_L2A,2024-11-25 08:31:00.804000+00:00,2024-11-25,2024,11,25,3,28.6787,True,True,True
S2B_36SYA_20241125_0_L2A,2024-11-25 08:31:15.429000+00:00,2024-11-25,2024,11,25,3,68.353671,True,True,True
S2A_37SBS_20241130_0_L2A,2024-11-30 08:30:56.222000+00:00,2024-11-30,2024,11,30,3,2.033052,True,True,True
S2A_36SYB_20241130_0_L2A,2024-11-30 08:30:58.737000+00:00,2024-11-30,2024,11,30,3,2.520692,True,True,True
S2A_36SYA_20241130_0_L2A,2024-11-30 08:31:13.345000+00:00,2024-11-30,2024,11,30,3,0.321635,True,True,True
S2C_37SBS_20241130_1_L2A,2024-11-30 08:31:23.652000+00:00,2024-11-30,2024,11,30,3,2.062546,True,True,True
S2C_36SYB_20241130_1_L2A,2024-11-30 08:31:26.179000+00:00,2024-11-30,2024,11,30,3,2.601169,True,True,True
S2C_36SYA_20241130_1_L2A,2024-11-30 08:31:40.795000+00:00,2024-11-30,2024,11,30,3,0.341455,True,True,True
S2B_37SBS_20241205_0_L2A,2024-12-05 08:30:56.908000+00:00,2024-12-05,2024,12,5,1,1.379049,True,True,True
S2B_36SYB_20241205_0_L2A,2024-12-05 08:30:59.429000+00:00,2024-12-05,2024,12,5,1,2.726129,True,True,True
S2B_36SYA_20241205_0_L2A,2024-12-05 08:31:14.051000+00:00,2024-12-05,2024,12,5,1,3.220172,True,True,True
S2A_37SBS_20241210_0_L2A,2024-12-10 08:30:57.996000+00:00,2024-12-10,2024,12,10,1,82.080638,True,True,True
S2A_36SYB_20241210_0_L2A,2024-12-10 08:31:00.529000+00:00,2024-12-10,2024,12,10,1,90.442526,True,True,True
S2A_36SYA_20241210_0_L2A,2024-12-10 08:31:15.162000+00:00,2024-12-10,2024,12,10,1,97.774208,True,True,True
S2C_37SBS_20241210_1_L2A,2024-12-10 08:31:25.331000+00:00,2024-12-10,2024,12,10,1,83.978772,True,True,True
S2C_36SYB_20241210_1_L2A,2024-12-10 08:31:27.870000+00:00,2024-12-10,2024,12,10,1,91.837925,True,True,True
S2C_36SYA_20241210_1_L2A,2024-12-10 08:31:42.487000+00:00,2024-12-10,2024,12,10,1,98.126471,True,True,True
S2B_37SBS_20241215_0_L2A,2024-12-15 08:30:58.173000+00:00,2024-12-15,2024,12,15,2,0.904597,True,True,True
S2B_36SYB_20241215_0_L2A,2024-12-15 08:31:00.694000+00:00,2024-12-15,2024,12,15,2,0.802857,True,True,True
S2B_36SYA_20241215_0_L2A,2024-12-15 08:31:15.308000+00:00,2024-12-15,2024,12,15,2,0.628983,True,True,True
S2A_37SBS_20241220_0_L2A,2024-12-20 08:30:56.426000+00:00,2024-12-20,2024,12,20,2,35.777953,True,True,True
S2A_36SYB_20241220_0_L2A,2024-12-20 08:30:58.944000+00:00,2024-12-20,2024,12,20,2,50.140989,True,True,True
S2A_36SYA_20241220_0_L2A,2024-12-20 08:31:13.558000+00:00,2024-12-20,2024,12,20,2,98.64648,True,True,True
S2B_37SBS_20241225_0_L2A,2024-12-25 08:30:58.647000+00:00,2024-12-25,2024,12,25,3,0.001783,True,True,True
S2B_36SYB_20241225_0_L2A,2024-12-25 08:31:01.173000+00:00,2024-12-25,2024,12,25,3,0.007694,True,True,True
S2B_36SYA_20241225_0_L2A,2024-12-25 08:31:15.793000+00:00,2024-12-25,2024,12,25,3,0.005255,True,True,True
S2A_37SBS_20241230_0_L2A,2024-12-30 08:30:57.752000+00:00,2024-12-30,2024,12,30,3,69.28708,True,True,True
S2A_36SYB_20241230_0_L2A,2024-12-30 08:31:00.280000+00:00,2024-12-30,2024,12,30,3,78.86287,True,True,True
S2A_36SYA_20241230_0_L2A,2024-12-30 08:31:14.894000+00:00,2024-12-30,2024,12,30,3,85.057992,True,True,True
