date,year,month,dekad,days,precipitation_mean_mm,precipitation_median_mm,precipitation_min_mm,precipitation_max_mm,chirps_valid_pixels,soil_moisture_0_7cm_mean,soil_moisture_7_28cm_mean,soil_moisture_28_100cm_mean,temperature_2m_mean_c,observations,source_lat,source_lon,agricultural_aeti_weighted_mm,aeti_crop50_mm,aeti_crop90_mm,mixed_agricultural_pixels,crop_equivalent_pixel_weight,ret_mean_mm_dekad,ret_median_mm_dekad,ret_min_mm_dekad,ret_max_mm_dekad,ndvi_weighted,ndvi_mean,ndvi_median,ndvi_min,ndvi_max,ndvi_std,acquisition_count,mean_coverage_fraction,max_coverage_fraction,min_coverage_fraction,mean_agricultural_pixels,total_quality_weight,quality_tier_A_count,quality_tier_B_count,quality_tier_C_count,quality_tier_D_count,quality_tier_E_count,has_ndvi_observation,time_index
2018-01-01,2018,1,1,10,156.55354322286752,128.01723861694336,34.22671890258789,360.2382202148437,260,0.4344958333333333,0.4002916666666666,0.2855625,13.523333333333332,240,32.700005,35.600006,4.616992538736199,4.731546843454231,5.065416422322486,286449,145327.48175272386,10.4,10.5,9.0,12.000000000000002,,,,,,,,,,,,,,,,,,False,0
2018-01-11,2018,1,2,10,43.42971760676458,39.58483695983887,17.959190368652344,90.23445892333984,260,0.4464083333333333,0.4344,0.3021958333333333,13.824583333333331,240,32.700005,35.600006,6.981605092233993,7.16214436060081,7.632562203047022,286449,145327.48175272386,13.3,13.5,11.0,15.0,,,,,,,,,,,,,,,,,,False,1
2018-01-21,2018,1,3,11,38.81408626666436,28.74560642242432,5.9553961753845215,117.92272186279295,260,0.4659431818181818,0.4611666666666666,0.3541969696969697,12.381060606060606,264,32.700005,35.600006,6.39358158466483,6.561600238332723,7.009210465563769,286449,145327.48175272386,12.43,12.650000000000002,9.9,14.3,,,,,,,,,,,,,,,,,,False,2
2018-02-01,2018,2,1,10,31.972514897126416,29.74373817443848,15.92470645904541,59.1299057006836,260,0.4149458333333333,0.4231666666666667,0.3777708333333333,15.986666666666668,240,32.700005,35.600006,14.346429398681998,14.649543951087502,15.18600476321553,286449,145327.48175272386,21.0,21.0,19.0,23.000000000000004,,,,,,,,,,,,,,,,,,False,3
2018-02-11,2018,2,2,10,91.22251154092642,84.77140426635742,52.15812683105469,171.82095336914062,260,0.4486,0.4509916666666667,0.3939875,15.32125,240,32.700005,35.600006,12.108389829132,12.425220865132662,13.17482676496284,286449,145327.48175272386,15.8,16.0,14.000000000000002,17.0,,,,,,,,,,,,,,,,,,False,4
2018-02-21,2018,2,3,8,41.34983215332032,40.03216171264648,11.192634582519531,84.78270721435547,260,0.4626614583333333,0.459859375,0.4290729166666667,15.5625,192,32.700005,35.600006,11.04031715759985,11.30808857560062,11.930164994894392,286449,145327.48175272386,16.56,16.4,14.4,18.4,,,,,,,,,,,,,,,,,,False,5
2018-03-01,2018,3,1,10,7.570098075041404,7.356813907623291,1.634549617767334,16.548364639282227,260,0.4194583333333333,0.4335583333333333,0.4254125,17.917916666666667,240,32.700005,35.600006,21.44613004392621,21.93824367473761,22.935181971588257,286449,145327.48175272386,28.8,28.500000000000004,27.0,32.0,0.6131889594835415,0.6131889594835415,0.6131889594835415,0.6131889594835415,0.6131889594835415,0.0,1.0,0.9863516035875282,0.9863516035875282,0.9863516035875282,282610.0,144190.0788660685,1.0,0.0,0.0,0.0,0.0,True,6
2018-03-11,2018,3,2,10,4.570217144575256,4.275130271911621,0.0,16.1141357421875,260,0.3761083333333334,0.3958583333333333,0.4143333333333333,17.64375,240,32.700005,35.600006,21.146125142443047,21.66517275447816,22.80975860789641,286449,145327.48175272386,30.9,30.5,29.000000000000004,34.0,0.6019691564714229,0.6019691564714229,0.6019691564714229,0.6019691564714229,0.6019691564714229,0.0,1.0,0.793097882231405,0.793097882231405,0.793097882231405,232968.0,118923.84077023598,1.0,0.0,0.0,0.0,0.0,True,7
2018-03-21,2018,3,3,11,21.84240414546086,19.525364875793457,8.985595703125,51.32196044921875,260,0.3459545454545454,0.3654772727272727,0.4011780303030303,19.77083333333333,264,32.700005,35.600006,26.803109419147173,27.473381586994275,28.96158066440559,286449,145327.48175272386,37.40000000000001,37.400000000000006,35.2,39.6,0.5522058672418652,0.5522058672418652,0.5522058672418652,0.5522058672418652,0.5522058672418652,0.0,1.0,0.9743584475957926,0.9743584475957926,0.9743584475957926,280638.0,143730.94711141885,1.0,0.0,0.0,0.0,0.0,True,8
2018-04-01,2018,4,1,10,3.13406387278452,0.9788344502449036,0.0,18.51651382446289,260,0.3478916666666666,0.3532625,0.3895583333333333,19.7325,240,32.700005,35.600006,23.140201271031955,23.68861953922593,24.917756740907404,286449,145327.48175272386,38.8,38.5,37.0,40.0,0.5286303396453055,0.5321925152371161,0.5321925152371161,0.5183218430232538,0.5460631874509783,0.0138706722138622,2.0,0.7633776589500376,0.9870955813298272,0.5396597365702479,224615.5,230160.07800078063,2.0,0.0,0.0,0.0,0.0,True,9
2018-04-11,2018,4,2,10,0.1316902715211304,0.0,0.0,6.121665000915527,260,0.3315041666666666,0.3382375,0.3791624999999999,21.46291666666667,240,32.700005,35.600006,23.156653826721627,23.6391056572975,24.66558157904185,286449,145327.48175272386,44.3,44.0,42.0,47.0,0.4255576920426661,0.4152583145200537,0.4152583145200537,0.4001284091785533,0.430388219861554,0.0151299053415003,2.0,0.6016197290571,0.9873318346168296,0.2159076234973704,170219.0,172051.58611099998,1.0,0.0,1.0,0.0,0.0,True,10
2018-04-21,2018,4,3,10,43.54872403328236,35.70813751220703,7.130642890930176,100.69725036621094,260,0.3766625,0.3691,0.3699791666666667,20.81,240,32.700005,35.600006,16.63025744054426,16.95361474247913,17.602654475388057,286449,145327.48175272386,42.0,42.0,39.0,45.0,0.2946930590701825,0.3140797708107469,0.3140797708107469,0.2777311372966006,0.3504284043248933,0.0363486335141463,2.0,0.3924284490045078,0.6058517444590533,0.1790051535499624,118544.5,125028.37709577626,1.0,0.0,1.0,0.0,0.0,True,11
2018-05-01,2018,5,1,10,15.386531490546009,14.199336051940918,6.705661773681641,36.995792388916016,260,0.4020541666666666,0.39925,0.3660416666666666,24.02375,240,32.700005,35.600006,19.471430275668578,19.76739357665488,20.264645690965448,286449,145327.48175272386,49.0,48.5,46.00000000000001,51.00000000000001,0.2589927080527092,0.3203392415898657,0.3203392415898657,0.2583566147386436,0.3823218684410878,0.0619826268512221,2.0,0.4513648396412471,0.9004918764087152,0.0022378028737791,132339.0,136649.0764185536,1.0,0.0,0.0,0.0,1.0,True,12
2018-05-11,2018,5,2,10,0.0142681578030953,0.0,0.0,2.485103130340576,260,0.4032291666666667,0.4011375,0.3639458333333333,25.017916666666668,240,32.700005,35.600006,17.491384489773445,17.651985280430704,17.849216702370835,286449,145327.48175272386,57.9,58.00000000000001,56.00000000000001,61.00000000000001,0.2822667182329257,0.2822662703786389,0.2822662703786389,0.2806502055341485,0.2838823352231293,0.0016160648444903,2.0,0.9884265237603306,0.9893715369083396,0.9874815106123216,283929.5,289531.206301423,2.0,0.0,0.0,0.0,0.0,True,13
2018-05-21,2018,5,3,11,7.011683032145867,6.169651031494141,3.501129627227783,22.438995361328125,260,0.3246060606060606,0.359590909090909,0.3576515151515151,26.90378787878788,264,32.700005,35.600006,17.460505231829423,17.539659777373835,17.594233861837765,286449,145327.48175272386,63.14000000000001,62.70000000000001,57.2,69.30000000000001,0.2392553395859102,0.2364514514851267,0.2281361922452629,0.2242143875264583,0.2570037746836591,0.0146206162593739,3.0,0.8247118003380917,0.9869150896882044,0.5195796745867769,233190.0,352279.1210508649,3.0,0.0,0.0,0.0,0.0,True,14
2018-06-01,2018,6,1,10,0.0466954959440045,0.0,0.0,1.849450945854187,260,0.3027625,0.3343708333333334,0.3507708333333333,26.21916666666667,240,32.700005,35.600006,14.733012959941048,14.753246753246753,14.776368227676915,286449,145327.48175272386,59.6,60.0,54.0,64.0,0.2334402629892219,0.2335525367740439,0.2335525367740439,0.2301074889894159,0.2369975845586719,0.0034450477846279,2.0,0.9683427932475582,0.999919292355372,0.9367662941397444,277687.0,281481.304339298,2.0,0.0,0.0,0.0,0.0,True,15
2018-06-11,2018,6,2,10,0.0157220478527821,0.0,0.0,0.6292335987091064,260,0.2823374999999999,0.31705,0.343825,26.91625,240,32.700005,35.600006,14.789297404796146,14.78523461103395,14.777876180331988,286449,145327.48175272386,62.3,62.00000000000001,57.0,68.0,0.2327497537881235,0.2326871759257601,0.2326871759257601,0.2270872300964315,0.2382871217550887,0.0055999458293286,2.0,0.9907303601615326,0.9993822196656648,0.9820785006574004,283463.0,287440.2702488331,2.0,0.0,0.0,0.0,0.0,True,16
2018-06-21,2018,6,3,10,0.0006901430181012,0.0,0.0,0.1728138923645019,260,0.2577041666666667,0.3039249999999999,0.3369375,26.94708333333333,240,32.700005,35.600006,15.47139147794987,15.45718008562551,15.438287635985017,286449,145327.48175272386,64.6,65.0,58.00000000000001,68.0,0.2148311867861628,0.2129452425225747,0.2129452425225747,0.2051465421842977,0.2207439428608518,0.007798700338277,2.0,0.7752879061795643,0.970499154770849,0.5800766575882795,224756.0,229631.11546538267,2.0,0.0,0.0,0.0,0.0,True,17
2018-07-01,2018,7,1,10,0.0294009815890324,0.0140439979732036,0.0,0.1388044506311416,260,0.2484375,0.2938791666666666,0.3303,28.2925,240,32.700005,35.600006,16.19695684778496,16.16202265209983,16.061407183120505,286449,145327.48175272386,66.6,67.0,61.00000000000001,70.0,0.2115012984999156,0.2115033914039079,0.2115033914039079,0.2105744101238521,0.2124323726839637,0.0009289812800557,2.0,0.9918866805972952,0.998118778174305,0.9856545830202856,284759.0,289835.124558509,2.0,0.0,0.0,0.0,0.0,True,18
2018-07-11,2018,7,2,10,0.0304138805990358,0.0135215800255537,0.0,0.1331557929515838,260,0.2465833333333333,0.2866666666666667,0.3244041666666666,28.692083333333336,240,32.700005,35.600006,14.63680196807222,14.58777330717794,14.432997833814044,286449,145327.48175272386,65.1,65.5,60.0,69.0,0.1895599405167432,0.1896949228624492,0.1896949228624492,0.1877241946743414,0.191665651050557,0.0019707281881077,2.0,0.9152386304939896,0.9741016505447032,0.8563756104432757,261164.5,264343.72325804626,2.0,0.0,0.0,0.0,0.0,True,19
2018-07-21,2018,7,3,11,0.0336024922037792,0.0104688624851405,0.0,0.1537939608097076,260,0.2490681818181818,0.2814621212121212,0.3190265151515151,29.16212121212121,264,32.700005,35.600006,15.102963285230402,15.025098416272844,14.75312777672486,286449,145327.48175272386,70.72999999999999,69.85000000000001,66.0,74.80000000000001,0.1833576401418446,0.181174273619239,0.181174273619239,0.1709928192726201,0.1913557279658579,0.0101814543466188,2.0,0.8648301030709993,0.9999926629413974,0.729667543200601,240973.0,239326.48795488867,2.0,0.0,0.0,0.0,0.0,True,20
2018-08-01,2018,8,1,10,0.0225344585478664,0.0,0.0,0.1582902669906616,260,0.2580083333333333,0.2778333333333334,0.3144166666666666,28.91583333333333,240,32.700005,35.600006,12.456570293217682,12.375742779822165,12.05736204028388,286449,145327.48175272386,61.0,61.00000000000001,56.00000000000001,64.0,0.1738318561115732,0.1733198365382832,0.1733198365382832,0.1705674414851008,0.1760722315914656,0.0027523950531823,2.0,0.852134056865139,0.9726298365890308,0.7316382771412472,239262.5,237939.6621365642,2.0,0.0,0.0,0.0,0.0,True,21
2018-08-11,2018,8,2,10,0.0252387628812217,0.0010329181095585,0.0,0.1759597063064575,260,0.2544041666666666,0.2751041666666667,0.3104416666666666,28.57208333333333,240,32.700005,35.600006,12.39254654738911,12.297398301808444,11.8805725432938,286449,145327.48175272386,59.3,59.5,54.0,62.0,0.1700737633154339,0.1694721037954158,0.1694721037954158,0.1631855694513168,0.1757586381395149,0.006286534344099,2.0,0.8587205343726521,0.9255068440082644,0.7919342247370398,245126.0,245391.1634331429,2.0,0.0,0.0,0.0,0.0,True,22
2018-08-21,2018,8,3,11,0.046497019007802,0.0229762289673089,0.0,0.4047847986221313,260,0.2490871212121212,0.2729015151515152,0.3066022727272727,28.70151515151515,264,32.700005,35.600006,13.577772897801074,13.477555489036218,12.980215865116737,286449,145327.48175272386,61.05,61.60000000000001,56.10000000000001,63.80000000000001,0.1744665079762314,0.1744664978831772,0.1744664978831772,0.1720262693236905,0.176906726442664,0.0024402285594867,2.0,0.999845188063486,0.999991195529677,0.9996991805972952,286442.0,290653.7613294659,2.0,0.0,0.0,0.0,0.0,True,23
2018-09-01,2018,9,1,10,0.0176543123433545,0.0,0.0,0.9591473937034608,260,0.2469583333333333,0.2712041666666666,0.3031708333333333,28.30333333333333,240,32.700005,35.600006,11.877868488659193,11.777080141468234,11.281640078030566,286449,145327.48175272386,52.2,52.5,49.0,55.0,0.1687776793587379,0.1651355534349419,0.1651355534349419,0.156024329562821,0.1742467773070629,0.0091112238721209,2.0,0.7187646741172051,0.9999457057663412,0.4375836424680691,205145.5,207648.6234600721,1.0,1.0,0.0,0.0,0.0,True,24
2018-09-11,2018,9,2,10,0.0961271203714064,0.0517950691282749,0.0,1.5296616554260254,260,0.2457124999999999,0.26985,0.3006166666666666,27.885,240,32.700005,35.600006,11.628533238691258,11.53383496327267,11.035173594073507,286449,145327.48175272386,48.0,48.00000000000001,45.0,50.0,0.1590043034427906,0.1542409334623926,0.1542409334623926,0.1364889260581465,0.1719929408666387,0.017752007404246,2.0,0.7700220992205109,0.9771245186889556,0.5629196797520661,223394.5,227373.3904938336,2.0,0.0,0.0,0.0,0.0,True,25
2018-09-21,2018,9,3,10,2.691782042842645,2.658977031707764,0.460812509059906,4.738216400146484,260,0.2460416666666666,0.2689333333333333,0.2981041666666666,27.77,240,32.700005,35.600006,10.675001074890297,10.569216340440155,10.061203729190852,286449,145327.48175272386,44.8,44.5,42.0,47.0,0.1803376571365721,0.1803261365422757,0.1803261365422757,0.1754678005200242,0.1851844725645272,0.0048583360222514,2.0,0.9940459769440272,0.9999897281179564,0.9881022257700977,285125.0,289967.3625803174,2.0,0.0,0.0,0.0,0.0,True,26
2018-10-01,2018,10,1,10,6.39513093324808,5.921184539794922,2.008255958557129,14.99204444885254,260,0.2452333333333333,0.268,0.2960833333333333,27.18125,240,32.700005,35.600006,9.52331854221186,9.429695442374603,8.939239082303098,286449,145327.48175272386,36.1,36.0,34.0,39.0,0.1608447965886943,0.158607860499921,0.158607860499921,0.1556501077192005,0.1615656132806416,0.0029577527807205,2.0,0.6472709076821938,0.9999794562359128,0.2945623591284748,171385.0,165491.34166770047,1.0,1.0,0.0,0.0,0.0,True,27
2018-10-11,2018,10,2,10,5.280752498871432,4.317591428756714,0.0,15.405597686767578,260,0.2513458333333333,0.2677375,0.29445,25.145,240,32.700005,35.600006,8.081971541279753,8.022272655679492,7.637852005217995,286449,145327.48175272386,30.6,31.0,27.0,33.0,0.168851406090564,0.1381570130419345,0.1381570130419345,0.1041385666961405,0.1721754593877286,0.034018446345794,2.0,0.542428742486852,0.96780205202855,0.117055432945154,150670.5,150229.6505433073,1.0,0.0,1.0,0.0,0.0,True,28
2018-10-21,2018,10,3,11,17.04768476669605,16.446626663208008,7.353148460388184,28.117130279541016,260,0.3370795454545455,0.323560606060606,0.2935416666666666,22.509848484848487,264,32.700005,35.600006,9.719705621510077,9.657056203916255,9.145374988103445,286449,145327.48175272386,39.16,39.6,36.3,41.8,0.2003759808696346,0.1887883266089112,0.1887883266089112,0.1607497752820575,0.2168268779357649,0.0280385513268537,2.0,0.7175393853305785,0.984702232813674,0.4503765378474831,204654.0,204754.84561450893,1.0,1.0,0.0,0.0,0.0,True,29
2018-11-01,2018,11,1,10,3.226114342075128,2.721609354019165,0.7670024037361145,9.913190841674805,260,0.352,0.3552083333333333,0.294,19.81583333333333,240,32.700005,35.600006,7.505103032293929,7.487370953192342,7.210311523869933,286449,145327.48175272386,27.0,27.0,25.0,29.000000000000004,0.1984427711400348,0.198364697665086,0.198364697665086,0.1927124795429377,0.2040169157872344,0.0056522181221483,2.0,0.9809331858095416,0.997633064894816,0.9642333067242674,281867.0,286548.78260524163,2.0,0.0,0.0,0.0,0.0,True,30
2018-11-11,2018,11,2,10,28.098725172189567,26.48370933532715,13.56101894378662,48.012977600097656,260,0.3728333333333333,0.3493958333333333,0.294,18.67625,240,32.700005,35.600006,6.814938375715292,6.837712452927447,6.727144344579149,286449,145327.48175272386,20.3,20.0,18.0,23.000000000000004,0.2151472927927257,0.2102868733017782,0.2102868733017782,0.186248426557175,0.2343253200463815,0.0240384467446032,2.0,0.8172331365045079,0.9810131597483096,0.6534531132607062,235076.5,237358.51352472877,2.0,0.0,0.0,0.0,0.0,True,31
2018-11-21,2018,11,3,10,45.39811451985286,43.69577598571777,17.452301025390625,81.52029418945312,260,0.3638166666666667,0.3465583333333333,0.2948208333333333,17.962083333333332,240,32.700005,35.600006,6.537064923651736,6.5814659430976965,6.5428270521919165,286449,145327.48175272386,16.1,16.0,15.0,18.0,0.2291534053745215,0.2346390355785793,0.2346390355785793,0.228818341155543,0.2404597300016157,0.0058206944230363,2.0,0.217738953324568,0.3796722389181067,0.0558056677310293,50974.5,43748.47299630348,0.0,1.0,0.0,1.0,0.0,True,32
2018-12-01,2018,12,1,10,71.7023486504188,71.88274383544922,38.6488037109375,112.47801208496094,260,0.396825,0.3702333333333333,0.2957916666666666,15.730833333333331,240,32.700005,35.600006,5.520517036854961,5.583892953793725,5.62486685735486,286449,145327.48175272386,12.8,13.5,10.0,15.0,0.2853844489301519,0.2780751679888357,0.2780751679888357,0.242021800052222,0.3141285359254493,0.0360533679366136,2.0,0.0283503944402704,0.0391813603493613,0.0175194285311795,6050.5,5603.235834517545,0.0,0.0,0.0,0.0,2.0,True,33
2018-12-11,2018,12,2,10,16.64974668942965,14.915044784545898,9.072696685791016,37.05033874511719,260,0.4358916666666667,0.4217791666666666,0.3054125,14.793333333333331,240,32.700005,35.600006,6.470858963053042,6.570483540715073,6.69270079107675,286449,145327.48175272386,12.4,12.5,9.0,14.000000000000002,0.331737413284659,0.3271835402667715,0.3271835402667715,0.3186407853025375,0.3357262952310055,0.008542754964234,2.0,0.5712061537377912,0.8728252958302029,0.2695870116453794,159438.0,160431.34216873822,1.0,1.0,0.0,0.0,0.0,True,34
2018-12-21,2018,12,3,11,41.217324253229,36.43638038635254,12.949728965759276,88.29808807373047,260,0.463560606060606,0.4558787878787879,0.3294583333333333,13.64507575757576,264,32.700005,35.600006,4.596506225455502,4.669806264800358,4.780287701570524,286449,145327.48175272386,10.23,10.45,7.700000000000001,11.0,0.4061136404342903,0.276295745881795,0.276295745881795,0.1321505660848003,0.4204409256787899,0.1441451797969948,2.0,0.4217796182381667,0.7911110067618332,0.0524482297145003,118448.0,114285.68679178884,1.0,0.0,0.0,1.0,0.0,True,35
2019-01-01,2019,1,1,10,45.344569595043474,35.827392578125,15.117494583129885,146.8934783935547,260,0.4586291666666666,0.4558083333333333,0.3607541666666666,12.27,240,32.700005,35.600006,6.6295955131943805,6.77300648634717,7.050037698816377,286449,145327.48175272386,12.2,12.5,8.0,15.0,0.4994060108710074,0.4531433106082212,0.4531433106082212,0.3865016930817667,0.5197849281346757,0.0666416175264545,2.0,0.5853989598985725,0.9328365655522164,0.2379613542449286,165403.5,166120.33748971872,1.0,0.0,1.0,0.0,0.0,True,36
2019-01-11,2019,1,2,10,80.81909098991981,55.79268455505371,17.286846160888672,243.7046813964844,260,0.4553833333333333,0.4537125,0.3897833333333333,11.435416666666669,240,32.700005,35.600006,7.518411922028166,7.693308896175489,8.04319207247747,286449,145327.48175272386,13.6,14.000000000000002,11.0,16.0,0.496649545631829,0.4912195109109391,0.4912195109109391,0.4618793627034258,0.5205596591184525,0.0293401482075133,2.0,0.504110220229151,0.5196515777610818,0.4885688626972201,141335.0,140196.5074012746,1.0,1.0,0.0,0.0,0.0,True,37
2019-01-21,2019,1,3,11,19.365600138444165,18.448192596435547,7.410940170288086,39.12358474731445,260,0.4276628787878787,0.4304583333333333,0.3975378787878788,13.831060606060609,264,32.700005,35.600006,11.287536413236095,11.532312171792114,11.958308702543436,286449,145327.48175272386,17.710000000000004,17.6,15.400000000000002,19.8,0.5449933999228592,0.5444928115225716,0.537849025154334,0.5350950104221148,0.560534398991266,0.0113987000917692,3.0,0.9021187468695216,0.9898249671299776,0.7646755846168295,260561.3333333333,397759.12325668783,3.0,0.0,0.0,0.0,0.0,True,38
2019-02-01,2019,2,1,10,66.72129331735464,62.99495124816895,45.18529510498047,114.89016723632812,260,0.4276458333333333,0.4222583333333333,0.3946458333333333,14.217916666666667,240,32.700005,35.600006,12.211048140276729,12.522852560890048,13.170506360927272,286449,145327.48175272386,17.8,18.0,14.000000000000002,20.0,0.6002610331953342,0.5977220854961454,0.5977220854961454,0.5949734901817939,0.6004706808104969,0.0027485953143515,2.0,0.5207015108471075,0.9940173624154772,0.0473856592787377,148524.5,150768.04431386836,1.0,0.0,0.0,0.0,1.0,True,39
2019-02-11,2019,2,2,10,45.86738928648142,38.5675048828125,5.335460662841797,116.23001861572266,260,0.4682416666666666,0.4635499999999999,0.4056708333333333,12.315416666666666,240,32.700005,35.600006,9.765755953432151,10.005211987571414,10.509903419222804,286449,145327.48175272386,16.2,16.5,14.000000000000002,18.0,0.51029539905975,0.5099300604071593,0.5099300604071593,0.5074817623316491,0.5123783584826693,0.0024482980755101,2.0,0.3734269346356123,0.4376115232907588,0.3092423459804658,98589.5,94650.16736262797,0.0,2.0,0.0,0.0,0.0,True,40
2019-02-21,2019,2,3,8,19.13278010258308,17.261415481567383,7.283939838409424,49.50502014160156,260,0.4439114583333333,0.4509583333333333,0.4189583333333333,13.702083333333334,192,32.700005,35.600006,10.666507332692154,10.925723437492165,11.43983625907126,286449,145327.48175272386,15.84,15.6,13.6,17.6,0.6092965439523028,0.6092965439523028,0.6092965439523028,0.6092965439523028,0.6092965439523028,0.0,1.0,0.8828667942336589,0.8828667942336589,0.8828667942336589,258879.0,130912.19764938162,1.0,0.0,0.0,0.0,0.0,True,41
2019-03-01,2019,3,1,10,23.680043919269856,21.579176902771,6.013272285461426,57.672584533691406,260,0.4541416666666666,0.45825,0.4607583333333334,13.571666666666664,240,32.700005,35.600006,13.75748044890447,14.08108649894758,14.73638354656103,286449,145327.48175272386,20.8,21.0,18.0,22.0,0.5946899544009059,0.5937015041984461,0.5937015041984461,0.5916901681002797,0.5957128402966125,0.0020113360981663,2.0,0.2925153197783621,0.4475972600488355,0.1374333795078888,77447.5,71313.83990507115,0.0,1.0,1.0,0.0,0.0,True,42
2019-03-11,2019,3,2,10,25.207413086753625,26.338196754455566,0.0,64.25239562988281,260,0.44725,0.449975,0.4492875,15.465833333333334,240,32.700005,35.600006,17.914604029207872,18.308237517719327,19.050109506085665,286449,145327.48175272386,24.3,24.5,21.0,27.0,0.641527580089498,0.6416740051866467,0.6416740051866467,0.6382522394991947,0.6450957708740986,0.0034217656874519,2.0,0.4671923424586777,0.5055600230090158,0.4288246619083396,142737.5,151113.29129056155,1.0,1.0,0.0,0.0,0.0,True,43
2019-03-21,2019,3,3,11,72.01494723099928,72.68210983276367,42.13658905029297,98.42658996582033,260,0.4493598484848485,0.4485,0.4447840909090909,15.817803030303027,264,32.700005,35.600006,18.501278138690537,18.92505121240894,19.82099767015857,286449,145327.48175272386,26.51,26.950000000000003,23.1,28.6,0.6137225326836563,0.5967020094330577,0.5967020094330577,0.5613518098063126,0.6320522090598027,0.035350199626745,2.0,0.5983928906836964,0.9012446586213372,0.2955411227460556,176236.0,180984.3118612921,1.0,1.0,0.0,0.0,0.0,True,44
2019-04-01,2019,4,1,10,13.825041111157493,12.45613956451416,1.331548094749451,35.22727966308594,260,0.4509999999999999,0.4618874999999999,0.4584166666666667,17.34375,240,32.700005,35.600006,22.420555560306735,22.87943699079311,23.75404813480618,286449,145327.48175272386,32.3,32.0,29.000000000000004,35.0,0.4765663636578472,0.4758614720346187,0.4758614720346187,0.4686299042079918,0.4830930398612457,0.0072315678266269,2.0,0.0238432393407212,0.0360000117392937,0.0116864669421487,3726.5,3144.905480866269,0.0,0.0,0.0,0.0,2.0,True,45
2019-04-11,2019,4,2,10,13.430884159528292,11.728391647338867,4.036136627197266,36.70393371582031,260,0.4135166666666666,0.4169708333333333,0.4420291666666667,17.401666666666664,240,32.700005,35.600006,21.77147441324585,22.228067412190896,23.070646385102386,286449,145327.48175272386,34.8,35.0,30.0,38.0,0.5875582580895439,0.5450211905783181,0.5450211905783181,0.4804867598884733,0.609555621268163,0.0645344306898448,2.0,0.4895388218444778,0.8402663645755072,0.1388112791134485,147298.5,153884.4776389933,1.0,0.0,1.0,0.0,0.0,True,46
2019-04-21,2019,4,3,10,3.1221837805727355,2.9258570671081543,0.0,15.22089672088623,260,0.4238208333333333,0.4327666666666667,0.432,19.97416666666667,240,32.700005,35.600006,25.788988550168195,26.25254513953521,27.04641143171727,286449,145327.48175272386,42.3,43.0,38.0,46.00000000000001,0.5238088931455486,0.5275494540065842,0.5275494540065842,0.5032857681889181,0.5518131398242503,0.024263685817666,2.0,0.6789332503756573,0.8653385612321562,0.4925279395191585,198990.5,204679.68993184905,1.0,1.0,0.0,0.0,0.0,True,47
2019-05-01,2019,5,1,10,8.773426156777601,8.199893474578857,3.45840072631836,17.998281478881836,260,0.3532791666666667,0.3866875,0.418025,21.77875,240,32.700005,35.600006,24.59427694665988,25.004739472214663,25.655289203777063,286449,145327.48175272386,48.0,48.00000000000001,44.0,51.00000000000001,0.4435778616155974,0.4474286985853187,0.4474286985853187,0.4155360336370512,0.4793213635335862,0.0318926649482674,2.0,0.7349128063955672,0.7990453019346356,0.6707803108564989,213105.0,217972.44966078823,2.0,0.0,0.0,0.0,0.0,True,48
2019-05-11,2019,5,2,10,0.0127240237421714,0.0,0.0,2.1008543968200684,260,0.3097416666666666,0.3563291666666666,0.4036,25.63791666666667,240,32.700005,35.600006,27.635183956617208,27.99631294835264,28.52322366767596,286449,145327.48175272386,60.4,60.5,56.00000000000001,65.0,0.362046040074245,0.3615427593086459,0.3615427593086459,0.3360587553852653,0.3870267632320265,0.0254840039233806,2.0,0.9577972389181066,0.9694206071562734,0.94617387067994,274771.5,279839.7294568118,2.0,0.0,0.0,0.0,0.0,True,49
2019-05-21,2019,5,3,11,1.054135176514347,0.0,0.0,9.453498840332031,260,0.2731022727272727,0.331905303030303,0.3882310606060606,28.281439393939397,264,32.700005,35.600006,28.67624082119748,28.97383835864512,29.365775419866317,286449,145327.48175272386,71.50000000000001,70.4,67.10000000000001,79.2,0.2898769207855413,0.2897842220469941,0.2997309882736853,0.265062815244321,0.3045588626229762,0.0175914384177943,3.0,0.964668638868019,0.986526225582269,0.9451481498873028,275372.0,420045.4299772097,3.0,0.0,0.0,0.0,0.0,True,50
2019-06-01,2019,6,1,10,0.9184091206031064,0.558751255273819,0.0,5.521612167358398,260,0.2561458333333333,0.3149208333333333,0.3742124999999999,28.179166666666667,240,32.700005,35.600006,20.22760163481112,20.36566245221152,20.50502052491114,286449,145327.48175272386,63.6,63.00000000000001,59.0,70.0,0.2702476848008177,0.2495327660445211,0.2495327660445211,0.2262955206622158,0.2727700114268264,0.0232372453823052,2.0,0.5779892644158527,0.9999574450601052,0.1560210837716003,156917.5,153666.02491141853,1.0,0.0,1.0,0.0,0.0,True,51
2019-06-11,2019,6,2,10,0.00056209374452,0.0,0.0,0.1110643297433853,260,0.2527708333333333,0.3048125,0.3631458333333333,27.070833333333333,240,32.700005,35.600006,17.127114873159698,17.20902361144919,17.29336859868114,286449,145327.48175272386,61.9,62.0,56.00000000000001,66.0,0.2462253824588892,0.246068628567616,0.246068628567616,0.242972966071429,0.2491642910638031,0.003095662496187,2.0,0.8699359621525169,0.8824926042449286,0.8573793200601052,249890.5,251772.41077073768,2.0,0.0,0.0,0.0,0.0,True,52
2019-06-21,2019,6,3,10,0.0007152613682242,0.0,0.0,0.1773502975702285,260,0.2499375,0.2972041666666666,0.3538208333333333,27.742916666666662,240,32.700005,35.600006,18.78021579495348,18.856584429903062,18.98798425027227,286449,145327.48175272386,66.0,67.0,60.0,69.0,0.2485908242051862,0.2484977728658607,0.2484977728658607,0.2423015011559753,0.2546940445757461,0.0061962717098854,2.0,0.9845518231123216,0.9998796722389182,0.969223973985725,282556.5,286346.12693306466,2.0,0.0,0.0,0.0,0.0,True,53
2019-07-01,2019,7,1,10,0.0293650871778551,0.0140437702648341,0.0,0.138588398694992,260,0.2483333333333333,0.2909208333333333,0.3449291666666667,28.02541666666667,240,32.700005,35.600006,19.83108143575,19.90659230515901,20.070574577833096,286449,145327.48175272386,66.9,67.5,61.00000000000001,70.0,0.2426817259018233,0.2426817259018233,0.2426817259018233,0.2426817259018233,0.2426817259018233,0.0,1.0,0.994290300995492,0.994290300995492,0.994290300995492,286054.0,145271.14330625837,1.0,0.0,0.0,0.0,0.0,True,54
2019-07-11,2019,7,2,10,0.0303729170928888,0.0135204582475125,0.0,0.132918432354927,260,0.2474416666666666,0.2859791666666666,0.3373,28.759166666666665,240,32.700005,35.600006,19.73385523869516,19.80399203883217,19.93416470193999,286449,145327.48175272386,66.3,66.0,62.0,70.0,0.2318018689534389,0.2318604785961326,0.2318604785961326,0.2301821284778031,0.2335388287144623,0.0016783501183296,2.0,0.9424092259109692,0.9748456282870024,0.909972823534936,269200.0,273659.96149082907,2.0,0.0,0.0,0.0,0.0,True,55
2019-07-21,2019,7,3,11,0.0335756587499278,0.0104686920531094,0.0,0.1535651087760925,260,0.246685606060606,0.2818825757575757,0.3303825757575758,28.9780303030303,264,32.700005,35.600006,20.0493258071256,20.09881084565265,20.106907873943097,286449,145327.48175272386,72.82000000000001,73.7,67.10000000000001,77.0,0.2358086733047668,0.2358099121295071,0.2358099121295071,0.2353388604309236,0.2362809638280907,0.0004710516985835,2.0,0.9956080367205108,0.9988407447407964,0.9923753287002254,285173.0,289775.51854188734,2.0,0.0,0.0,0.0,0.0,True,56
2019-08-01,2019,8,1,10,0.0225313225409571,0.0,0.0,0.1582489162683487,260,0.2480791666666666,0.2785166666666667,0.3242625,28.48333333333333,240,32.700005,35.600006,16.960432301566644,16.991401652371884,16.897507090967842,286449,145327.48175272386,61.0,61.5,56.00000000000001,64.0,0.2196537731795942,0.2196623459906242,0.2196623459906242,0.2182753788476006,0.2210493131336479,0.0013869671430236,2.0,0.9936050197220136,0.9997021154207364,0.9875079240232908,284533.0,288797.87777356734,2.0,0.0,0.0,0.0,0.0,True,57
2019-08-11,2019,8,2,10,0.0252304140547774,0.0010328912176191,0.0,0.1759088337421417,260,0.2478125,0.2760625,0.3193416666666666,28.969583333333333,240,32.700005,35.600006,17.010546950796847,17.012321195893414,16.730698804408966,286449,145327.48175272386,61.9,62.5,57.0,66.0,0.2077665571614798,0.2078518933142635,0.2078518933142635,0.2038705837848926,0.2118332028436344,0.0039813095293709,2.0,0.9745051887678436,0.9998591284748308,0.9491512490608564,280160.0,284555.5049740261,2.0,0.0,0.0,0.0,0.0,True,58
2019-08-21,2019,8,3,11,0.0464145789872138,0.0229726918041706,0.0,0.4043166041374206,260,0.2468446969696969,0.2738939393939394,0.314780303030303,29.18257575757576,264,32.700005,35.600006,17.9766511095372,17.96015121772371,17.547459836453115,286449,145327.48175272386,64.46000000000001,64.9,59.400000000000006,67.10000000000001,0.1961764615012035,0.1961744382229966,0.1961744382229966,0.1906639684758237,0.2016849079701695,0.0055104697471728,2.0,0.9982772586401202,1.0,0.9965545172802404,286285.0,290548.28294355,2.0,0.0,0.0,0.0,0.0,True,59
2019-09-01,2019,9,1,10,0.0166096630754719,0.0,0.0,1.0055341720581057,260,0.2474583333333333,0.2722458333333333,0.3107625,27.765416666666667,240,32.700005,35.600006,14.454358013082112,14.42701069602944,13.978194525892505,286449,145327.48175272386,51.7,52.0,48.00000000000001,54.0,0.1942185758774637,0.1906446770362615,0.1906446770362615,0.173262451491485,0.2080269025810381,0.0173822255447765,2.0,0.8313107508452292,0.9918896154207364,0.670731886269722,238358.0,240162.2995891968,2.0,0.0,0.0,0.0,0.0,True,60
2019-09-11,2019,9,2,10,0.0803560246973155,0.0407709591090679,0.0,1.562765121459961,260,0.2482125,0.2711125,0.307825,27.670416666666664,240,32.700005,35.600006,14.102024875816614,14.070898781483123,13.577689481431836,286449,145327.48175272386,48.5,49.0,45.0,51.00000000000001,0.2010243774416017,0.2009937528671175,0.2009937528671175,0.1982402069979716,0.2037472987362634,0.0027535458691459,2.0,0.9917370046018033,0.9999897281179564,0.98348428108565,283853.0,287457.8946623885,2.0,0.0,0.0,0.0,0.0,True,61
2019-09-21,2019,9,3,10,0.5582034921130309,0.4125747829675674,0.0,2.6937413215637207,260,0.24525,0.27005,0.3050625,26.35833333333333,240,32.700005,35.600006,13.372123660080089,13.340855395982189,12.85411156456072,286449,145327.48175272386,44.1,44.0,41.00000000000001,46.00000000000001,0.2038148238571563,0.2038001449812678,0.2038001449812678,0.1982453138275085,0.2093549761350271,0.0055548311537592,2.0,0.9826904113448536,0.9999383687077386,0.9654424539819684,284761.0,289888.9197937081,2.0,0.0,0.0,0.0,0.0,True,62
2019-10-01,2019,10,1,10,0.8135472812761481,0.764212429523468,0.0,2.910223960876465,260,0.2454208333333333,0.2692083333333333,0.3026916666666667,26.035416666666663,240,32.700005,35.600006,12.124227694567974,12.089219490542533,11.638833371231614,286449,145327.48175272386,38.8,39.0,36.0,41.00000000000001,0.1961534396511821,0.1961534396511821,0.1961534396511821,0.1961534396511821,0.1961534396511821,0.0,1.0,0.970763288880541,0.970763288880541,0.970763288880541,279604.0,142155.5477927893,1.0,0.0,0.0,0.0,0.0,True,63
2019-10-11,2019,10,2,10,4.845176662390049,4.145996332168579,1.567305564880371,10.247237205505373,260,0.2545958333333333,0.269,0.3005916666666666,27.07708333333333,240,32.700005,35.600006,11.70251576028681,11.666189378427529,11.21339923644937,286449,145327.48175272386,37.1,37.5,35.0,39.0,0.2036687752111891,0.2090828677716972,0.2090828677716972,0.1972419972741411,0.2209237382692534,0.0118408704975561,2.0,0.7416452913692713,1.0,0.4832905827385425,204589.0,199456.1084111645,1.0,1.0,0.0,0.0,0.0,True,64
2019-10-21,2019,10,3,11,7.092413881191841,7.298280000686645,0.7867191433906555,17.491952896118164,260,0.2681363636363636,0.2682916666666667,0.2991666666666666,23.57651515151515,264,32.700005,35.600006,9.029570187191052,8.994873176074014,8.620104806757059,286449,145327.48175272386,30.910000000000004,30.800000000000004,29.700000000000003,33.0,0.1877202514758236,0.1820566140265988,0.1820566140265988,0.1726491390338461,0.1914640890193516,0.0094074749927527,2.0,0.4225228622746055,0.6761906578700225,0.1688550666791886,113080.0,108344.27277813717,1.0,0.0,1.0,0.0,0.0,True,65
2019-11-01,2019,11,1,10,4.916861460300592,4.658526182174683,1.969893336296081,8.711311340332031,260,0.2777041666666667,0.269,0.2977499999999999,23.367916666666662,240,32.700005,35.600006,10.08431360792234,10.057439253139364,9.652644302691575,286449,145327.48175272386,32.6,32.5,29.000000000000004,36.0,0.1877067192776911,0.185361878897964,0.185361878897964,0.1797885013897547,0.1909352564061734,0.0055733775082093,2.0,0.7548901495586026,0.9999501080015026,0.5098301911157025,207446.0,204579.89632877,2.0,0.0,0.0,0.0,0.0,True,66
2019-11-11,2019,11,2,10,15.274519100556006,13.95629072189331,7.26908540725708,33.22634506225586,260,0.2874833333333333,0.2693125,0.2966333333333333,20.173333333333336,240,32.700005,35.600006,9.403252137892483,9.399332751041682,9.087556997019998,286449,145327.48175272386,31.0,30.5,27.0,37.0,0.2254597590453079,0.2254852788571954,0.2254852788571954,0.2173196117842859,0.2336509459301049,0.0081656670729095,2.0,0.9961451094102178,0.9999442383546204,0.9923459804658152,285610.0,289747.7560173513,2.0,0.0,0.0,0.0,0.0,True,67
2019-11-21,2019,11,3,10,7.614468968373078,7.210488557815552,1.8478771448135376,17.216821670532227,260,0.2868041666666666,0.2706666666666667,0.29565,18.16958333333333,240,32.700005,35.600006,7.267470691586459,7.289637595040021,7.134435175987649,286449,145327.48175272386,21.5,21.5,19.0,25.0,0.2088024574598588,0.2110065707565343,0.2110065707565343,0.2020319179772015,0.2199812235358672,0.0089746527793328,2.0,0.7828017878944402,0.9971840369083396,0.568419538880541,227307.0,233091.2560006034,2.0,0.0,0.0,0.0,0.0,True,68
2019-12-01,2019,12,1,10,39.16509323120117,39.35152626037598,11.272005081176758,81.3818359375,260,0.3805375,0.2918833333333334,0.295,16.15125,240,32.700005,35.600006,4.063699064252183,4.085238906628102,4.039853034455521,286449,145327.48175272386,13.5,13.5,11.0,15.0,0.2268427467448104,0.2250555045480083,0.2250555045480083,0.2175456227201989,0.2325653863758177,0.0075098818278094,2.0,0.7751631761833209,0.958099525732532,0.5922268266341096,223272.0,227802.5801672123,2.0,0.0,0.0,0.0,0.0,True,69
2019-12-11,2019,12,2,10,62.8277747300955,66.45512008666992,12.90672492980957,112.56770324707033,260,0.4103374999999999,0.3816125,0.2961083333333333,14.36125,240,32.700005,35.600006,5.318981037790847,5.380331906241499,5.428318393432028,286449,145327.48175272386,15.5,15.0,14.000000000000002,17.0,0.2815648564913788,0.1918120690494626,0.1918120690494626,0.1019243391715726,0.2816997989273527,0.08988772987789,2.0,0.500215709522915,0.9999090204733284,0.0005223985725018,143292.0,145431.86149313062,1.0,0.0,0.0,0.0,1.0,True,70
2019-12-21,2019,12,3,11,94.80471908129178,87.96290969848633,23.867595672607425,194.75808715820312,260,0.4285984848484849,0.4203712121212121,0.3144734848484848,13.245454545454546,264,32.700005,35.600006,5.72472528879431,5.808536766112712,5.935197518074931,286449,145327.48175272386,14.85,15.400000000000002,11.0,17.6,0.3129434400211406,0.2872587392272717,0.2872587392272717,0.2584433095636873,0.3160741688908561,0.0288154296635844,2.0,0.5220089746900827,0.9995597764838468,0.0444581728963185,150490.0,153664.0771006937,1.0,0.0,0.0,0.0,1.0,True,71
2020-01-01,2020,1,1,10,162.28231070591852,149.8640594482422,44.207305908203125,322.6976623535156,260,0.4625041666666666,0.4542708333333333,0.3551874999999999,11.488333333333332,240,32.700005,35.600006,4.1755675611957175,4.254678617964175,4.428079035867731,286449,145327.48175272386,9.6,9.5,7.000000000000001,12.000000000000002,0.3771249045345756,0.3680008116380758,0.3680008116380758,0.3425900366313285,0.3934115866448232,0.0254107750067473,2.0,0.7025974654864764,0.9912806395567244,0.4139142914162284,207380.5,212765.7553449115,1.0,1.0,0.0,0.0,0.0,True,72
2020-01-11,2020,1,2,10,44.3474161698268,30.517457008361816,9.85576629638672,132.75975036621094,260,0.4614916666666666,0.4549041666666667,0.3867916666666666,13.068333333333332,240,32.700005,35.600006,6.004543126334429,6.125703403542433,6.401881350455378,286449,145327.48175272386,11.2,11.0,9.0,12.000000000000002,0.3723703544848929,0.3431557654086479,0.3431557654086479,0.3014486202235699,0.3848629105937259,0.041707145185078,2.0,0.4392440188298271,0.742601310105184,0.1358867275544703,135106.0,142799.1337625296,1.0,0.0,1.0,0.0,0.0,True,73
2020-01-21,2020,1,3,11,36.64722327452439,33.11624717712402,11.879961967468262,77.7059555053711,260,0.4587840909090909,0.4621325757575757,0.4293674242424242,11.434090909090909,264,32.700005,35.600006,7.099930562212365,7.261521481411412,7.634953368551428,286449,145327.48175272386,13.420000000000002,13.200000000000005,11.0,14.3,0.4699380986776286,0.4562396057269402,0.4768767957855986,0.3927655324645131,0.4990764889307088,0.0457888274314978,3.0,0.551310007356624,0.992400274699474,0.2265801089406461,167374.0,264078.1164057763,1.0,1.0,1.0,0.0,0.0,True,74
2020-02-01,2020,2,1,10,23.30747621517915,20.00017261505127,1.429163932800293,61.99028015136719,260,0.4667374999999999,0.4672416666666666,0.4402625,12.561666666666667,240,32.700005,35.600006,7.874483963441976,8.052850126720028,8.443673181181708,286449,145327.48175272386,15.3,16.0,11.0,18.0,0.5167846494150156,0.4963002138163237,0.4963002138163237,0.4708499472698302,0.5217504803628172,0.0254502665464935,2.0,0.5446826868895567,0.9523795548459804,0.1369858189331329,154354.0,154468.71737643576,1.0,0.0,1.0,0.0,0.0,True,75
2020-02-11,2020,2,2,10,20.383991800821743,16.794313430786133,5.458258152008057,55.63536834716797,260,0.458725,0.4600041666666666,0.4485083333333333,13.1175,240,32.700005,35.600006,10.830761245463574,11.079869413937772,11.577545866893258,286449,145327.48175272386,18.1,19.0,14.000000000000002,20.0,0.5133515715798171,0.4933800371077478,0.4933800371077478,0.4601188271965924,0.5266412470189031,0.0332612099111553,2.0,0.4558587880353117,0.7463256010518408,0.1653919750187828,127920.5,129200.01196840873,1.0,0.0,1.0,0.0,0.0,True,76
2020-02-21,2020,2,3,9,21.65276324565594,20.61143493652344,7.722936630249023,48.352142333984375,260,0.4602361111111111,0.4594861111111111,0.4438333333333333,14.55925925925926,216,32.700005,35.600006,10.646827749597389,10.893332579932204,11.399540507181522,286449,145327.48175272386,17.19,17.55,13.5,19.8,0.496688900199755,0.4966889001997551,0.4966889001997551,0.4966889001997551,0.4966889001997551,0.0,1.0,0.3472233635424492,0.3472233635424492,0.3472233635424492,109630.0,57818.81648031874,0.0,1.0,0.0,0.0,0.0,True,77
2020-03-01,2020,3,1,10,28.075129184356104,27.140299797058105,4.708921432495117,57.959205627441406,260,0.4561541666666667,0.4641291666666667,0.4433583333333333,15.965,240,32.700005,35.600006,18.39022251491694,18.81292687466888,19.654726713500963,286449,145327.48175272386,26.5,27.0,23.000000000000004,29.000000000000004,0.5196573850211621,0.4711930080579252,0.4711930080579252,0.413723197686993,0.5286628184288574,0.0574698103709322,2.0,0.157979344712622,0.286236265026296,0.0297224243989481,41976.5,40330.73224455257,0.0,1.0,0.0,0.0,1.0,True,78
2020-03-11,2020,3,2,10,40.44870615005493,40.884206771850586,16.848928451538086,74.00125122070312,260,0.4544458333333334,0.4614833333333333,0.4451958333333333,16.123749999999998,240,32.700005,35.600006,16.45820126570929,16.864989475794328,17.739543066409755,286449,145327.48175272386,22.4,23.000000000000004,18.0,26.0,0.6206530957618512,0.6208172697122756,0.6208172697122756,0.6172336023586064,0.6244009370659448,0.0035836673536692,2.0,0.9513765789350112,0.994677697689707,0.9080754601803156,272904.0,277276.58853811654,2.0,0.0,0.0,0.0,0.0,True,79
2020-03-21,2020,3,3,11,2.082890167631782,0.0,0.0,20.54613494873047,260,0.4428863636363636,0.4507462121212121,0.4586742424242424,16.33939393939394,264,32.700005,35.600006,24.327526507782373,24.888399710497527,25.988643629563747,286449,145327.48175272386,32.34,33.0,28.6,35.2,0.6106903176174417,0.570877687266204,0.570877687266204,0.5132730481244195,0.6284823264079886,0.0576046391417845,2.0,0.5554762337997746,0.9021515190646132,0.2088009485349361,157079.5,159358.18500301405,1.0,0.0,1.0,0.0,0.0,True,80
2020-04-01,2020,4,1,10,0.8683808288680246,0.0,0.0,23.44025039672852,260,0.4105083333333333,0.4163333333333333,0.4415958333333333,17.359166666666667,240,32.700005,35.600006,21.840886141890863,22.332901387476912,23.27613485405173,286449,145327.48175272386,32.0,33.0,27.0,35.0,0.5242372527023996,0.5364742546663595,0.5364742546663595,0.5142913223147301,0.5586571870179887,0.0221829323516293,2.0,0.2296697443181818,0.3553322807099925,0.1040072079263711,67316.0,67980.53295373314,0.0,1.0,1.0,0.0,0.0,True,81
2020-04-11,2020,4,2,10,0.215442177424064,0.0,0.0,10.69736671447754,260,0.4256375,0.4159541666666666,0.4288291666666666,19.865,240,32.700005,35.600006,25.434033831194185,25.957538051804864,26.882942183180344,286449,145327.48175272386,40.1,41.5,37.0,42.0,0.5564257918683505,0.5561175399588605,0.5561175399588605,0.5307996983495707,0.5814353815681501,0.0253178416092896,2.0,0.9469772785969196,0.946995621243426,0.9469589359504132,275484.0,280159.88731517433,2.0,0.0,0.0,0.0,0.0,True,82
2020-04-21,2020,4,3,10,1.2611439377356035,0.0,0.0,14.381263732910156,260,0.3939375,0.3978375,0.416975,20.002916666666668,240,32.700005,35.600006,23.42632449389191,23.880238835034863,24.5876347882284,286449,145327.48175272386,40.4,42.0,34.0,45.0,0.4469848682864844,0.4400174315747243,0.4400174315747243,0.4216120727090766,0.458422790440372,0.0184053588656477,2.0,0.6700524746431255,0.9609477718820436,0.3791571774042073,197039.5,205927.3542313884,1.0,1.0,0.0,0.0,0.0,True,83
2020-05-01,2020,5,1,10,0.5351580369966821,0.0,0.0,13.329524993896484,260,0.3838999999999999,0.3803875,0.4060208333333334,20.62333333333333,240,32.700005,35.600006,21.937078849911803,22.302617448703447,22.78879088526395,286449,145327.48175272386,44.6,46.0,39.0,49.0,0.3631207555258212,0.3450053954468681,0.3450053954468681,0.3188032571048714,0.3712075337888648,0.0262021383419966,2.0,0.4437856581048084,0.7018512866265966,0.1857200295830202,117766.0,109952.04448931408,1.0,0.0,1.0,0.0,0.0,True,84
2020-05-11,2020,5,2,10,0.1205872266911543,0.0,0.0,3.164414882659912,260,0.337725,0.3635083333333334,0.3950958333333333,28.50041666666667,240,32.700005,35.600006,32.71952079183168,33.15592290840362,33.61431118876934,286449,145327.48175272386,68.7,69.5,61.00000000000001,76.0,0.3183851685200227,0.3264475409000207,0.3264475409000207,0.3075980087730752,0.3452970730269662,0.0188495321269455,2.0,0.6773000211307288,0.999988260706236,0.3546117815552216,198335.5,203579.42601344167,1.0,1.0,0.0,0.0,0.0,True,85
2020-05-21,2020,5,3,11,0.3301249153625507,0.0,0.0,9.36743450164795,260,0.328340909090909,0.3409924242424242,0.3832537878787879,23.243939393939392,264,32.700005,35.600006,23.05214688385649,23.31985350827137,23.575270761663948,286449,145327.48175272386,59.95000000000001,62.70000000000001,50.60000000000001,66.0,0.2956410985878011,0.2957255490573819,0.2957255490573819,0.2936677937419927,0.2977833043727712,0.0020577553153892,2.0,0.9481064519158526,0.9927818017468067,0.9034311020848984,273831.0,278815.96593684953,2.0,0.0,0.0,0.0,0.0,True,86
2020-06-01,2020,6,1,10,0.0052742018104674,0.0,0.0,0.7346174120903015,260,0.2902541666666666,0.3265166666666667,0.3723708333333333,24.780416666666667,240,32.700005,35.600006,20.90843409746529,21.052069760449037,21.107208253048817,286449,145327.48175272386,62.1,63.5,53.00000000000001,67.0,0.2703083355256688,0.2703320583706606,0.2703320583706606,0.2696855234450331,0.2709785932962882,0.0006465349256275,2.0,0.9288503416134486,0.9998033668294516,0.8578973163974455,271071.5,280362.53168031306,2.0,0.0,0.0,0.0,0.0,True,87
2020-06-11,2020,6,2,10,0.0006180869164661,0.0,0.0,0.1261105835437774,260,0.2646583333333333,0.3126625,0.3621541666666666,25.285833333333336,240,32.700005,35.600006,19.20916484234676,19.311781382894942,19.362339480833445,286449,145327.48175272386,64.0,66.0,57.0,69.0,0.2564548795468819,0.2550113651533466,0.2550113651533466,0.2479802301980873,0.2620425001086061,0.0070311349552593,2.0,0.808211489246807,0.9981041040571,0.6183188744365139,234416.0,241015.52456671192,2.0,0.0,0.0,0.0,0.0,True,88
2020-06-21,2020,6,3,10,0.0008071386613524,0.0,0.0,0.2013770043849945,260,0.2628958333333334,0.3031708333333333,0.3535333333333333,26.142083333333336,240,32.700005,35.600006,18.35111511691707,18.408947722619168,18.41554866737676,286449,145327.48175272386,65.0,65.5,58.00000000000001,69.0,0.2445171201059979,0.2442361301013365,0.2442361301013365,0.2372739145490431,0.2511983456536299,0.0069622155522934,2.0,0.9657418059729528,0.9899247511269722,0.9415588608189333,275860.0,278090.5536271761,2.0,0.0,0.0,0.0,0.0,True,89
2020-07-01,2020,7,1,10,0.02931882206064,0.0140247168019413,0.0,0.1384127736091613,260,0.2525125,0.2953,0.3454041666666666,27.410833333333336,240,32.700005,35.600006,18.16951436746716,18.206582282105988,18.188601792788155,286449,145327.48175272386,66.0,67.5,58.00000000000001,70.0,0.229567468017752,0.2288169848510768,0.2288169848510768,0.2212104374334167,0.236423532268737,0.0076065474176601,2.0,0.901085444449662,0.9995612438955672,0.8026096450037565,260577.5,264543.2795913508,2.0,0.0,0.0,0.0,0.0,True,90
2020-07-11,2020,7,2,10,0.0303115880412336,0.0135108907707035,0.0,0.1327319145202636,260,0.2494041666666666,0.2892625,0.33815,27.889166666666664,240,32.700005,35.600006,21.945834330441176,21.977118801815603,22.005672774273847,286449,145327.48175272386,64.6,66.0,57.0,69.0,0.2280797973199985,0.2280798800263831,0.2280798800263831,0.2271980250702439,0.2289617349825223,0.0008818549561392,2.0,0.9974716496055596,0.999997065176559,0.9949462340345604,286317.0,290627.70645290846,2.0,0.0,0.0,0.0,0.0,True,91
2020-07-21,2020,7,3,11,0.0334850559081622,0.0104613937437534,0.0,0.1532207578420639,260,0.2458295454545454,0.2839848484848484,0.3311136363636364,29.368181818181817,264,32.700005,35.600006,18.915309370494715,18.9068672287295,18.712243147193227,286449,145327.48175272386,69.19000000000001,70.4,59.400000000000006,73.7,0.2119259564389548,0.2119259721053838,0.2119259721053838,0.1998093603855732,0.2240425838251945,0.0121166117198106,2.0,0.9999853258827952,0.9999985325882796,0.9999721191773104,286446.5,290654.58769745834,2.0,0.0,0.0,0.0,0.0,True,92
2020-08-01,2020,8,1,10,0.0231527282260895,0.0,0.0,0.1632541120052337,260,0.2481749999999999,0.27985,0.3251458333333333,28.56208333333333,240,32.700005,35.600006,15.620018210153024,15.593593837254256,15.299831252917173,286449,145327.48175272386,63.1,64.0,56.00000000000001,67.0,0.207546343778642,0.2073646789281629,0.2073646789281629,0.1992905650350601,0.2154387928212658,0.0080741138931028,2.0,0.975387836917731,0.9951927592036064,0.9555829146318556,280181.5,284043.16546738456,2.0,0.0,0.0,0.0,0.0,True,93
2020-08-11,2020,8,2,10,0.0253672532773075,0.0010377262951806,0.0,0.1768120676279068,260,0.2586666666666666,0.2775166666666667,0.3207083333333333,28.2725,240,32.700005,35.600006,15.439117794174392,15.39342630908232,14.946683102552749,286449,145327.48175272386,60.0,60.5,54.0,63.00000000000001,0.2062056325367043,0.2062052903075683,0.2062052903075683,0.2059270929242489,0.2064834876908877,0.0002781973833193,2.0,0.9975252101333584,0.9994643947220136,0.9955860255447032,285968.0,290151.9396125117,2.0,0.0,0.0,0.0,0.0,True,94
2020-08-21,2020,8,3,11,0.0467118096179687,0.0231137657538056,0.0,0.4089767932891845,260,0.2487651515151515,0.2750795454545455,0.3161628787878788,29.53219696969697,264,32.700005,35.600006,17.95076671814745,17.87706727560232,17.220897138373406,286449,145327.48175272386,66.22,66.55000000000001,60.5,69.30000000000001,0.200746587851348,0.2007522678786073,0.2007522678786073,0.200529713189482,0.2009748225677327,0.0002225546891253,2.0,0.9832700389744554,0.9965794632794892,0.9699606146694216,280717.5,283343.11970019806,2.0,0.0,0.0,0.0,0.0,True,95
2020-09-01,2020,9,1,10,0.0165440756534315,0.0,0.0,1.0047276020050049,260,0.2444375,0.273075,0.3121583333333333,31.8675,240,32.700005,35.600006,17.116033951429205,17.02913844699953,16.310674150579842,286449,145327.48175272386,57.7,58.00000000000001,52.0,61.00000000000001,0.1849884872341552,0.1849884873673574,0.1849884873673574,0.1848718346307148,0.1851051401040001,0.0001166527366426,2.0,0.9999156238260708,0.9999985325882796,0.9998327150638616,286445.5,290654.6316156731,2.0,0.0,0.0,0.0,0.0,True,96
2020-09-11,2020,9,2,10,0.0801963467589722,0.0403610058128833,0.0,1.5657172203063965,260,0.24405,0.2714833333333333,0.3087958333333333,29.8275,240,32.700005,35.600006,14.534635363075283,14.4439138590186,13.712352047105568,286449,145327.48175272386,51.2,51.5,46.00000000000001,54.0,0.1873277732409156,0.187327773065825,0.187327773065825,0.1855771516936811,0.189078394437969,0.0017506213721439,2.0,0.9999919292355371,0.9999985325882796,0.9999853258827948,286448.5,290654.934435225,2.0,0.0,0.0,0.0,0.0,True,97
2020-09-21,2020,9,3,10,0.5600752690233863,0.4139442890882492,0.0,2.714054107666016,260,0.2445708333333333,0.2703416666666667,0.306075,27.692083333333336,240,32.700005,35.600006,11.86683630183686,11.77971477254829,11.117787857390764,286449,145327.48175272386,48.3,49.0,44.0,50.0,0.1877744375986357,0.187652295464208,0.187652295464208,0.1830850344366439,0.1922195564917721,0.0045672610275641,2.0,0.9803344818275732,1.0,0.9606689636551464,280225.0,283084.4441028285,2.0,0.0,0.0,0.0,0.0,True,98
2020-10-01,2020,10,1,10,1.0188156701015452,0.803171694278717,0.0,4.158055305480957,260,0.244825,0.2695416666666667,0.3037999999999999,27.666666666666668,240,32.700005,35.600006,12.667547006741598,12.584114892824926,11.867754945725672,286449,145327.48175272386,45.6,46.00000000000001,43.0,50.0,0.1951146185772113,0.1950241085771935,0.1950241085771935,0.1915099630584338,0.1985382540959533,0.0035141455187597,2.0,0.982148936419985,0.9999838584710744,0.9643140143688956,280536.0,283356.7811108716,2.0,0.0,0.0,0.0,0.0,True,99
2020-10-11,2020,10,2,10,0.6118965189000076,0.3119537830352783,0.0,3.6382205486297607,260,0.2441624999999999,0.269,0.3018833333333333,25.86458333333333,240,32.700005,35.600006,11.17887332414967,11.13571213791721,10.619876252139258,286449,145327.48175272386,36.9,37.0,35.0,39.0,0.1890437165794212,0.1890996048115035,0.1890996048115035,0.1783374586106494,0.1998617510123576,0.010762146200854,2.0,0.9924963901671676,0.9997505400075132,0.985242240326822,284447.0,289152.1872426133,2.0,0.0,0.0,0.0,0.0,True,100
2020-10-21,2020,10,3,11,1.4779132235508698,1.29300194978714,0.1774589568376541,4.114204406738281,260,0.2442083333333333,0.2680340909090909,0.3001666666666667,26.21780303030303,264,32.700005,35.600006,14.650035938128132,14.657197975517846,14.165141148188386,286449,145327.48175272386,39.49,39.05,37.400000000000006,45.10000000000001,0.19036178273949,0.1903631033646325,0.1903631033646325,0.1869190655369688,0.1938071411922962,0.0034440378276636,2.0,0.9981811431724268,0.9999897281179564,0.9963725582268972,286189.5,290543.5538341946,2.0,0.0,0.0,0.0,0.0,True,101
2020-11-01,2020,11,1,10,64.81896951381977,63.78488540649414,24.24513816833496,101.01554107666016,260,0.3435958333333334,0.29025,0.299,21.15625,240,32.700005,35.600006,8.547760099445481,8.584558770887327,8.423124334286774,286449,145327.48175272386,25.3,25.5,22.0,28.000000000000004,0.1820184929995037,0.1801084907395312,0.1801084907395312,0.1701398009984827,0.1900771804805799,0.0099686897410486,2.0,0.6651747980841473,0.7197889274981217,0.6105606686701728,190791.0,194097.13620849815,2.0,0.0,0.0,0.0,0.0,True,102
2020-11-11,2020,11,2,10,18.58581968454214,15.499519348144531,7.106553077697754,64.07925415039062,260,0.3752333333333333,0.3214291666666666,0.2989208333333333,19.42,240,32.700005,35.600006,9.45390665668332,9.531923423874913,9.469954641741566,286449,145327.48175272386,23.8,24.000000000000004,21.0,25.0,0.2316452859455065,0.2324235929665609,0.2324235929665609,0.2126942171081141,0.2521529688250078,0.0197293758584468,2.0,0.7199518101990985,0.7292082433320811,0.7106953770661157,212492.0,216914.0158726229,2.0,0.0,0.0,0.0,0.0,True,103
2020-11-21,2020,11,3,10,18.641735488634843,15.56261110305786,1.973132610321045,65.60469818115234,260,0.4131958333333333,0.3607625,0.2991124999999999,17.342916666666667,240,32.700005,35.600006,7.319605323321719,7.401351680293246,7.427803774668789,286449,145327.48175272386,17.1,17.0,15.0,18.0,0.2517117063800083,0.3058904498796313,0.3058904498796313,0.2502026045967558,0.3615782951625068,0.0556878452828754,2.0,0.320918541040571,0.6257982719759579,0.016038810105184,97692.0,102125.79412919856,1.0,0.0,0.0,0.0,1.0,True,104
2020-12-01,2020,12,1,10,15.7520778967784,15.132955074310305,5.438592910766602,41.33488464355469,260,0.3903625,0.3761583333333334,0.3007666666666667,16.14625,240,32.700005,35.600006,8.3933725170036,8.516101318747404,8.630036980743684,286449,145327.48175272386,17.8,18.0,15.0,19.0,0.37337415787894,0.3724412857600295,0.3724412857600295,0.3661250221188456,0.3787575494012134,0.0063162636411839,2.0,0.849569021177686,0.9999134227084898,0.6992246196468821,247819.5,253251.3445568541,2.0,0.0,0.0,0.0,0.0,True,105
2020-12-11,2020,12,2,10,61.95182810563308,69.96847915649414,6.265924453735352,110.1867218017578,260,0.4136208333333334,0.3858875,0.3029,15.94875,240,32.700005,35.600006,9.27027759178886,9.423094546027292,9.592912622521151,286449,145327.48175272386,17.7,18.0,14.000000000000002,20.0,0.4568264931037611,0.4794024861964506,0.4794024861964506,0.4534805845044167,0.5053243878884845,0.0259219016920339,2.0,0.5372304364669421,0.9999794562359128,0.0744814166979714,153073.5,155352.46742568514,1.0,0.0,0.0,1.0,0.0,True,106
2020-12-21,2020,12,3,11,15.622359349177431,15.315740585327148,8.40252685546875,28.046266555786133,260,0.4161136363636363,0.4057386363636363,0.3090568181818182,13.9375,264,32.700005,35.600006,10.973147729445046,11.213222554482966,11.612815211713688,286449,145327.48175272386,22.22000000000001,22.0,17.6,25.300000000000004,0.5373280690926342,0.5373354473509303,0.5409875807335445,0.5160357267677271,0.5549830345515194,0.0161085226838603,3.0,0.9989185175619836,0.999994130353118,0.996771694214876,285916.6666666667,435103.3541574255,3.0,0.0,0.0,0.0,0.0,True,107
2021-01-01,2021,1,1,10,16.41371292884533,16.22052001953125,6.7056565284729,32.036041259765625,260,0.3700458333333333,0.382,0.3127333333333333,15.765416666666663,240,32.700005,35.600006,13.974678556735032,14.290718652901674,14.822085522457725,286449,145327.48175272386,24.3,24.5,20.0,28.000000000000004,0.5565516373258926,0.5565509821853853,0.5565509821853853,0.5416005728103463,0.5715013915604242,0.0149504093750389,2.0,0.9993587410781368,0.9999985325882796,0.998718949567994,286418.5,290642.2272992683,2.0,0.0,0.0,0.0,0.0,True,108
2021-01-11,2021,1,2,10,72.96750891758846,65.46234893798828,28.97452545166016,140.4028778076172,260,0.424375,0.4117333333333333,0.3191125,13.785,240,32.700005,35.600006,9.566672713986376,9.79439138590186,10.287157269887622,286449,145327.48175272386,18.2,19.0,13.0,21.0,0.5594840457180059,0.5482467504440459,0.5482467504440459,0.5348085850444775,0.5616849158436144,0.0134381653995684,2.0,0.2577648091190834,0.4667807334710744,0.0487488847670924,77903.5,80893.10472364369,0.0,1.0,0.0,0.0,1.0,True,109
2021-01-21,2021,1,3,11,41.127439840023335,37.91069793701172,13.209805488586426,102.70207214355467,260,0.4440795454545454,0.4416098484848484,0.3621098484848484,11.57878787878788,264,32.700005,35.600006,11.00115639088697,11.275098440773062,11.839971523115308,286449,145327.48175272386,20.46,20.9,15.400000000000002,22.0,0.602653897700176,0.602653897700176,0.602653897700176,0.602653897700176,0.602653897700176,0.0,1.0,0.7295486828512396,0.7295486828512396,0.7295486828512396,219983.0,112595.91397793547,1.0,0.0,0.0,0.0,0.0,True,110
2021-02-01,2021,2,1,10,60.81629796394935,60.417781829833984,22.996482849121094,109.69985961914062,260,0.4341208333333333,0.4328416666666667,0.3711458333333333,15.877916666666666,240,32.700005,35.600006,15.740118960984004,16.09368690846089,16.79618703400074,286449,145327.48175272386,24.5,24.000000000000004,21.0,28.000000000000004,0.6699484582349026,0.6623605773350791,0.6623605773350791,0.6539789855071948,0.6707421691629636,0.0083815918278843,2.0,0.5226487662002254,0.9959660851803156,0.0493314472201352,148905.0,152171.14653608965,1.0,0.0,0.0,0.0,1.0,True,111
2021-02-11,2021,2,2,10,19.62802350605533,16.58098602294922,0.0,70.88390350341797,260,0.42975,0.4258,0.3747583333333333,12.9,240,32.700005,35.600006,11.265154355238463,11.524270106960294,12.118948741577606,286449,145327.48175272386,18.5,19.0,16.0,20.0,0.674518367400385,0.674518367400385,0.674518367400385,0.674518367400385,0.674518367400385,0.0,1.0,0.9979881785311796,0.9979881785311796,0.9979881785311796,286376.0,145319.83139895677,1.0,0.0,0.0,0.0,0.0,True,112
2021-02-21,2021,2,3,8,17.26088991898757,16.208850860595703,5.357972145080566,35.025272369384766,260,0.4221041666666666,0.4332135416666666,0.3914947916666667,14.272395833333334,192,32.700005,35.600006,14.86590326227649,15.220103343241924,15.959318755666889,286449,145327.48175272386,22.160000000000004,22.0,19.200000000000003,24.0,0.6593647681795943,0.6593647681795943,0.6593647681795943,0.6593647681795943,0.6593647681795943,0.0,1.0,0.9924985912847484,0.9924985912847484,0.9924985912847484,285172.0,145039.81403307576,1.0,0.0,0.0,0.0,0.0,True,113
2021-03-01,2021,3,1,10,10.955188385339884,10.777313232421877,1.6363039016723633,21.35149574279785,260,0.4200458333333333,0.415475,0.3890541666666667,15.032083333333333,240,32.700005,35.600006,16.16060076058561,16.52232993026819,17.324281628110153,286449,145327.48175272386,23.7,25.0,19.0,27.0,0.6609061126999207,0.61335867671154,0.61335867671154,0.5425450456167445,0.6841723078063353,0.0708136310947953,2.0,0.5950149089030804,0.9906144346356124,0.1994153831705484,170820.5,173576.51605593256,1.0,0.0,1.0,0.0,0.0,True,114
2021-03-11,2021,3,2,10,13.109418214714298,12.070138931274414,0.0,36.94728469848633,260,0.40395,0.4115,0.3856041666666667,16.311249999999998,240,32.700005,35.600006,20.118103906938508,20.576189521614,21.61865552856134,286449,145327.48175272386,29.7,31.0,25.0,33.0,0.5667168672499248,0.5452371814273416,0.5452371814273416,0.5170374720046039,0.5734368908500793,0.0281997094227376,2.0,0.3737923201540195,0.6793235818933133,0.0682610584147257,106667.5,106792.47076265371,1.0,0.0,0.0,1.0,0.0,True,115
2021-03-21,2021,3,3,11,21.450219204219486,9.683125972747805,0.0456482619047164,72.83318328857422,260,0.3992992424242425,0.3911969696969697,0.3805189393939394,16.639772727272724,264,32.700005,35.600006,21.977915454620625,22.47286185213281,23.56193494059444,286449,145327.48175272386,35.2,37.400000000000006,26.40000000000001,39.6,0.5971913025250183,0.5591333928927298,0.5580211269283046,0.4938159083725771,0.6255631433773077,0.0537913334688134,3.0,0.5705438619146005,0.9999677169421488,0.0334481827573253,161554.0,245316.07174514595,2.0,0.0,0.0,0.0,1.0,True,116
2021-04-01,2021,4,1,10,1.0050275928125931,0.0,0.0,12.160783767700195,260,0.3841416666666666,0.3820916666666666,0.37525,17.59125,240,32.700005,35.600006,21.91509260595716,22.376437234210112,23.31588017760331,286449,145327.48175272386,38.1,40.0,30.0,42.0,0.4397025764172263,0.4396117675460619,0.4396117675460619,0.4394986445741624,0.4397248905179615,0.0001131229718995,2.0,0.2483792437546957,0.4504469736100676,0.0463115138993238,65551.0,59789.43059530728,0.0,1.0,0.0,0.0,1.0,True,117
2021-04-11,2021,4,2,10,0.86430996927576,0.0037092086859047,0.0,8.15019416809082,260,0.3380458333333333,0.3585791666666666,0.3687875,21.530416666666667,240,32.700005,35.600006,26.252358631430813,26.740009163934197,27.62388549134124,286449,145327.48175272386,50.0,50.5,41.00000000000001,54.0,0.4571113922456297,0.453257970024691,0.453257970024691,0.4179973291759573,0.4885186108734247,0.0352606408487337,2.0,0.8902618155991735,1.0,0.7805236311983471,256207.0,262020.34446822383,2.0,0.0,0.0,0.0,0.0,True,118
2021-04-21,2021,4,3,10,0.0,0.0,0.0,0.0,260,0.2888166666666666,0.3328666666666667,0.360375,22.535416666666663,240,32.700005,35.600006,22.911439198019,23.271839516602476,23.83453211580119,286449,145327.48175272386,52.3,53.00000000000001,45.0,56.00000000000001,0.3580607054969422,0.3569833450865145,0.3569833450865145,0.3351023711162526,0.3788643190567764,0.0218809739702619,2.0,0.9471438298271976,0.9999985325882796,0.8942891270661157,272832.0,277015.4570522293,2.0,0.0,0.0,0.0,0.0,True,119
2021-05-01,2021,5,1,10,4.582433109243329,3.807054400444031,0.0,18.49980354309082,260,0.2634416666666667,0.3143333333333333,0.3518249999999999,26.18375,240,32.700005,35.600006,25.2827674558744,25.599213906270137,25.95740632143327,286449,145327.48175272386,61.1,61.5,54.0,68.0,0.2914827132498552,0.2915071061036924,0.2915071061036924,0.2801123919175081,0.3029018202898767,0.0113947141861843,2.0,0.9946887032776108,0.9995627113072878,0.989814695247934,285727.5,290006.2152176508,2.0,0.0,0.0,0.0,0.0,True,120
2021-05-11,2021,5,2,10,0.0150371154340413,0.0,0.0,2.4610595703125,260,0.2522875,0.3018333333333333,0.3438291666666667,23.845416666666665,240,32.700005,35.600006,19.186241886806123,19.364201950199742,19.49523080053137,286449,145327.48175272386,59.7,61.00000000000001,53.00000000000001,63.00000000000001,0.2726580201862201,0.2726581046990324,0.2726581046990324,0.264216975443498,0.2810992339545668,0.0084411292555344,2.0,0.9998943463561232,0.9999779888241924,0.999810703888054,286441.5,290652.04029120936,2.0,0.0,0.0,0.0,0.0,True,121
2021-05-21,2021,5,3,11,0.1322548969290577,0.0,0.0,4.237305641174316,260,0.2485871212121212,0.2927386363636364,0.3364090909090909,25.2,264,32.700005,35.600006,19.782227060910472,19.905685931469343,19.921628344071404,286449,145327.48175272386,69.74000000000001,70.95,62.7,73.7,0.2564763770641823,0.2564286481865618,0.2564286481865618,0.2546788158764132,0.2581784804967104,0.0017498323101485,2.0,0.9604649934259956,0.9999691843538692,0.9209608024981216,277530.5,282937.1876552607,2.0,0.0,0.0,0.0,0.0,True,122
2021-06-01,2021,6,1,10,0.0052741982338305,0.0,0.0,0.7346164584159851,260,0.2454958333333333,0.2861958333333333,0.32985,24.381666666666668,240,32.700005,35.600006,16.387700962476575,16.45967868955741,16.454300657036512,286449,145327.48175272386,64.0,65.0,58.00000000000001,67.0,0.2414820304587681,0.2414822011659936,0.2414822011659936,0.2352997886144919,0.2476646137174953,0.0061824125515016,2.0,0.9995502383076632,0.9998782048271976,0.9992222717881292,286413.0,290639.8157010888,2.0,0.0,0.0,0.0,0.0,True,123
2021-06-11,2021,6,2,10,0.0006180876642107,0.0,0.0,0.1261107623577118,260,0.2450208333333333,0.2814875,0.3242625,24.984166666666667,240,32.700005,35.600006,14.592612511632996,14.633814917166626,14.636595378005431,286449,145327.48175272386,63.5,65.0,56.00000000000001,67.0,0.2278085956072855,0.2278669612075696,0.2278669612075696,0.2248161563176727,0.2309177660974666,0.0030508048898969,2.0,0.9788479937546956,0.9957841261269722,0.9619118613824192,280346.5,284880.9521831428,2.0,0.0,0.0,0.0,0.0,True,124
2021-06-21,2021,6,3,10,0.0008071390876116,0.0,0.0,0.201377123594284,260,0.2445083333333333,0.2779625,0.3192708333333333,28.199166666666667,240,32.700005,35.600006,18.090550677550315,18.10789100645771,18.045789102050097,286449,145327.48175272386,69.4,69.5,62.0,73.0,0.2259053760370934,0.2259053769202336,0.2259053769202336,0.2234713444965268,0.2283394093439405,0.0024340324237068,2.0,0.9998840744740796,0.9999677169421488,0.9998004320060104,286445.0,290653.36878192506,2.0,0.0,0.0,0.0,0.0,True,125
2021-07-01,2021,7,1,10,0.0293632605990681,0.0140423257835209,0.0,0.1385865211486816,260,0.2452958333333333,0.2748958333333334,0.3145708333333333,28.87125,240,32.700005,35.600006,17.976878601961992,17.972286258394305,17.862524982945775,286449,145327.48175272386,70.9,71.5,64.0,75.0,0.2133519614734602,0.2132430540738443,0.2132430540738443,0.2112963194548819,0.2151897886928067,0.0019467346189624,2.0,0.9534705754601802,0.9999427709429,0.9069983799774606,272031.5,275252.31046970387,2.0,0.0,0.0,0.0,0.0,True,126
2021-07-11,2021,7,2,10,0.0303732021067004,0.0135207781568169,0.0,0.1329076588153839,260,0.2450166666666667,0.2725916666666667,0.3103625,29.45125,240,32.700005,35.600006,17.687570595195098,17.658664929337476,17.463719377191616,286449,145327.48175272386,71.0,72.0,62.0,75.0,0.2062943080275327,0.2062943085557332,0.2062943085557332,0.2016202846054962,0.2109683325059702,0.004674023950237,2.0,0.9999845921769348,0.999997065176559,0.9999721191773104,286448.0,290654.8906094477,2.0,0.0,0.0,0.0,0.0,True,127
2021-07-21,2021,7,3,11,0.0335771815092392,0.0104683162644505,0.0,0.153562530875206,260,0.2517083333333333,0.2707310606060606,0.3064962121212121,29.26628787878788,264,32.700005,35.600006,16.90324476276167,16.85582769038104,16.54902521765877,286449,145327.48175272386,71.72,72.60000000000001,66.0,75.9,0.2000059929580983,0.1986047751499955,0.1986047751499955,0.1952167624749855,0.2019927878250056,0.00338801267501,2.0,0.712434259954921,0.998667590157776,0.4262009297520661,203402.5,205375.2273148839,1.0,1.0,0.0,0.0,0.0,True,128
2021-08-01,2021,8,1,10,0.0225189551484968,0.0,0.0,0.1581766307353973,260,0.2462291666666666,0.2694375,0.303,31.480416666666667,240,32.700005,35.600006,16.907079670100604,16.829600939303255,16.314073027992865,286449,145327.48175272386,70.7,70.5,64.0,76.0,0.1956160390502463,0.1941887517452126,0.1941887517452126,0.1812056768695124,0.2071718266209129,0.0129830748757002,2.0,0.9268194437922614,0.999994130353118,0.853644757231405,261092.0,261866.78078294965,2.0,0.0,0.0,0.0,0.0,True,129
2021-08-11,2021,8,2,10,0.0252315204550261,0.0010327993077225,0.0,0.1759009361267089,260,0.2453416666666666,0.2683291666666667,0.2999875,29.596666666666668,240,32.700005,35.600006,15.874441013945242,15.807528744684202,15.267948825352754,286449,145327.48175272386,65.1,66.0,59.0,69.0,0.1951564772890182,0.1951560185693773,0.1951560185693773,0.1933025734008908,0.1970094637378639,0.0018534451684865,2.0,0.9989148490326822,0.9992750986100676,0.9985545994552968,286251.5,290503.7766184588,2.0,0.0,0.0,0.0,0.0,True,130
2021-08-21,2021,8,3,11,0.0464259605371178,0.0229726713150739,0.0,0.4043149650096893,260,0.2445795454545454,0.2673371212121212,0.297125,29.44242424242424,264,32.700005,35.600006,17.968366393931838,17.914868488129674,17.29939802200833,286449,145327.48175272386,67.65,68.75,60.5,70.4,0.1815573613847555,0.181755333224842,0.181755333224842,0.1762681626915391,0.187242503758145,0.0054871705333029,2.0,0.9713862051558978,0.999994130353118,0.9427782799586776,277253.5,280533.4733992773,2.0,0.0,0.0,0.0,0.0,True,131
2021-09-01,2021,9,1,10,0.0160962373461538,0.0,0.0,0.9671592712402344,260,0.2441374999999999,0.2667416666666666,0.2946833333333333,28.09958333333333,240,32.700005,35.600006,15.743701028590683,15.731790260456192,15.235827040224038,286449,145327.48175272386,56.0,57.0,51.00000000000001,60.0,0.1865329471579717,0.1850829105082292,0.1850829105082292,0.177736730006884,0.1924290910095745,0.0073461805013452,2.0,0.8482212035123966,0.9993088490796392,0.697133557945154,242210.0,242732.84773353656,2.0,0.0,0.0,0.0,0.0,True,132
2021-09-11,2021,9,2,10,0.0762703989816005,0.0375338681042194,0.0,1.508047580718994,260,0.2454708333333333,0.266,0.2928708333333333,27.267916666666668,240,32.700005,35.600006,15.64005979326504,15.669318002835093,15.28501501968716,286449,145327.48175272386,50.2,51.00000000000001,46.00000000000001,53.00000000000001,0.1850338170084395,0.1842268026028432,0.1842268026028432,0.1790651915131315,0.1893884136925549,0.0051616110897117,2.0,0.7726509673178061,0.9046916087528174,0.6406103258827949,226604.5,229593.2439407625,2.0,0.0,0.0,0.0,0.0,True,133
2021-09-21,2021,9,3,10,0.5575217603777464,0.4183780550956726,0.0,2.7473037242889404,260,0.2572458333333333,0.266,0.2914374999999999,26.47833333333333,240,32.700005,35.600006,15.636660816978347,15.699129426251808,15.44031020740333,286449,145327.48175272386,47.9,48.5,45.0,50.0,0.2099279152373699,0.2096167876119273,0.2096167876119273,0.1814254032564794,0.2378081719673753,0.0281913843554479,2.0,0.99034956682006,0.9998356498873028,0.9808634837528174,283465.5,287468.1134360203,2.0,0.0,0.0,0.0,0.0,True,134
2021-10-01,2021,10,1,10,1.0681981943476089,0.8264965415000916,0.0,4.761912345886231,260,0.2530958333333333,0.266,0.2900833333333333,25.510416666666668,240,32.700005,35.600006,14.488217426480618,14.54618479646043,14.329750948454349,286449,145327.48175272386,42.0,42.0,39.0,45.0,0.1896299635225418,0.1873266502073975,0.1873266502073975,0.1679782179942774,0.2066750824205176,0.0193484322131201,2.0,0.8778034900920362,0.9986176981592788,0.7569892820247934,254715.0,259725.36319477131,2.0,0.0,0.0,0.0,0.0,True,135
2021-10-11,2021,10,2,10,9.09521001439828,7.089654445648193,0.0,23.123180389404297,260,0.2502416666666666,0.2652333333333334,0.28895,24.81791666666667,240,32.700005,35.600006,11.869709133080356,11.895581265482038,11.647282693251311,286449,145327.48175272386,33.5,33.5,31.0,36.0,0.1826940926015595,0.1702067047384512,0.1702067047384512,0.1575336691661432,0.1828797403107593,0.012673035572308,2.0,0.3806319261833207,0.7461788598797896,0.0150849924868519,107262.0,107248.48790258364,1.0,0.0,0.0,0.0,1.0,True,136
2021-10-21,2021,10,3,11,10.622157630553613,10.340414047241213,4.89085865020752,18.79251289367676,260,0.2513333333333333,0.265,0.288,23.49886363636364,264,32.700005,35.600006,11.139919036179062,11.15032285888006,10.876238944470368,286449,145327.48175272386,34.980000000000004,35.2,31.90000000000001,37.400000000000006,0.1972594360617684,0.1972616774872597,0.1972616774872597,0.1942160288020604,0.200307326172459,0.0030456486851992,2.0,0.9965251690458302,0.9999985325882796,0.9930518055033808,286126.0,290441.21516784426,2.0,0.0,0.0,0.0,0.0,True,137
2021-11-01,2021,11,1,10,13.3035406094331,14.788855075836182,1.7256746292114258,25.274507522583008,260,0.2476041666666666,0.265,0.2871416666666667,22.327916666666667,240,32.700005,35.600006,9.932685913072625,9.933088961754894,9.65975322235121,286449,145327.48175272386,33.7,34.5,29.000000000000004,38.0,0.2123714556495521,0.176422643411869,0.176422643411869,0.1401121796863003,0.2127331071374377,0.0363104637255687,2.0,0.5023273149887303,0.995010800150263,0.0096438298271975,143136.0,144317.53139566502,1.0,0.0,0.0,0.0,1.0,True,138
2021-11-11,2021,11,2,10,20.434966529332677,20.113728523254395,6.201333522796631,33.94432830810547,260,0.2548458333333333,0.2650083333333333,0.2864374999999999,20.223333333333336,240,32.700005,35.600006,8.485023616919058,8.494995632812612,8.297928360281006,286449,145327.48175272386,28.8,27.5,26.0,34.0,0.2022651141949412,0.202226758183824,0.202226758183824,0.1929649269725915,0.2114885893950565,0.0092618312112325,2.0,0.9946887032776108,0.9999897281179564,0.9893876784372652,285081.0,289456.2387115308,2.0,0.0,0.0,0.0,0.0,True,139
2021-11-21,2021,11,3,10,8.757977427427585,7.834455490112305,1.2824991941452026,31.02037048339844,260,0.3539916666666666,0.2822291666666666,0.286,18.95958333333333,240,32.700005,35.600006,7.401182366831503,7.423008634144246,7.327776248548894,286449,145327.48175272386,23.7,23.000000000000004,21.0,28.000000000000004,0.1980074841239784,0.1954722417043328,0.1954722417043328,0.1687419567782702,0.2222025266303954,0.0267302849260626,2.0,0.365145596590909,0.4349423013711495,0.2953488918106686,109736.5,115059.83432877004,0.0,2.0,0.0,0.0,0.0,True,140
2021-12-01,2021,12,1,10,82.62934830005352,76.07015991210938,49.246829986572266,132.8989715576172,260,0.3600333333333333,0.2916291666666666,0.286,16.365,240,32.700005,35.600006,6.012657615181772,6.051819184123484,6.0603659777158105,286449,145327.48175272386,21.6,22.0,17.0,24.000000000000004,0.2531413066531267,0.2616953774057581,0.2616953774057581,0.2514194777558757,0.2719712770556405,0.0102758996498824,2.0,0.5397741946844478,0.9860023595980466,0.0935460297708489,154712.0,157209.76215151628,1.0,0.0,0.0,1.0,0.0,True,141
2021-12-11,2021,12,2,10,36.84590523793147,32.6495418548584,10.10977554321289,84.49047088623047,260,0.390225,0.321575,0.286,15.073333333333332,240,32.700005,35.600006,5.944674942834253,6.000014318647175,6.0507557715092695,286449,145327.48175272386,20.2,20.0,15.0,26.0,0.2585094115471176,0.2282136177282455,0.2282136177282455,0.1931374030509859,0.2632898324055052,0.0350762146772596,2.0,0.5351107602366642,0.999994130353118,0.0702273901202103,153222.5,155954.6687500823,1.0,0.0,0.0,1.0,0.0,True,142
2021-12-21,2021,12,3,11,54.83792416499211,53.91444396972656,20.890602111816406,97.76022338867188,260,0.4489280303030303,0.4321704545454545,0.297935606060606,12.311363636363636,264,32.700005,35.600006,5.184829744839464,5.263828938726717,5.398342435986582,286449,145327.48175272386,15.510000000000002,15.400000000000002,12.1,17.6,0.3379981498478224,0.2897573381011136,0.2999735622241132,0.2062393205246354,0.3630591315545923,0.0644276944042253,3.0,0.530554935981718,0.9997373333020284,0.0812946093163035,147357.0,221522.41609972733,2.0,0.0,0.0,1.0,0.0,True,143
2022-01-01,2022,1,1,10,32.87949387843792,30.406970977783203,8.645179748535156,71.75377655029297,260,0.4244916666666666,0.4120416666666667,0.3092666666666667,14.030416666666667,240,32.700005,35.600006,7.422390971597366,7.553057747104053,7.740883468769821,286449,145327.48175272386,16.8,17.0,13.0,18.0,0.4539383971749026,0.3677962574128181,0.3677962574128181,0.2811675714853321,0.454424943340304,0.0866286859274859,2.0,0.4872870785593539,0.9610358165852744,0.0135383405334335,141395.0,144434.22478591098,1.0,0.0,0.0,0.0,1.0,True,144
2022-01-11,2022,1,2,10,51.913777960263765,49.71221923828125,31.70958709716797,85.99495697021484,260,0.4387625,0.4339833333333333,0.3237208333333333,11.157083333333333,240,32.700005,35.600006,5.710372780955314,5.82498317558957,6.042378256758859,286449,145327.48175272386,15.1,15.0,11.0,17.0,0.4907528030140879,0.4441466313959341,0.4441466313959341,0.3828302148679575,0.5054630479239108,0.0613164165279766,2.0,0.3496079075882794,0.58668441256574,0.1125314026108189,97894.5,97342.16633946172,1.0,0.0,1.0,0.0,0.0,True,145
2022-01-21,2022,1,3,11,42.3850213270921,38.64756202697754,9.71967887878418,107.40664672851562,260,0.4701212121212121,0.4670265151515151,0.3738333333333333,10.03939393939394,264,32.700005,35.600006,6.050130389775741,6.19103006364796,6.505056406686157,286449,145327.48175272386,14.52,15.400000000000002,9.9,16.5,0.4670148777111289,0.4476033731972297,0.4476033731972297,0.3530120093226341,0.5421947370718253,0.0945913638745956,2.0,0.8599722365702478,0.990786121806912,0.7291583513335838,240052.0,240329.4854365333,2.0,0.0,0.0,0.0,0.0,True,146
2022-02-01,2022,2,1,10,30.975833839178087,24.025278091430664,1.983029007911682,90.13004302978516,260,0.4652833333333334,0.4598125,0.4120083333333333,12.282916666666669,240,32.700005,35.600006,8.59182600702581,8.783681037815548,9.15846667544311,286449,145327.48175272386,16.6,17.0,12.000000000000002,19.0,0.4114997802206695,0.4114997802206695,0.4114997802206695,0.4114997802206695,0.4114997802206695,0.0,1.0,0.9984812288692712,0.9984812288692712,0.9984812288692712,286419.0,145323.7998469597,1.0,0.0,0.0,0.0,0.0,True,147
2022-02-11,2022,2,2,10,11.863529262175929,10.704795837402344,1.9668939113616943,32.440643310546875,260,0.4482583333333333,0.4512208333333333,0.4290583333333334,13.40125,240,32.700005,35.600006,11.432132110880453,11.674701814172597,12.105389135560156,286449,145327.48175272386,19.2,19.5,16.0,21.0,0.3979268473180426,0.3979268473180426,0.3979268473180426,0.3979268473180426,0.3979268473180426,0.0,1.0,0.3611769815927874,0.3611769815927874,0.3611769815927874,99024.0,48556.61494754268,0.0,1.0,0.0,0.0,0.0,True,148
2022-02-21,2022,2,3,8,31.22802391235645,25.33448314666748,6.590403079986572,103.38429260253906,260,0.4518489583333333,0.4502447916666667,0.4262864583333333,14.277083333333332,192,32.700005,35.600006,10.852565074691611,11.093812884115987,11.533597384487893,286449,145327.48175272386,16.16,16.4,13.6,17.6,0.3941105335066517,0.3941105335066517,0.3941105335066517,0.3941105335066517,0.3941105335066517,0.0,1.0,0.6274593820435762,0.6274593820435762,0.6274593820435762,181518.0,87621.35318188451,1.0,0.0,0.0,0.0,0.0,True,149
2022-03-01,2022,3,1,10,45.13710377216339,42.60001373291016,4.5992536544799805,103.2165756225586,260,0.4474666666666666,0.44565,0.42695,14.965416666666666,240,32.700005,35.600006,16.82545314349699,17.212273944357737,17.98513589525713,286449,145327.48175272386,22.9,24.000000000000004,17.0,26.0,0.6198547727458051,0.5926436484616318,0.5926436484616318,0.5621743899328245,0.6231129069904389,0.0304692585288071,2.0,0.4369952103681442,0.8330085462058603,0.0409818745304282,119891.5,119494.7641156448,1.0,0.0,0.0,0.0,1.0,True,150
2022-03-11,2022,3,2,10,32.98067200367267,32.76605796813965,15.602023124694824,52.56531524658203,260,0.454275,0.4547208333333333,0.428675,10.85375,240,32.700005,35.600006,12.492111265189545,12.828885006944544,13.560048828943115,286449,145327.48175272386,20.1,20.5,14.000000000000002,23.000000000000004,0.6694534251270666,0.6821001560084522,0.6821001560084522,0.6664248974330367,0.6977754145838677,0.0156752585754155,2.0,0.5276188896975957,0.9250592834335086,0.1301784959616829,150470.5,153319.33331587253,1.0,0.0,1.0,0.0,0.0,True,151
2022-03-21,2022,3,3,11,8.92289059016352,6.9947028160095215,0.0,37.19790267944336,260,0.4445189393939394,0.4464734848484848,0.4264393939393939,13.79431818181818,264,32.700005,35.600006,21.63358317664172,22.17415336230467,23.356000023971777,286449,145327.48175272386,30.690000000000005,31.9,25.300000000000004,33.0,0.6580417634983049,0.6499652357290591,0.668457548882584,0.6107960044255623,0.670642153879031,0.027711184690515,3.0,0.6356338436013023,0.9503515918482344,0.3315073840157776,189267.3333333333,296106.12450035725,2.0,1.0,0.0,0.0,0.0,True,152
2022-04-01,2022,4,1,10,0.2737537865383694,0.0,0.0,3.25325083732605,260,0.3817083333333333,0.4071999999999999,0.4186041666666666,20.95958333333333,240,32.700005,35.600006,32.60104877052538,33.29193573791148,34.642591284991084,286449,145327.48175272386,44.2,44.0,38.0,50.0,0.5975165674417773,0.5647610153351096,0.5647610153351096,0.5318160861318724,0.5977059445383468,0.0329449292032372,2.0,0.5024806595135236,0.9994159701352366,0.0055453488918106,143827.5,145735.83257270104,1.0,0.0,0.0,0.0,1.0,True,153
2022-04-11,2022,4,2,10,8.856310978302588,7.824085474014282,3.911747694015503,20.569730758666992,260,0.3329916666666667,0.370525,0.405525,19.223333333333336,240,32.700005,35.600006,27.454968531754947,28.062815905153283,29.314611582512537,286449,145327.48175272386,45.6,47.5,38.0,49.0,0.5503380571186804,0.5427292359706257,0.5427292359706257,0.5147151085659328,0.5707433633753185,0.0280141274046928,2.0,0.7890492932945155,0.9999633147069872,0.5781352718820436,223721.0,228572.9420951828,2.0,0.0,0.0,0.0,0.0,True,154
2022-04-21,2022,4,3,10,0.4985520696983888,0.0,0.0,4.285838603973389,260,0.2985125,0.3445625,0.3925083333333333,23.15333333333333,240,32.700005,35.600006,27.14264049232856,27.65098297512851,28.61322211185179,286449,145327.48175272386,50.7,52.0,44.0,55.0,0.3732012993779834,0.3727644776491059,0.3727644776491059,0.324520695517898,0.4210082597803139,0.0482437821312079,2.0,0.9920026061232156,0.998184811701728,0.9858204005447032,283494.5,287946.819618167,2.0,0.0,0.0,0.0,0.0,True,155
2022-05-01,2022,5,1,10,0.222628738788458,0.0,0.0,7.57944393157959,260,0.2925041666666666,0.3271291666666667,0.3806083333333333,21.1775,240,32.700005,35.600006,19.6215041865457,19.962757198699865,20.523295474945247,286449,145327.48175272386,49.3,52.0,40.0,55.0,0.3303242003029955,0.3311601322764399,0.3311601322764399,0.3288815523022214,0.3334387122506584,0.0022785799742185,2.0,0.6964482766716754,0.999658093069121,0.3932384602742299,205850.5,212525.8530206862,1.0,1.0,0.0,0.0,0.0,True,156
2022-05-11,2022,5,2,10,0.5078889148166547,0.0,0.0,15.026895523071287,260,0.2731,0.315425,0.3699166666666666,23.582083333333333,240,32.700005,35.600006,19.901596247897107,20.13482438179241,20.378603827327453,286449,145327.48175272386,58.5,60.5,52.0,62.0,0.2607313072013892,0.2609463558532673,0.2609463558532673,0.2362620227152632,0.2856306889912715,0.0246843331380041,2.0,0.9083388605841474,0.9104071774042074,0.9062705437640872,266406.5,273554.50795731065,2.0,0.0,0.0,0.0,0.0,True,157
2022-05-21,2022,5,3,11,0.1237922274579222,0.0,0.0,4.455073356628418,260,0.256655303030303,0.3044015151515151,0.3593030303030303,26.39469696969697,264,32.700005,35.600006,21.678080782350182,21.825885955056595,21.84449895525914,286449,145327.48175272386,71.72,73.15,64.9,75.9,0.2619368363144913,0.2619292807642939,0.2619292807642939,0.2567952446187957,0.2670633169097922,0.0051340361454982,2.0,0.9949176195060104,0.9996830390683696,0.9901521999436514,285669.5,290219.72621492035,2.0,0.0,0.0,0.0,0.0,True,158
2022-06-01,2022,6,1,10,0.0052742002003539,0.0,0.0,0.7346173524856567,260,0.2480333333333333,0.2955,0.3491749999999999,26.227500000000003,240,32.700005,35.600006,16.27685272393554,16.326794484457107,16.267948825352754,286449,145327.48175272386,66.1,67.5,59.0,70.0,0.2491062115986089,0.2491060751092317,0.2491060751092317,0.243112132516737,0.2551000177017264,0.0059939425924947,2.0,0.9994372476051844,0.9995069496619085,0.99936754554846,286434.5,290645.87777393067,2.0,0.0,0.0,0.0,0.0,True,159
2022-06-11,2022,6,2,10,0.0006180874627226,0.0,0.0,0.1261107176542282,260,0.25555,0.2896166666666666,0.3412166666666667,26.41333333333333,240,32.700005,35.600006,16.664633378385467,16.714994487320837,16.724870447718324,286449,145327.48175272386,64.9,66.5,58.00000000000001,69.0,0.2402362347335281,0.2395826684315909,0.2395826684315909,0.2374296924856478,0.2417356443775342,0.0021529759459432,2.0,0.7902892561983471,0.9990711283809166,0.5815073840157776,223651.5,222935.75788495457,2.0,0.0,0.0,0.0,0.0,True,160
2022-06-21,2022,6,3,10,0.000807138872691,0.0,0.0,0.2013770639896392,260,0.2541333333333334,0.2851708333333332,0.3344041666666666,27.01,240,32.700005,35.600006,16.524132545136318,16.553007631838945,16.560635254975644,286449,145327.48175272386,66.2,68.0,59.0,71.0,0.2322788185414739,0.2322789152551526,0.2322789152551526,0.2316303692820199,0.2329274612282853,0.0006485459731326,2.0,0.9993770837246432,0.9994203723703982,0.999333795078888,286340.0,290541.83549824124,2.0,0.0,0.0,0.0,0.0,True,161
2022-07-01,2022,7,1,10,0.0294076469771635,0.0140428273007273,0.0,0.1388600170612335,260,0.2473999999999999,0.281325,0.3281708333333333,27.44458333333333,240,32.700005,35.600006,16.74091597527748,16.74608027033606,16.726222817956604,286449,145327.48175272386,67.3,69.0,60.0,70.0,0.225519105022846,0.2255189804046012,0.2255189804046012,0.2241157613341531,0.2269221994750495,0.0014032190704482,2.0,0.9994350464876032,0.9998488565927872,0.9990212363824192,286381.5,290610.53981129266,2.0,0.0,0.0,0.0,0.0,True,162
2022-07-11,2022,7,2,10,0.0303964384227023,0.0135201038792729,0.0,0.1330612450838089,260,0.2466208333333333,0.2780166666666667,0.3226,27.859583333333333,240,32.700005,35.600006,16.651100918852656,16.642499176677788,16.627810955395717,286449,145327.48175272386,67.9,69.0,61.00000000000001,72.0,0.22310882155975,0.2231088283675788,0.2231088283675788,0.2224114901401411,0.2238061665950166,0.0006973382274377,2.0,0.9999508417073628,1.0,0.9999016834147256,286446.5,290652.12598724186,2.0,0.0,0.0,0.0,0.0,True,163
2022-07-21,2022,7,3,11,0.0336097311201648,0.0104693844914436,0.0,0.1538359373807907,260,0.2457992424242424,0.2750340909090909,0.3170416666666666,28.95833333333333,264,32.700005,35.600006,17.41894327283321,17.37831941165268,17.33158561309309,286449,145327.48175272386,75.46000000000001,75.9,68.2,79.2,0.2180972837135235,0.2180972835600187,0.2180972835600187,0.2169606438626157,0.2192339232574219,0.001136639697403,2.0,0.999985325882795,0.9999867932945156,0.9999838584710744,286448.5,290654.924252116,2.0,0.0,0.0,0.0,0.0,True,164
2022-08-01,2022,8,1,10,0.0225280773232673,0.0,0.0,0.1582472622394561,260,0.2440999999999999,0.2727666666666666,0.3122625,28.945833333333333,240,32.700005,35.600006,13.170304987910423,13.117276879680407,13.058702442643945,286449,145327.48175272386,63.8,65.5,57.0,67.0,0.2045692778601803,0.2043220039521152,0.2043220039521152,0.1976962217715335,0.2109477861326969,0.0066257821805816,2.0,0.9708447302310296,0.9999985325882796,0.9416909278737792,277522.0,280197.9866093567,2.0,0.0,0.0,0.0,0.0,True,165
2022-08-11,2022,8,2,10,0.0252466554838555,0.0010331001831218,0.0,0.1759969741106033,260,0.2470916666666666,0.2711333333333333,0.3083625,28.08,240,32.700005,35.600006,12.708967812525954,12.645942811323186,12.479181875845232,286449,145327.48175272386,61.1,62.0,55.0,65.0,0.2069401791640921,0.2072174496279549,0.2072174496279549,0.2030446757794311,0.2113902234764787,0.0041727738485237,2.0,0.9599073769722014,0.999994130353118,0.9198206235912848,270813.0,272545.0232671343,2.0,0.0,0.0,0.0,0.0,True,166
2022-08-21,2022,8,3,11,0.046491705529535,0.0229751104488968,0.0,0.4047883450984955,260,0.2447992424242424,0.2696742424242424,0.304780303030303,30.025378787878783,264,32.700005,35.600006,16.830268948542226,16.742148370934586,16.307703724750013,286449,145327.48175272386,67.21,67.10000000000001,59.400000000000006,71.5,0.1977157621808072,0.1975526359130115,0.1975526359130115,0.1968134251826445,0.1982918466433785,0.000739210730367,2.0,0.8398055972952667,0.999997065176559,0.6796141294139745,237985.0,238109.75133447847,2.0,0.0,0.0,0.0,0.0,True,167
2022-09-01,2022,9,1,10,0.0166399227885099,0.0,0.0,1.0138251781463623,260,0.245925,0.2686416666666666,0.3016166666666666,28.642916666666668,240,32.700005,35.600006,14.082278454803545,14.01108979223643,13.536208815539092,286449,145327.48175272386,54.9,56.5,49.0,58.00000000000001,0.1903766903111638,0.1908308858990257,0.1908308858990257,0.1886527017386324,0.193009070059419,0.0021781841603932,2.0,0.8078160217881292,0.9776645262021036,0.6379675173741548,235607.5,240191.2569038465,2.0,0.0,0.0,0.0,0.0,True,168
2022-09-11,2022,9,2,10,0.0806063719143052,0.0404543448239564,0.0,1.584380865097046,260,0.2468708333333333,0.268,0.2990916666666666,27.1775,240,32.700005,35.600006,12.71422428770921,12.641940749437993,12.082925428150842,286449,145327.48175272386,50.6,51.5,45.0,54.0,0.1978961629611927,0.1978961756169652,0.1978961756169652,0.1951169152137568,0.2006754360201736,0.0027792604032084,2.0,0.9997402681254696,1.0,0.9994805362509392,286445.0,290653.63997120026,2.0,0.0,0.0,0.0,0.0,True,169
2022-09-21,2022,9,3,10,0.5643386263113755,0.4139445424079895,0.0,2.763854503631592,260,0.2461375,0.2672333333333334,0.2971708333333333,27.523333333333333,240,32.700005,35.600006,12.859833911041788,12.76441529804264,12.016527639814738,286449,145327.48175272386,49.8,50.5,46.00000000000001,52.0,0.1880925222348296,0.1868950828122043,0.1868950828122043,0.1819954746923227,0.1917946909320859,0.0048996081198816,2.0,0.8193630846168295,0.9993323276671676,0.6393938415664914,231859.5,233565.9938930993,2.0,0.0,0.0,0.0,0.0,True,170
2022-10-01,2022,10,1,10,1.117152326324811,0.7687355875968933,0.0,5.1018476486206055,260,0.2441208333333333,0.267,0.2953458333333333,26.285416666666663,240,32.700005,35.600006,11.06010397194824,10.977247669640173,10.306006678076043,286449,145327.48175272386,41.7,43.0,38.0,45.0,0.189364445729964,0.189364445729964,0.189364445729964,0.189364445729964,0.189364445729964,0.0,1.0,0.999862063298272,0.999862063298272,0.999862063298272,286446.0,145327.40597672242,1.0,0.0,0.0,0.0,0.0,True,171
2022-10-11,2022,10,2,10,0.7102396141652068,0.3108693361282348,0.0,3.4057953357696533,260,0.2519458333333333,0.2663541666666666,0.2937833333333333,25.01833333333333,240,32.700005,35.600006,9.916840267627853,9.84587408181675,9.206972485847984,286449,145327.48175272386,34.5,35.0,31.0,37.0,0.1835226162021279,0.1836040627419372,0.1836040627419372,0.1800742027137054,0.187133922770169,0.0035298600282318,2.0,0.9510163293576256,0.9954495562546956,0.906583102460556,277227.5,283284.9578735627,2.0,0.0,0.0,0.0,0.0,True,172
2022-10-21,2022,10,3,11,1.9228335903241085,1.8003270030021667,0.4362348914146423,5.029932975769043,260,0.2581401515151515,0.266,0.2926666666666666,24.347727272727276,264,32.700005,35.600006,10.787891025249312,10.71460068197782,9.961228810013306,286449,145327.48175272386,34.760000000000005,34.650000000000006,31.90000000000001,38.5,0.2010102647522489,0.1996158192346316,0.1996158192346316,0.194758778903132,0.2044728595661312,0.0048570403314995,2.0,0.7890529618238167,0.9973381151389932,0.5807678085086401,224684.0,225797.17669787744,2.0,0.0,0.0,0.0,0.0,True,173
2022-11-01,2022,11,1,10,9.084195747742283,8.481603622436523,3.2354750633239746,20.047452926635746,260,0.2667374999999999,0.2660416666666667,0.2915458333333333,21.10666666666667,240,32.700005,35.600006,7.363107740982992,7.318546943684761,6.816556362722453,286449,145327.48175272386,24.3,24.5,21.0,26.0,0.2046375143047659,0.2040848381881287,0.2040848381881287,0.1962123357235639,0.2119573406526937,0.0078725024645649,2.0,0.8947594325225394,0.999718256949662,0.789800608095417,264134.0,271583.918232724,2.0,0.0,0.0,0.0,0.0,True,174
2022-11-11,2022,11,2,10,8.375235229272109,7.511565923690796,4.240188121795654,18.336254119873047,260,0.2980291666666667,0.2673416666666667,0.291,19.94,240,32.700005,35.600006,7.979589076103253,7.947536476753676,7.431956628409349,286449,145327.48175272386,25.7,25.5,22.0,29.000000000000004,0.2162493008105671,0.2161248140667966,0.2161248140667966,0.2159247499431161,0.2163248781904772,0.0002000641236805,2.0,0.6117566092223893,0.9657418059729528,0.2577714124718257,173792.0,174809.40421282308,1.0,1.0,0.0,0.0,0.0,True,175
2022-11-21,2022,11,3,10,55.85077682641836,53.37784767150879,31.85799598693848,105.16297912597656,260,0.3425708333333333,0.2767958333333333,0.2901541666666666,18.07375,240,32.700005,35.600006,6.045345769964076,6.033806325978322,5.711909235611619,286449,145327.48175272386,21.5,22.0,17.0,25.0,0.2596009826669764,0.2393062592786999,0.2393062592786999,0.2168648236577781,0.2617476948996217,0.0224414356209217,2.0,0.2746092282588279,0.5037947267092412,0.0454237298084147,71068.5,64500.37511250807,1.0,0.0,0.0,0.0,1.0,True,176
2022-12-01,2022,12,1,10,5.698753274862582,5.38388204574585,1.7482959032058716,12.970077514648438,260,0.3421458333333333,0.2953583333333333,0.29,17.058333333333334,240,32.700005,35.600006,6.046168293409608,6.0609902776385685,5.840779348229352,286449,145327.48175272386,17.8,18.0,16.0,19.0,0.2776293231226591,0.2776293231226591,0.2776293231226591,0.2776293231226591,0.2776293231226591,0.0,1.0,0.7473997464312547,0.7473997464312547,0.7473997464312547,228007.0,119551.5817250273,1.0,0.0,0.0,0.0,0.0,True,177
2022-12-11,2022,12,2,10,13.054895131404583,12.258628368377686,5.755038261413574,30.000293731689453,260,0.3107791666666666,0.2949916666666666,0.2899416666666666,16.72041666666667,240,32.700005,35.600006,7.42898729069926,7.477476767994959,7.324880022020896,286449,145327.48175272386,19.2,19.5,17.0,22.0,0.3261185716685623,0.3261394371049588,0.3261394371049588,0.3163806062295938,0.3358982679803238,0.0097588308753649,2.0,0.9944150309917356,0.9999985325882796,0.9888315293951916,285608.0,290034.83763844776,2.0,0.0,0.0,0.0,0.0,True,178
2022-12-21,2022,12,3,11,35.113440586970405,30.64105224609375,16.67713165283203,96.74452209472656,260,0.3707840909090909,0.3108446969696969,0.289,14.315530303030304,264,32.700005,35.600006,5.944823579703871,6.014474700091025,6.017068568369353,286449,145327.48175272386,16.500000000000004,17.05,12.1,18.700000000000003,0.3388483579212355,0.3365081145170173,0.3365081145170173,0.3067474869434108,0.3662687420906239,0.0297606275736065,2.0,0.750807076446281,0.8608702925432006,0.6407438603493614,212424.5,212281.96353030184,2.0,0.0,0.0,0.0,0.0,True,179
2023-01-01,2023,1,1,10,38.41806084559514,36.83637809753418,16.012184143066406,76.84892272949219,260,0.3687916666666667,0.3322708333333333,0.2893999999999999,14.421666666666663,240,32.700005,35.600006,7.071189480281144,7.182068758143731,7.312086360209198,286449,145327.48175272386,17.7,17.5,14.000000000000002,21.0,0.4184627522744247,0.4192389150392999,0.4192389150392999,0.4062149106359056,0.4322629194426942,0.0130240044033942,2.0,0.7316169996712998,0.7515363800713749,0.7116976192712247,219151.0,225996.0010360101,2.0,0.0,0.0,0.0,0.0,True,180
2023-01-11,2023,1,2,10,47.600236302155714,34.2329158782959,9.935136795043944,174.28395080566406,260,0.3576916666666667,0.336275,0.29,13.255833333333332,240,32.700005,35.600006,8.005179864215355,8.144718566989791,8.314491903730387,286449,145327.48175272386,18.7,19.0,15.0,21.0,0.4989844568701415,0.4546160028022569,0.4546160028022569,0.3997807830293182,0.5094512225751956,0.0548352197729387,2.0,0.5795711342505635,0.9940129601803156,0.1651293083208114,161973.0,160631.14208271794,1.0,0.0,1.0,0.0,0.0,True,181
2023-01-21,2023,1,3,11,20.15897807433055,17.22587299346924,2.328526735305786,65.57362365722656,260,0.331905303030303,0.3279962121212121,0.28975,15.10909090909091,264,32.700005,35.600006,12.046263601694603,12.268144585222608,12.588343285567822,286449,145327.48175272386,23.54,23.1,19.8,26.40000000000001,0.49002932289546,0.4839887196492887,0.4839887196492887,0.4669871838246502,0.5009902554739272,0.0170015358246384,2.0,0.7186597541791886,0.9760298295454546,0.4612896788129226,208126.5,212302.5134192335,1.0,1.0,0.0,0.0,0.0,True,182
2023-02-01,2023,2,1,10,52.83288384400881,47.57341384887695,4.749998569488525,135.30331420898438,260,0.4695708333333333,0.4539999999999999,0.3198625,11.602916666666664,240,32.700005,35.600006,6.197878009070473,6.345337132547717,6.692269947461015,286449,145327.48175272386,16.7,17.5,9.0,22.0,0.547533631493053,0.5033756174377577,0.5033756174377577,0.4473003029066791,0.5594509319688363,0.0560753145310786,2.0,0.3887298377629601,0.6859254672238918,0.0915342083020285,122072.0,131616.01474261968,1.0,0.0,0.0,1.0,0.0,True,183
2023-02-11,2023,2,2,10,6.389013792491124,5.828274488449097,0.0,20.620737075805664,260,0.4232458333333333,0.4287625,0.3621958333333333,11.9775,240,32.700005,35.600006,10.928635668892822,11.175696960151203,11.710820158694066,286449,145327.48175272386,21.7,22.0,18.0,23.000000000000004,0.5513985884245245,0.5511492569286367,0.5511492569286367,0.545794310775493,0.5565042030817803,0.0053549461531436,2.0,0.9345490350300524,0.9971003944402704,0.8719976756198347,270528.0,277684.58683242043,2.0,0.0,0.0,0.0,0.0,True,184
2023-02-21,2023,2,3,8,13.151805255963252,12.841464519500732,4.198010444641113,29.344247817993164,260,0.3793020833333334,0.3946510416666666,0.3622395833333333,15.376041666666666,192,32.700005,35.600006,12.419797336972454,12.70576035810327,13.328357847222236,286449,145327.48175272386,21.440000000000005,22.4,17.6,23.200000000000003,0.5571289903237316,0.5571289903237316,0.5571289903237316,0.5571289903237316,0.5571289903237316,0.0,1.0,0.7021359645003756,0.7021359645003756,0.7021359645003756,217629.0,114661.09667041124,1.0,0.0,0.0,0.0,0.0,True,185
2023-03-01,2023,3,1,10,5.927068133766834,5.567867755889893,0.680401623249054,16.957561492919922,260,0.3396041666666666,0.3658791666666666,0.3580333333333333,17.3925,240,32.700005,35.600006,19.82135388726527,20.30677701570756,21.376617159543784,286449,145327.48175272386,32.3,33.0,26.0,35.0,0.5682671883834299,0.5684168484716268,0.5684168484716268,0.56796156202976,0.5688721349134935,0.0004552864418667,2.0,0.7147953254132232,0.9994056982531933,0.4301849525732532,210622.5,218746.3278166696,1.0,1.0,0.0,0.0,0.0,True,186
2023-03-11,2023,3,2,10,39.518855520395135,38.7882194519043,20.229637145996094,69.89600372314453,260,0.4036125,0.3805166666666666,0.3546541666666666,16.441666666666666,240,32.700005,35.600006,16.735223120734137,17.1486561949627,18.09132687865768,286449,145327.48175272386,29.5,31.0,23.000000000000004,32.0,0.598932352802603,0.6014629941330529,0.6014629941330529,0.5877056519589817,0.6152203363071241,0.0137573421740712,2.0,0.8538443252253944,0.9999530428249436,0.7077356076258452,243083.5,245495.1257022708,2.0,0.0,0.0,0.0,0.0,True,187
2023-03-21,2023,3,3,11,29.071666783552903,28.0677547454834,19.09064674377441,51.51013946533203,260,0.4194166666666666,0.4251969696969697,0.3695946969696969,16.59886363636364,264,32.700005,35.600006,21.1765335709558,21.719349489052743,22.892840790557702,286449,145327.48175272386,34.43000000000001,35.75,26.40000000000001,37.400000000000006,0.6389854660649992,0.6354405491505457,0.6318163413343381,0.6224491721093731,0.652056134007926,0.0123556791243779,3.0,0.4244693839218632,0.6467719876972201,0.1183511574943651,132564.33333333334,215999.6893667719,2.0,0.0,1.0,0.0,0.0,True,188
2023-04-01,2023,4,1,10,37.10325142787053,36.487016677856445,19.710968017578125,62.39301300048828,260,0.3558125,0.3817291666666666,0.3660666666666666,20.18791666666667,240,32.700005,35.600006,28.640574583355804,29.26722891221237,30.33421496702849,286449,145327.48175272386,43.4,44.0,37.0,47.0,0.5256298731016587,0.5160194697111975,0.5160194697111975,0.4727621212883554,0.5592768181340397,0.0432573484228421,2.0,0.471007612932006,0.5692163434447783,0.3727988824192336,125755.5,124927.72182168826,1.0,1.0,0.0,0.0,0.0,True,189
2023-04-11,2023,4,2,10,20.448343501225686,20.34542655944824,0.0,72.89991760253906,260,0.4151166666666667,0.421525,0.3736125,20.0625,240,32.700005,35.600006,23.96549293107442,24.446376666332565,25.18280933973216,286449,145327.48175272386,41.2,42.0,35.0,44.0,0.4874074819215688,0.5307886257234645,0.5307886257234645,0.4525469971754324,0.6090302542714966,0.0782416285480321,2.0,0.5030426782024794,0.7373934659090909,0.2686918904958678,134530.0,132771.70689240136,1.0,1.0,0.0,0.0,0.0,True,190
2023-04-21,2023,4,3,10,5.352892613468262,1.513452231884003,0.0,21.88117790222168,260,0.3589,0.3853583333333333,0.3728833333333333,18.75375,240,32.700005,35.600006,22.27750382516068,22.69484099142313,23.178967650825182,286449,145327.48175272386,43.9,45.0,37.0,48.00000000000001,0.4493627558665704,0.4237593876297064,0.4237593876297064,0.3790185829236355,0.4685001923357774,0.0447408047060709,2.0,0.6313516916322314,0.9791143289819684,0.2835890542824943,181493.5,183866.90150861256,1.0,1.0,0.0,0.0,0.0,True,191
2023-05-01,2023,5,1,10,0.0175574316428257,0.0,0.0,1.1993013620376587,260,0.32905,0.3546291666666666,0.3660083333333333,21.89333333333333,240,32.700005,35.600006,24.45758224286869,24.84779993986168,25.149000083775142,286449,145327.48175272386,53.0,54.0,47.0,56.00000000000001,0.3635326573246823,0.363631436651738,0.363631436651738,0.359250709998854,0.3680121633046221,0.004380726652884,2.0,0.9817710779019534,0.9995597764838468,0.96398237932006,280590.0,284231.3291515716,2.0,0.0,0.0,0.0,0.0,True,192
2023-05-11,2023,5,2,10,0.3765757860508389,0.0,0.0,5.414169788360596,260,0.2932583333333333,0.3316041666666667,0.3583125,23.727500000000003,240,32.700005,35.600006,22.248062461794277,22.51301565028136,22.606544035807893,286449,145327.48175272386,56.4,58.00000000000001,51.00000000000001,60.0,0.3126770281472119,0.2956925932160658,0.2956925932160658,0.2662426454279031,0.3251425410042284,0.0294499477881626,2.0,0.5862992169891059,0.9066476685762584,0.2659507654019534,164852.5,165565.66483899648,1.0,1.0,0.0,0.0,0.0,True,193
2023-05-21,2023,5,3,11,7.88656193109659,6.931921720504761,2.9180173873901367,22.30282974243164,260,0.2698068181818182,0.314280303030303,0.3503446969696969,25.354924242424243,264,32.700005,35.600006,21.53517777193035,21.703323345596104,21.699608637788195,286449,145327.48175272386,65.12000000000002,66.0,58.30000000000001,67.10000000000001,0.2753507590452047,0.2753513724123716,0.2753513724123716,0.2737675762746262,0.276935168550117,0.0015837961377453,2.0,0.955362069167919,0.9626983940646132,0.9480257442712248,277748.0,283562.93584333645,2.0,0.0,0.0,0.0,0.0,True,194
2023-06-01,2023,6,1,10,3.609485657398517,3.3477044105529785,1.6956292390823364,9.111536026000977,260,0.2529416666666667,0.3017583333333333,0.3424416666666667,27.18208333333333,240,32.700005,35.600006,19.35827297848175,19.46064519824167,19.468183395765763,286449,145327.48175272386,61.4,62.0,57.0,64.0,0.2587260981586527,0.2450420054915811,0.2450420054915811,0.2313566628732374,0.2587273481099248,0.0136853426183437,2.0,0.4729189166979715,0.945765930221638,7.19031743050338e-05,138876.5,141524.09603173367,1.0,0.0,0.0,0.0,1.0,True,195
2023-06-11,2023,6,2,10,0.0007172676134639,0.0,0.0,0.1448443681001663,260,0.2494125,0.2931625,0.335675,25.43125,240,32.700005,35.600006,16.724729880934525,16.799087902175003,16.909726294625226,286449,145327.48175272386,62.2,63.00000000000001,57.0,66.0,0.2468533188023794,0.2428684031524044,0.2428684031524044,0.2335495688815835,0.2521872374232253,0.0093188342708208,2.0,0.7063701810199098,0.9990960743801652,0.4136442876596544,202353.5,203581.77156295688,1.0,1.0,0.0,0.0,0.0,True,196
2023-06-21,2023,6,3,10,0.0009287916195507,0.0,0.0,0.2312913239002227,260,0.2485666666666666,0.2869875,0.3296458333333333,26.27208333333333,240,32.700005,35.600006,18.76216584130689,18.823393805753238,18.95867491652405,286449,145327.48175272386,65.5,66.5,59.0,69.0,0.2417124502379123,0.2415561434194171,0.2415561434194171,0.2348940247232885,0.2482182621155458,0.0066621186961286,2.0,0.9756754496149512,0.9998591284748308,0.9514917707550714,280082.0,283982.8054463539,2.0,0.0,0.0,0.0,0.0,True,197
2023-07-01,2023,7,1,10,0.0293976738301213,0.0140428505837917,0.0,0.1388044953346252,260,0.2473999999999999,0.2820083333333333,0.3238916666666667,27.25041666666667,240,32.700005,35.600006,18.46388928017242,18.512163690774496,18.62386155558481,286449,145327.48175272386,65.2,66.5,58.00000000000001,69.0,0.2314996866055758,0.2308645874664304,0.2308645874664304,0.2239181562486661,0.2378110186841947,0.0069464312177643,2.0,0.9325144686795644,0.999988260706236,0.8650406766528925,264844.5,266307.01415740734,2.0,0.0,0.0,0.0,0.0,True,198
2023-07-11,2023,7,2,10,0.03040846926787,0.0135200996883213,0.0,0.1331390887498855,260,0.2450999999999999,0.2781708333333333,0.3186833333333333,30.5975,240,32.700005,35.600006,22.008000113015324,22.031701484843712,22.020596718407795,286449,145327.48175272386,74.7,74.0,69.0,78.0,0.2239289695371757,0.2239289693403732,0.2239289693403732,0.2229303384863837,0.2249276001943628,0.0009986308539895,2.0,0.9999838584710744,0.9999897281179564,0.9999779888241924,286447.5,290654.7499374476,2.0,0.0,0.0,0.0,0.0,True,199
2023-07-21,2023,7,3,11,0.0336077088214761,0.0104693807661533,0.0,0.1538212746381759,260,0.2438825757575757,0.2748257575757575,0.3135454545454545,30.50757575757576,264,32.700005,35.600006,21.68748111634876,21.686186805297694,21.565052601802524,286449,145327.48175272386,78.86999999999999,79.2,71.5,82.5,0.2117433477189802,0.2117433477189802,0.2117433477189802,0.2091696644420807,0.2143170309958797,0.0025736832768994,2.0,0.9999919292355371,0.9999985325882796,0.9999853258827948,286449.0,290654.9635054477,2.0,0.0,0.0,0.0,0.0,True,200
2023-08-01,2023,8,1,10,0.0224859239128328,0.0,0.0,0.1580681800842285,260,0.2447916666666666,0.2723833333333333,0.3090833333333333,28.776666666666664,240,32.700005,35.600006,16.75001988542139,16.726936239064134,16.524492262766735,286449,145327.48175272386,66.0,67.5,59.0,69.0,0.2051062316097311,0.2047902662815911,0.2047902662815911,0.1983179036442491,0.2112626289189332,0.006472362637342,2.0,0.956089171675432,0.9945074779301276,0.9176708654207364,273904.5,276786.43511961173,2.0,0.0,0.0,0.0,0.0,True,201
2023-08-11,2023,8,2,10,0.025194911168924,0.0010322832386009,0.0,0.1757811158895492,260,0.2474833333333333,0.2706291666666667,0.3053583333333333,30.32708333333333,240,32.700005,35.600006,14.618780606212368,14.573762510917968,14.291932453295356,286449,145327.48175272386,61.7,63.00000000000001,53.00000000000001,66.0,0.193794179828802,0.1963286371955548,0.1963286371955548,0.1887062843946634,0.2039509899964464,0.0076223528008915,2.0,0.7254142503287002,0.9963476122276484,0.454480888429752,211598.5,218107.217902001,1.0,1.0,0.0,0.0,0.0,True,202
2023-08-21,2023,8,3,11,0.0465855478201634,0.0229750908911228,0.0,0.4049607515335083,260,0.2537651515151515,0.2693068181818182,0.302030303030303,28.42159090909091,264,32.700005,35.600006,11.834830139710368,11.755630768340218,11.361080414499265,286449,145327.48175272386,63.580000000000005,64.9,56.10000000000001,67.10000000000001,0.1913374244614181,0.1881330574639175,0.1881330574639175,0.1803020648394991,0.1959640500883359,0.0078309926244184,2.0,0.7490498509109692,0.9999662495304282,0.4981334522915101,207318.0,206256.7014980473,1.0,1.0,0.0,0.0,0.0,True,203
2023-09-01,2023,9,1,10,0.0166263602004619,0.0,0.0,1.0026233196258545,260,0.2537333333333333,0.2684499999999999,0.2992166666666666,29.433333333333334,240,32.700005,35.600006,9.4753576451826,9.377346468305674,8.901300908361957,286449,145327.48175272386,57.8,58.5,54.0,61.00000000000001,0.1988955548275701,0.1987002088941699,0.1987002088941699,0.1921607493234268,0.2052396684649131,0.0065394595707431,2.0,0.978673371759955,0.9987747112133734,0.9585720323065364,278927.5,282196.43688530615,2.0,0.0,0.0,0.0,0.0,True,204
2023-09-11,2023,9,2,10,0.0815550713226772,0.041132628917694,0.0,1.5672882795333862,260,0.2464749999999999,0.2677541666666667,0.2968791666666666,27.805416666666662,240,32.700005,35.600006,12.075375554607549,11.967110067440828,11.259607214236988,286449,145327.48175272386,51.6,52.0,48.00000000000001,55.0,0.1788449920351892,0.1788439271881226,0.1788439271881226,0.1626768532499694,0.1950110011262758,0.0161670739381532,2.0,0.9997079850676184,0.9997167895379414,0.9996991805972952,286378.5,290561.74636066984,2.0,0.0,0.0,0.0,0.0,True,205
2023-09-21,2023,9,3,10,0.5633660127767004,0.4264760762453079,0.0,2.664214611053467,260,0.2456958333333333,0.267,0.2947791666666666,27.964166666666664,240,32.700005,35.600006,9.905924574194891,9.828555678059535,9.25565781442608,286449,145327.48175272386,46.0,46.00000000000001,42.0,48.00000000000001,0.1931280613871264,0.1931290134946386,0.1931290134946386,0.1906729313234808,0.1955850956657965,0.0024560821711578,2.0,0.9905513359316304,0.998457750281743,0.9826449215815176,285787.0,290297.207459223,2.0,0.0,0.0,0.0,0.0,True,206
2023-10-01,2023,10,1,10,5.440169056333028,5.553030252456665,0.0,11.113268852233888,260,0.2523875,0.2668416666666667,0.2932666666666667,26.230416666666667,240,32.700005,35.600006,8.39804211299814,8.32503329085468,7.777947987601278,286449,145327.48175272386,37.8,38.0,35.0,41.00000000000001,0.1895516074855658,0.176963337008593,0.176963337008593,0.1643692645803321,0.189557409436854,0.0125940724282609,2.0,0.4549886128850489,0.9057877653080392,0.0041894604620586,130513.0,132471.06210356372,1.0,0.0,0.0,0.0,1.0,True,207
2023-10-11,2023,10,2,10,0.5172193103692665,0.3075772821903229,0.0,3.623954296112061,260,0.31515,0.2725875,0.2919666666666666,23.88125,240,32.700005,35.600006,6.142815467963919,6.089906785606896,5.693155570448915,286449,145327.48175272386,33.7,34.0,29.000000000000004,37.0,0.1993311146152883,0.1992282858610631,0.1992282858610631,0.1950593197103765,0.2033972520117498,0.0041689661506866,2.0,0.8414160816585274,0.8509417848422239,0.8318903784748309,248872.5,255682.36911725573,2.0,0.0,0.0,0.0,0.0,True,208
2023-10-21,2023,10,3,11,7.454880043176504,6.475192546844482,1.7058842182159424,21.01247978210449,260,0.3094015151515151,0.2846439393939393,0.2908560606060606,26.75757575757576,264,32.700005,35.600006,12.66894244629776,12.543644630580726,11.549716913196628,286449,145327.48175272386,45.10000000000001,45.10000000000001,40.7,51.7,0.1928395659221935,0.199689131279163,0.199689131279163,0.1920433393369814,0.2073349232213446,0.0076457919421816,2.0,0.5413758745773853,0.9998151061232156,0.0829366430315552,153213.0,153284.49521525073,1.0,0.0,0.0,1.0,0.0,True,209
2023-11-01,2023,11,1,10,6.085413389022534,5.912014961242676,2.385392189025879,12.070783615112305,260,0.2713833333333333,0.28175,0.2899333333333332,24.646666666666665,240,32.700005,35.600006,9.531504052147168,9.465492060310142,8.820637409193724,286449,145327.48175272386,28.7,29.000000000000004,27.0,30.0,0.1901071434610305,0.1901071434610305,0.1901071434610305,0.1901071434610305,0.1901071434610305,0.0,1.0,0.9419638664537942,0.9419638664537942,0.9419638664537942,276944.0,141638.02671226466,1.0,0.0,0.0,0.0,0.0,True,210
2023-11-11,2023,11,2,10,99.09096240997314,87.41529846191406,34.21707534790039,185.9386749267578,260,0.328925,0.2949708333333333,0.2890166666666666,21.360833333333336,240,32.700005,35.600006,6.922557743500137,6.909062271796561,6.551060952403748,286449,145327.48175272386,20.9,21.5,17.0,22.0,0.2042535287068595,0.1960731036891409,0.1960731036891409,0.1861014657018867,0.2060447416763952,0.0099716379872542,2.0,0.5630781602178813,0.9915168928437266,0.134639427592036,158005.5,159040.65040023104,1.0,0.0,1.0,0.0,0.0,True,211
2023-11-21,2023,11,3,10,31.856787318449754,30.98805522918701,9.017163276672363,67.26988983154297,260,0.4180166666666666,0.40135,0.2925541666666666,17.60625,240,32.700005,35.600006,8.046790544142477,8.098268875556638,7.876694950752181,286449,145327.48175272386,23.3,24.000000000000004,18.0,26.0,0.2127787165670458,0.2127965753438199,0.2127965753438199,0.2115772670758052,0.2140158836118347,0.0012193082680147,2.0,0.7979689554376408,0.8355970604808415,0.7603408503944402,229245.0,232672.72553447628,2.0,0.0,0.0,0.0,0.0,True,212
2023-12-01,2023,12,1,10,33.80355769670927,31.96411895751953,13.661296844482422,71.44833374023438,260,0.4111916666666667,0.392325,0.296775,17.86,240,32.700005,35.600006,8.63712488211276,8.729578029467776,8.66068671685197,286449,145327.48175272386,19.7,20.0,17.0,22.0,0.3033279022110923,0.3136458951133329,0.3136458951133329,0.292222961972674,0.3350688282539919,0.0214229331406589,2.0,0.6838630200507139,0.9999985325882796,0.367727507513148,193947.5,196172.0285590336,1.0,1.0,0.0,0.0,0.0,True,213
2023-12-11,2023,12,2,10,21.530333436452427,19.660818099975582,6.934102535247803,46.54059600830078,260,0.4120125,0.3966958333333333,0.3008375,15.759166666666664,240,32.700005,35.600006,8.595082979276869,8.727251249301966,8.81814809052503,286449,145327.48175272386,19.1,19.0,16.0,21.0,0.4110601964300994,0.4229432140666765,0.4229432140666765,0.3995293911773997,0.4463570369559534,0.0234138228892768,2.0,0.6186277646036814,0.9801488542449286,0.2571066749624343,184879.5,191367.28992739736,1.0,1.0,0.0,0.0,0.0,True,214
2023-12-21,2023,12,3,11,58.794723701477054,52.66753387451172,16.386381149291992,122.2853012084961,260,0.4377613636363636,0.4298598484848485,0.3137840909090909,15.48371212121212,264,32.700005,35.600006,9.572386662108654,9.733745448189634,9.905371164721164,286449,145327.48175272386,18.7,19.25,14.3,19.8,0.5337718797954497,0.5338515530287287,0.5338515530287287,0.523908361505085,0.5437947445523724,0.0099431915236437,2.0,0.9762051852460556,0.9999867932945156,0.9524235771975956,282873.5,288340.80034696014,2.0,0.0,0.0,0.0,0.0,True,215
2024-01-01,2024,1,1,10,15.958486973322357,15.33139705657959,6.876825332641602,33.6671028137207,260,0.4084708333333333,0.4068458333333333,0.3252541666666667,16.117083333333333,240,32.700005,35.600006,9.302570036667015,9.45680780079898,9.615005325705804,286449,145327.48175272386,16.0,16.5,12.000000000000002,18.0,0.5395703973654897,0.4567325859107107,0.4567325859107107,0.3621501094970388,0.5513150623243827,0.0945824764136719,2.0,0.3546418634954921,0.6527898431630353,0.0564938838279489,104860.5,106687.9383436869,1.0,0.0,0.0,1.0,0.0,True,216
2024-01-11,2024,1,2,10,49.58132035182073,48.954322814941406,23.905820846557617,94.0648193359375,260,0.4586708333333333,0.4479875,0.3484791666666666,14.28125,240,32.700005,35.600006,7.550889997768526,7.677651455490485,7.844597101379897,286449,145327.48175272386,13.5,14.000000000000002,10.0,16.0,0.6359295076773316,0.6338192138749058,0.6338192138749058,0.6211220810394731,0.6465163467103385,0.0126971328354327,2.0,0.6900356874530429,0.8293473539631856,0.5507240209429001,198382.5,203838.53878749488,2.0,0.0,0.0,0.0,0.0,True,217
2024-01-21,2024,1,3,11,47.90179696083069,44.83609771728516,8.376108169555664,109.43888854980467,260,0.4602083333333333,0.4573219696969697,0.3825909090909091,13.261363636363637,264,32.700005,35.600006,8.16352374531278,8.318987203201827,8.578162174018155,286449,145327.48175272386,13.53,14.3,9.9,15.400000000000002,0.5824482416042999,0.5810413389627288,0.5810413389627288,0.5689038795826749,0.5931787983427828,0.0121374593800539,2.0,0.2395512948441021,0.2784046886739293,0.2006979010142749,58190.0,48862.02665765535,0.0,1.0,1.0,0.0,0.0,True,218
2024-02-01,2024,2,1,10,37.52480066372798,35.003400802612305,10.075590133666992,78.97476196289062,260,0.4679583333333333,0.4680416666666666,0.4294291666666667,13.269166666666669,240,32.700005,35.600006,9.406819569513482,9.59321439310414,9.916093205835535,286449,145327.48175272386,15.1,15.5,13.0,16.0,0.6575337665769493,0.5900814275595017,0.5900814275595017,0.51459231914337,0.6655705359756333,0.0754891084161316,2.0,0.3936896893782869,0.7152296792824944,0.0721496994740796,118637.5,123881.18524206748,1.0,0.0,0.0,1.0,0.0,True,219
2024-02-11,2024,2,2,10,78.14331338589008,71.57448959350586,12.50522232055664,182.3025054931641,260,0.4637333333333333,0.4595416666666667,0.434375,14.1625,240,32.700005,35.600006,12.044478565941471,12.299259725941091,12.761875127158708,286449,145327.48175272386,16.6,17.0,13.0,18.0,0.676763568741751,0.676763568741751,0.676763568741751,0.676763568741751,0.676763568741751,0.0,1.0,0.1875469571750563,0.1875469571750563,0.1875469571750563,60324.0,34115.91262046311,0.0,0.0,1.0,0.0,0.0,True,220
2024-02-21,2024,2,3,9,18.211500672193672,17.726954460144043,7.427317142486572,40.44416046142578,260,0.4435787037037037,0.4526712962962963,0.4397129629629629,14.866203703703704,216,32.700005,35.600006,16.68584199939247,17.04557271146609,17.667808830289378,286449,145327.48175272386,21.87,22.5,19.8,22.5,0.6816966499338981,0.6816966499338981,0.6816966499338981,0.6816966499338981,0.6816966499338981,0.0,1.0,0.8521729432757326,0.8521729432757326,0.8521729432757326,245976.0,126940.81851144569,1.0,0.0,0.0,0.0,0.0,True,221
2024-03-01,2024,3,1,10,7.405622650109804,7.417591571807861,0.4973329305648803,20.4429931640625,260,0.4346916666666666,0.4305916666666666,0.429825,15.580416666666668,240,32.700005,35.600006,20.260045959040543,20.699730809433124,21.48247304235432,286449,145327.48175272386,26.0,26.5,21.0,28.000000000000004,0.6726586193244318,0.6708508674891909,0.6708508674891909,0.65819109989933,0.6835106350790516,0.0126597675898608,2.0,0.8803721943087904,0.9869517749812172,0.7737926136363636,250188.5,250009.7265530436,2.0,0.0,0.0,0.0,0.0,True,222
2024-03-11,2024,3,2,10,17.233254095224233,16.542201042175293,4.338695526123047,61.027320861816406,260,0.4097625,0.4127916666666666,0.41995,16.64875,240,32.700005,35.600006,20.25802867773916,20.674551468377267,21.44509735868928,286449,145327.48175272386,28.7,29.0,23.000000000000004,32.0,0.5649542444605511,0.5322838985912791,0.5322838985912791,0.4886730448985718,0.5758947522839865,0.0436108536927073,2.0,0.1698132865326821,0.2875246525169045,0.0521019205484598,39245.0,32363.29893464987,0.0,1.0,0.0,1.0,0.0,True,223
2024-03-21,2024,3,3,11,16.906342852115632,14.1951322555542,2.696368455886841,43.10968399047852,260,0.4110568181818182,0.4185075757575758,0.4129356060606061,18.696590909090908,264,32.700005,35.600006,29.3725009254558,29.950976450942985,30.987556912060494,286449,145327.48175272386,37.73,38.5,31.90000000000001,40.7,0.6114346019809245,0.5983097324979647,0.5983097324979647,0.5821180889063322,0.6145013760895972,0.0161916435916325,2.0,0.5483196668388429,0.9993499366078136,0.0972893970698722,158019.0,160484.61935988916,1.0,0.0,0.0,1.0,0.0,True,224
2024-04-01,2024,4,1,10,5.477445843242682,4.056639909744263,0.0,29.782878875732425,260,0.3564833333333333,0.3773291666666666,0.4013791666666667,20.77083333333333,240,32.700005,35.600006,27.39011933506873,27.878277180372,28.6823605442991,286449,145327.48175272386,40.6,41.5,36.0,43.0,0.5635067431031012,0.5442076452248896,0.5442076452248896,0.5092129129656391,0.5792023774841403,0.0349947322592505,2.0,0.6438070823159279,0.9999735865890308,0.2876405780428249,184439.5,187337.78535356157,1.0,1.0,0.0,0.0,0.0,True,225
2024-04-11,2024,4,2,10,0.0035253406430666,0.0,0.0,0.3541931211948395,260,0.3657375,0.3656416666666667,0.3919625,21.10875,240,32.700005,35.600006,25.085278510807807,25.508218903478,26.11809902222435,286449,145327.48175272386,43.7,44.0,40.0,48.00000000000001,0.4397407575523912,0.4392647221664844,0.4392647221664844,0.4360353230204059,0.4424941213125629,0.0032293991460785,2.0,0.6444160581799399,0.7295061279113448,0.559325988448535,180158.0,179607.15389270318,2.0,0.0,0.0,0.0,0.0,True,226
2024-04-21,2024,4,3,10,12.94996515237368,11.071620464324951,3.780998706817627,34.65300750732422,260,0.3046666666666667,0.3426208333333333,0.3810208333333333,24.050416666666667,240,32.700005,35.600006,25.8935277796476,26.29450593507925,26.72518161255191,286449,145327.48175272386,47.0,48.5,41.00000000000001,51.00000000000001,0.4160149082879389,0.4148371392055486,0.4148371392055486,0.4129762661737528,0.4166980122373445,0.0018608730317958,2.0,0.563726756198347,0.9968729456235912,0.1305805667731029,169737.5,177918.1572225331,1.0,0.0,1.0,0.0,0.0,True,227
2024-05-01,2024,5,1,10,3.2860868429048704,2.343391895294189,0.0,11.715837478637695,260,0.3461458333333333,0.3352333333333333,0.37205,22.435,240,32.700005,35.600006,20.31228184354552,20.57422786695113,20.70982682480223,286449,145327.48175272386,50.4,51.5,42.0,55.0,0.3389455992080848,0.3390827195056746,0.3390827195056746,0.3365579466814096,0.3416074923299397,0.002524772824265,2.0,0.9573239986382418,0.999816573534936,0.9148314237415476,272541.0,275655.4303482798,2.0,0.0,0.0,0.0,0.0,True,228
2024-05-11,2024,5,2,10,0.0891552893015054,0.0,0.0,3.623584270477295,260,0.3307833333333334,0.3357833333333334,0.3640833333333333,23.54375,240,32.700005,35.600006,19.229159862473374,19.40042096822692,19.38620342999389,286449,145327.48175272386,53.3,54.5,48.00000000000001,57.0,0.2898068200358871,0.2914397067250209,0.2914397067250209,0.284288232745052,0.2985911807049898,0.0071514739799689,2.0,0.6786705836776858,0.8442371806912096,0.5131039866641622,192895.0,195384.8750793823,2.0,0.0,0.0,0.0,0.0,True,229
2024-05-21,2024,5,3,11,0.2283167268328655,0.0,0.0,4.755183696746826,260,0.2855946969696969,0.3192310606060606,0.355155303030303,24.682954545454542,264,32.700005,35.600006,19.560556182695155,19.68968340665109,19.649988620938664,286449,145327.48175272386,64.13000000000001,64.9,59.400000000000006,68.2,0.2758088265205737,0.2748785544097619,0.2748785544097619,0.2700370838490037,0.2797200249705201,0.0048414705607582,2.0,0.8027270379413974,0.9725682052967694,0.6328858705860255,236063.0,242391.0638184223,2.0,0.0,0.0,0.0,0.0,True,230
2024-06-01,2024,6,1,10,0.0052742017424092,0.0,0.0,0.7346166968345642,260,0.2578166666666667,0.3056666666666666,0.346425,29.745833333333334,240,32.700005,35.600006,22.94940880637516,23.05673048010424,23.00230980049547,286449,145327.48175272386,72.2,72.0,66.0,76.0,0.2587558286900587,0.2587560039025111,0.2587560039025111,0.2505303507578427,0.2669816570471794,0.0082256531446683,2.0,0.9998627970041324,0.9998664655334336,0.9998591284748308,286420.0,290619.7572832083,2.0,0.0,0.0,0.0,0.0,True,231
2024-06-11,2024,6,2,10,0.0006180878674898,0.0,0.0,0.1261107474565506,260,0.2477875,0.295425,0.3384666666666666,29.9525,240,32.700005,35.600006,22.17498432729972,22.253783702515783,22.29977141352609,286449,145327.48175272386,72.6,73.0,65.0,77.0,0.2522918871572915,0.2522918871572915,0.2522918871572915,0.2513533456660826,0.2532304286485006,0.000938541491209,2.0,0.9999728528831704,0.9999897281179564,0.9999559776483846,286449.0,290654.9635054477,2.0,0.0,0.0,0.0,0.0,True,232
2024-06-21,2024,6,3,10,0.0008071399723681,0.0,0.0,0.2013773322105407,260,0.2482916666666666,0.2881625,0.3314916666666667,28.63791666666667,240,32.700005,35.600006,18.35315552529645,18.41395924913014,18.572579197434088,286449,145327.48175272386,68.2,69.5,61.00000000000001,72.0,0.2419142521057624,0.2409576066152799,0.2409576066152799,0.2376801262594661,0.2442350869710938,0.0032774803558138,2.0,0.8086619846450037,0.9999002160030052,0.6174237532870023,225750.0,224971.40037160832,2.0,0.0,0.0,0.0,0.0,True,233
2024-07-01,2024,7,1,10,0.0293976864961083,0.0140428445301949,0.0,0.1388046890497207,260,0.24625,0.2828708333333333,0.3254083333333333,29.785416666666663,240,32.700005,35.600006,16.6867153782545,16.71620441300706,16.929581004583696,286449,145327.48175272386,70.7,71.0,65.0,74.0,0.2319363624120263,0.2319229491477525,0.2319229491477525,0.2276126456237927,0.2362332526717123,0.0043103035239598,2.0,0.9969808003850488,0.999057921675432,0.9949036790946656,285453.5,289482.21538835694,2.0,0.0,0.0,0.0,0.0,True,234
2024-07-11,2024,7,2,10,0.0304084922809404,0.0135201155208051,0.0,0.1331390440464019,260,0.2465583333333333,0.2786916666666667,0.3199125,30.63833333333333,240,32.700005,35.600006,15.1441590052579,15.141890634172883,15.313582344986058,286449,145327.48175272386,72.3,73.0,66.0,75.0,0.2250019335043427,0.2249854003944948,0.2249854003944948,0.2210734426193316,0.2288973581696582,0.0039119577751633,2.0,0.9963013887584522,0.9999794562359128,0.9926233212809916,285292.0,289431.39567527367,2.0,0.0,0.0,0.0,0.0,True,235
2024-07-21,2024,7,3,11,0.0336076917426768,0.0104693854227662,0.0,0.1538216322660446,260,0.2467007575757576,0.2754810606060606,0.3148522727272727,30.4375,264,32.700005,35.600006,16.30981879572797,16.28665929610695,16.30541304748928,286449,145327.48175272386,75.68,76.45,69.30000000000001,79.2,0.225607846884306,0.2256403314138063,0.2256403314138063,0.2248364020479576,0.2264442607796551,0.0008039293658487,2.0,0.9572689706987229,0.999997065176559,0.9145408762208864,275177.5,279365.8617436383,2.0,0.0,0.0,0.0,0.0,True,236
2024-08-01,2024,8,1,10,0.0225197006677402,0.0,0.0,0.1581946164369583,260,0.2456749999999999,0.272975,0.3103583333333333,29.254583333333336,240,32.700005,35.600006,15.101255856088311,15.06316671200905,14.884833107938292,286449,145327.48175272386,66.4,67.5,59.0,70.0,0.2179006225888948,0.2179006225888948,0.2179006225888948,0.2179006225888948,0.2179006225888948,0.0,1.0,0.9864132348797896,0.9864132348797896,0.9864132348797896,282150.0,142853.1018769617,1.0,0.0,0.0,0.0,0.0,True,237
2024-08-11,2024,8,2,10,0.0252322711612438,0.0010327970958314,0.0,0.1759216785430908,260,0.24575,0.2711,0.3065375,29.771666666666665,240,32.700005,35.600006,15.642710137163174,15.602349690001288,15.270079107675,286449,145327.48175272386,63.0,63.00000000000001,57.0,66.0,0.2063665350824908,0.2064052643359452,0.2064052643359452,0.2054351429060214,0.207375385765869,0.0009701214299237,2.0,0.9318269862885048,0.9529577150638616,0.910696257513148,263315.5,265158.7521671471,2.0,0.0,0.0,0.0,0.0,True,238
2024-08-21,2024,8,3,11,0.0465144038003367,0.0229750704020261,0.0,0.4047960042953491,260,0.2445340909090909,0.2695795454545455,0.3030075757575757,29.35151515151515,264,32.700005,35.600006,16.281157197372995,16.225216557869693,15.701418179981882,286449,145327.48175272386,65.45000000000002,66.0,59.400000000000006,68.2,0.1992398637699797,0.1986464003760183,0.1986464003760183,0.1935185187374139,0.2037742820146227,0.0051278816386043,2.0,0.896300214829076,0.9982845956987229,0.794315833959429,256986.0,259964.2578610017,2.0,0.0,0.0,0.0,0.0,True,239
2024-09-01,2024,9,1,10,0.0177436692261835,0.0,0.0,1.0558478832244873,260,0.2455708333333333,0.26855,0.3001125,28.5125,240,32.700005,35.600006,12.768574808283518,12.700146050201177,12.108620462678171,286449,145327.48175272386,54.4,55.5,50.0,58.00000000000001,0.19791557223734,0.19791557223734,0.19791557223734,0.19791557223734,0.19791557223734,0.0,1.0,0.6252978845792637,0.6252978845792637,0.6252978845792637,179298.0,88488.0208936809,1.0,0.0,0.0,0.0,0.0,True,240
2024-09-11,2024,9,2,10,0.1805234717858883,0.0673524998128414,0.0,3.81906533241272,260,0.2464624999999999,0.2679708333333333,0.2978208333333333,28.227916666666665,240,32.700005,35.600006,12.146360189813704,12.080477956442676,11.390799095228408,286449,145327.48175272386,52.8,54.0,47.0,56.00000000000001,0.2053717474410341,0.2009874242057449,0.2009874242057449,0.1896271618429863,0.2123476865685035,0.0113602623627585,2.0,0.7203311361288506,0.9999618472952668,0.4407004249624343,205864.5,209708.470755438,1.0,1.0,0.0,0.0,0.0,True,241
2024-09-21,2024,9,3,10,0.6778715301878178,0.5005330741405487,0.0,2.981820106506348,260,0.2526083333333333,0.2670291666666667,0.296,26.89125,240,32.700005,35.600006,11.562268373959126,11.506171336932086,10.855068994817907,286449,145327.48175272386,45.8,46.5,42.0,49.0,0.2070090995153561,0.2039396701030532,0.2039396701030532,0.1930579863240678,0.2148213538820387,0.0108816837789854,2.0,0.7937640871525169,0.999997065176559,0.5875311091284748,224979.0,226707.02748178015,2.0,0.0,0.0,0.0,0.0,True,242
2024-10-01,2024,10,1,10,0.9661699938910224,0.7393955290317535,0.0,3.9385595321655273,260,0.2543208333333333,0.267,0.2943583333333333,25.91375,240,32.700005,35.600006,11.16861136704695,11.133492747605208,10.520530895077613,286449,145327.48175272386,39.5,40.0,36.0,42.0,0.2037787275104028,0.1996016431062481,0.1996016431062481,0.1900551320401085,0.2091481541723878,0.0095465110661396,2.0,0.6945046898478587,0.9999735865890308,0.3890357931066867,199245.5,202183.7085023162,1.0,1.0,0.0,0.0,0.0,True,243
2024-10-11,2024,10,2,10,0.3617314866157987,0.2107724249362945,0.0,2.425751209259033,260,0.2521041666666667,0.26665,0.2927916666666667,24.65333333333333,240,32.700005,35.600006,9.920468880962014,9.87574993914575,9.269097741661382,286449,145327.48175272386,34.9,35.0,33.0,37.0,0.1973286636680336,0.1973297416462445,0.1973297416462445,0.1886377941501146,0.2060216891423744,0.0086919474961298,2.0,0.997288223140496,0.997966167355372,0.9966102789256198,286252.5,290571.76916593045,2.0,0.0,0.0,0.0,0.0,True,244
2024-10-21,2024,10,3,11,1.1872618567485076,1.115080177783966,0.1765542477369308,2.158414840698242,260,0.2471590909090909,0.266,0.2914924242424242,21.706439393939394,264,32.700005,35.600006,11.088153637601078,11.02962669377751,10.17007310326814,286449,145327.48175272386,40.48,41.25,35.2,45.10000000000001,0.2103067506224947,0.2100952331594511,0.215257008411257,0.1927772205727267,0.2222514704943697,0.0125742009666216,3.0,0.9831536243112948,0.999997065176559,0.9494799492862508,282562.6666666667,430721.0257664081,3.0,0.0,0.0,0.0,0.0,True,245
2024-11-01,2024,11,1,10,8.925095107005193,8.166013717651367,2.202550172805786,19.66778945922852,260,0.2627541666666667,0.266,0.2904416666666666,21.81,240,32.700005,35.600006,8.555114690811239,8.520074743338249,7.893832952355877,286449,145327.48175272386,30.0,30.0,26.0,37.0,0.2199805897232729,0.2200016369805052,0.2200016369805052,0.2151330186690113,0.2248702552919991,0.0048686183114939,2.0,0.9545645308978212,0.959854550150263,0.9492745116453796,271353.5,275538.1615907799,2.0,0.0,0.0,0.0,0.0,True,246
2024-11-11,2024,11,2,10,13.764696572377131,12.91127109527588,5.354244709014893,33.55876922607422,260,0.2890791666666666,0.266675,0.2896374999999999,19.75208333333333,240,32.700005,35.600006,5.849382408839004,5.836230472944917,5.465095683186328,286449,145327.48175272386,20.0,20.0,17.0,22.0,0.2252115393769027,0.2255897187516826,0.2255897187516826,0.221723239033552,0.2294561984698132,0.0038664797181305,2.0,0.8831690810480841,0.9987512326258452,0.767586929470323,257383.5,264564.3443695916,2.0,0.0,0.0,0.0,0.0,True,247
2024-11-21,2024,11,3,10,5.619600390012447,5.136849403381348,0.7311899065971375,12.879268646240234,260,0.3506541666666666,0.2775166666666667,0.289,16.130833333333335,240,32.700005,35.600006,5.020605410637098,5.02512206646716,4.725504745263712,286449,145327.48175272386,18.8,19.0,15.0,20.0,0.2564650270870954,0.2538821043936879,0.2538821043936879,0.2418726476218152,0.2658915611655607,0.0120094567718727,2.0,0.7552445294891059,0.992607179752066,0.5178818792261457,227775.0,238081.77538200543,2.0,0.0,0.0,0.0,0.0,True,248
2024-12-01,2024,12,1,10,4.769092554770984,4.4755449295043945,1.212962627410889,10.054786682128906,260,0.3192666666666666,0.2844583333333333,0.289,16.066666666666666,240,32.700005,35.600006,6.380380242706564,6.414145391543407,6.12089950572663,286449,145327.48175272386,20.5,20.5,18.0,23.000000000000004,0.2748588410059343,0.2538782415835476,0.2538782415835476,0.2313258188614261,0.2764306643056692,0.0225524227221215,2.0,0.4876876819590533,0.955009156649136,0.0203662072689706,144180.0,148905.43166877114,1.0,0.0,0.0,0.0,1.0,True,249
2024-12-11,2024,12,2,10,9.72407356775724,8.877437591552734,2.791133165359497,21.73566055297852,260,0.2954708333333333,0.2837375,0.2880458333333333,14.568333333333332,240,32.700005,35.600006,6.878311934391227,6.944636950700898,6.731967399499743,286449,145327.48175272386,20.1,19.5,18.0,23.000000000000004,0.294026678145925,0.2849266738637434,0.2849266738637434,0.2723326414670609,0.297520706260426,0.0125940323966825,2.0,0.577628281132607,0.996309459522915,0.158947102742299,165468.5,168638.9708490016,1.0,0.0,1.0,0.0,0.0,True,250
2024-12-21,2024,12,3,11,117.4760509124169,104.7049560546875,18.037189483642575,344.9828186035156,260,0.3137386363636363,0.2836363636363636,0.288,14.511363636363637,264,32.700005,35.600006,4.716202517147987,4.766939675879302,4.667835132533604,286449,145327.48175272386,16.060000000000002,15.95,11.0,18.700000000000003,0.3067494032014184,0.2725408846879718,0.2725408846879718,0.2333644281163278,0.3117173412596157,0.0391764565716439,2.0,0.5334980747558228,0.9999985325882796,0.0669976169233659,152821.5,155165.70717508288,1.0,0.0,0.0,1.0,0.0,True,251
